referencing_object                                                                                                               object_type                                                  referenced_entity
-------------------------------------------------------------------------------------------------------------------------------- ------------------------------------------------------------ --------------------------------------------------------------------------------------------------------------------------------
CreateNewActiveSubscription                                                                                                      SQL_STORED_PROCEDURE                                         ActiveSubscriptions
DeleteActiveSubscription                                                                                                         SQL_STORED_PROCEDURE                                         ActiveSubscriptions
GetSubscription                                                                                                                  SQL_STORED_PROCEDURE                                         ActiveSubscriptions
ListSubscriptionsUsingDataSource                                                                                                 SQL_STORED_PROCEDURE                                         ActiveSubscriptions
UpdateActiveSubscription                                                                                                         SQL_STORED_PROCEDURE                                         ActiveSubscriptions
CreateTimeBasedSubscriptionSchedule                                                                                              SQL_STORED_PROCEDURE                                         AddReportSchedule
AddAlertSubscription                                                                                                             SQL_STORED_PROCEDURE                                         AlertSubscribers
DeleteAlertSubscription                                                                                                          SQL_STORED_PROCEDURE                                         AlertSubscribers
GetAlertSubscribers                                                                                                              SQL_STORED_PROCEDURE                                         AlertSubscribers
GetAlertSubscriptionID                                                                                                           SQL_STORED_PROCEDURE                                         AlertSubscribers
AddBatchRecord                                                                                                                   SQL_STORED_PROCEDURE                                         Batch
CleanBatchRecords                                                                                                                SQL_STORED_PROCEDURE                                         Batch
DeleteBatchRecords                                                                                                               SQL_STORED_PROCEDURE                                         Batch
GetBatchRecords                                                                                                                  SQL_STORED_PROCEDURE                                         Batch
AddReportToCache                                                                                                                 SQL_STORED_PROCEDURE                                         CachePolicy
GetCacheOptions                                                                                                                  SQL_STORED_PROCEDURE                                         CachePolicy
GetDataSetForExecution                                                                                                           SQL_STORED_PROCEDURE                                         CachePolicy
GetReportForExecution                                                                                                            SQL_STORED_PROCEDURE                                         CachePolicy
SetCacheOptions                                                                                                                  SQL_STORED_PROCEDURE                                         CachePolicy
SetExecutionOptions                                                                                                              SQL_STORED_PROCEDURE                                         CachePolicy
AddDataSet                                                                                                                       SQL_STORED_PROCEDURE                                         Catalog
AddDataSource                                                                                                                    SQL_STORED_PROCEDURE                                         Catalog
AddExecutionLogEntry                                                                                                             SQL_STORED_PROCEDURE                                         Catalog
CleanAllHistories                                                                                                                SQL_STORED_PROCEDURE                                         Catalog
CleanOrphanedPolicies                                                                                                            SQL_STORED_PROCEDURE                                         Catalog
CreateCacheUpdateNotifications                                                                                                   SQL_STORED_PROCEDURE                                         Catalog
CreateObject                                                                                                                     SQL_STORED_PROCEDURE                                         Catalog
CreateObject                                                                                                                     SQL_STORED_PROCEDURE                                         Catalog
CreateRdlChunk                                                                                                                   SQL_STORED_PROCEDURE                                         Catalog
CreateSubscription                                                                                                               SQL_STORED_PROCEDURE                                         Catalog
CreateTimeBasedSubscriptionSchedule                                                                                              SQL_STORED_PROCEDURE                                         Catalog
DeleteAllHistoryForReport                                                                                                        SQL_STORED_PROCEDURE                                         Catalog
DeleteAllModelItemPolicies                                                                                                       SQL_STORED_PROCEDURE                                         Catalog
DeleteComment                                                                                                                    SQL_STORED_PROCEDURE                                         Catalog
DeleteEncryptedContent                                                                                                           SQL_STORED_PROCEDURE                                         Catalog
DeleteHistoriesWithNoPolicy                                                                                                      SQL_STORED_PROCEDURE                                         Catalog
DeleteObject                                                                                                                     SQL_STORED_PROCEDURE                                         Catalog
DeletePolicy                                                                                                                     SQL_STORED_PROCEDURE                                         Catalog
ExecutionLog2                                                                                                                    VIEW                                                         Catalog
ExecutionLog3                                                                                                                    VIEW                                                         Catalog
ExtendedCatalog                                                                                                                  SQL_INLINE_TABLE_VALUED_FUNCTION                             Catalog
FindFavoriteableItemsNonRecursive                                                                                                SQL_STORED_PROCEDURE                                         Catalog
FindFavoriteableItemsNonRecursive                                                                                                SQL_STORED_PROCEDURE                                         Catalog
FindFavoriteableItemsRecursive                                                                                                   SQL_STORED_PROCEDURE                                         Catalog
FindFavoriteableItemsRecursive                                                                                                   SQL_STORED_PROCEDURE                                         Catalog
FindItemsByDataSet                                                                                                               SQL_STORED_PROCEDURE                                         Catalog
FindItemsByDataSource                                                                                                            SQL_STORED_PROCEDURE                                         Catalog
FindItemsByDataSourceRecursive                                                                                                   SQL_STORED_PROCEDURE                                         Catalog
FindItemsToUpdateByDataSet                                                                                                       SQL_STORED_PROCEDURE                                         Catalog
FindObjectsByLink                                                                                                                SQL_STORED_PROCEDURE                                         Catalog
FindObjectsNonRecursive                                                                                                          SQL_STORED_PROCEDURE                                         Catalog
FindObjectsRecursive                                                                                                             SQL_STORED_PROCEDURE                                         Catalog
FindParents                                                                                                                      SQL_STORED_PROCEDURE                                         Catalog
FlushContentCache                                                                                                                SQL_STORED_PROCEDURE                                         Catalog
FlushReportFromCache                                                                                                             SQL_STORED_PROCEDURE                                         Catalog
GetAllFavoriteItems                                                                                                              SQL_STORED_PROCEDURE                                         Catalog
GetAllFavoriteItems                                                                                                              SQL_STORED_PROCEDURE                                         Catalog
GetAllProperties                                                                                                                 SQL_STORED_PROCEDURE                                         Catalog
GetAReportsReportAction                                                                                                          SQL_STORED_PROCEDURE                                         Catalog
GetCacheOptions                                                                                                                  SQL_STORED_PROCEDURE                                         Catalog
GetCatalogContentData                                                                                                            SQL_STORED_PROCEDURE                                         Catalog
GetCatalogItemProperties                                                                                                         SQL_STORED_PROCEDURE                                         Catalog
GetChildrenBeforeDelete                                                                                                          SQL_STORED_PROCEDURE                                         Catalog
GetCommentByCommentID                                                                                                            SQL_STORED_PROCEDURE                                         Catalog
GetCommentsByItemID                                                                                                              SQL_STORED_PROCEDURE                                         Catalog
GetCompiledDefinition                                                                                                            SQL_STORED_PROCEDURE                                         Catalog
GetDataSetForExecution                                                                                                           SQL_STORED_PROCEDURE                                         Catalog
GetDataSets                                                                                                                      SQL_STORED_PROCEDURE                                         Catalog
GetDataSources                                                                                                                   SQL_STORED_PROCEDURE                                         Catalog
GetDrillthroughReport                                                                                                            SQL_STORED_PROCEDURE                                         Catalog
GetDrillthroughReports                                                                                                           SQL_STORED_PROCEDURE                                         Catalog
GetExecutionOptions                                                                                                              SQL_STORED_PROCEDURE                                         Catalog
GetIDPairsByLink                                                                                                                 SQL_STORED_PROCEDURE                                         Catalog
GetInvalidPolicies                                                                                                               SQL_STORED_PROCEDURE                                         Catalog
GetModelDefinition                                                                                                               SQL_STORED_PROCEDURE                                         Catalog
GetModelItemInfo                                                                                                                 SQL_STORED_PROCEDURE                                         Catalog
GetModelPerspectives                                                                                                             SQL_STORED_PROCEDURE                                         Catalog
GetModelsAndPerspectives                                                                                                         SQL_STORED_PROCEDURE                                         Catalog
GetNameById                                                                                                                      SQL_STORED_PROCEDURE                                         Catalog
GetObjectContent                                                                                                                 SQL_STORED_PROCEDURE                                         Catalog
GetParameters                                                                                                                    SQL_STORED_PROCEDURE                                         Catalog
GetPoliciesForRole                                                                                                               SQL_STORED_PROCEDURE                                         Catalog
GetPolicy                                                                                                                        SQL_STORED_PROCEDURE                                         Catalog
GetPolicyByItemId                                                                                                                SQL_STORED_PROCEDURE                                         Catalog
GetPolicyRoots                                                                                                                   SQL_STORED_PROCEDURE                                         Catalog
GetReportForExecution                                                                                                            SQL_STORED_PROCEDURE                                         Catalog
GetReportParametersForExecution                                                                                                  SQL_STORED_PROCEDURE                                         Catalog
GetSchedulesReports                                                                                                              SQL_STORED_PROCEDURE                                         Catalog
GetSharePointPathsForUpgrade                                                                                                     SQL_STORED_PROCEDURE                                         Catalog
GetSnapshotFromHistory                                                                                                           SQL_STORED_PROCEDURE                                         Catalog
GetSubscription                                                                                                                  SQL_STORED_PROCEDURE                                         Catalog
GetTimeBasedSubscriptionReportAction                                                                                             SQL_STORED_PROCEDURE                                         Catalog
InitializeCatalogContentWrite                                                                                                    SQL_STORED_PROCEDURE                                         Catalog
InitializeCatalogContentWrite                                                                                                    SQL_STORED_PROCEDURE                                         Catalog
InsertComment                                                                                                                    SQL_STORED_PROCEDURE                                         Catalog
ListScheduledReports                                                                                                             SQL_STORED_PROCEDURE                                         Catalog
ListSubscriptionsUsingDataSource                                                                                                 SQL_STORED_PROCEDURE                                         Catalog
LoadForDefinitionCheck                                                                                                           SQL_STORED_PROCEDURE                                         Catalog
LoadForRepublishing                                                                                                              SQL_STORED_PROCEDURE                                         Catalog
MoveObject                                                                                                                       SQL_STORED_PROCEDURE                                         Catalog
new01_sp_HelpSSRSReport                                                                                                          SQL_STORED_PROCEDURE                                         Catalog
SetAllProperties                                                                                                                 SQL_STORED_PROCEDURE                                         Catalog
SetCacheOptions                                                                                                                  SQL_STORED_PROCEDURE                                         Catalog
SetExecutionOptions                                                                                                              SQL_STORED_PROCEDURE                                         Catalog
SetHistoryLimit                                                                                                                  SQL_STORED_PROCEDURE                                         Catalog
SetLastModified                                                                                                                  SQL_STORED_PROCEDURE                                         Catalog
SetObjectContent                                                                                                                 SQL_STORED_PROCEDURE                                         Catalog
SetParameters                                                                                                                    SQL_STORED_PROCEDURE                                         Catalog
SetPolicy                                                                                                                        SQL_STORED_PROCEDURE                                         Catalog
SetRolePropertiesAndInvalidatePolicies                                                                                           SQL_STORED_PROCEDURE                                         Catalog
UpdateCatalogContentSize                                                                                                         SQL_STORED_PROCEDURE                                         Catalog
UpdateCompiledDefinition                                                                                                         SQL_STORED_PROCEDURE                                         Catalog
UpdateSnapshot                                                                                                                   SQL_STORED_PROCEDURE                                         Catalog
UpdateSnapshotReferences                                                                                                         SQL_STORED_PROCEDURE                                         Catalog
UpgradeSharePointPaths                                                                                                           SQL_STORED_PROCEDURE                                         Catalog
WriteCatalogContentChunk                                                                                                         SQL_STORED_PROCEDURE                                         Catalog
DeleteCatalogExtendedContent                                                                                                     SQL_STORED_PROCEDURE                                         CatalogItemExtendedContent
DeleteObject                                                                                                                     SQL_STORED_PROCEDURE                                         CatalogItemExtendedContent
FinalizeTempCatalogExtendedContentWrite                                                                                          SQL_STORED_PROCEDURE                                         CatalogItemExtendedContent
GetCatalogExtendedContentData                                                                                                    SQL_STORED_PROCEDURE                                         CatalogItemExtendedContent
GetCatalogExtendedContentLastUpdate                                                                                              SQL_STORED_PROCEDURE                                         CatalogItemExtendedContent
InitializeCatalogExtendedContentWrite                                                                                            SQL_STORED_PROCEDURE                                         CatalogItemExtendedContent
IsCatalogExtendedContentAvailable                                                                                                SQL_STORED_PROCEDURE                                         CatalogItemExtendedContent
WriteCatalogExtendedContentChunk                                                                                                 SQL_STORED_PROCEDURE                                         CatalogItemExtendedContent
WriteCatalogExtendedContentChunkById                                                                                             SQL_STORED_PROCEDURE                                         CatalogItemExtendedContent
GetSessionData                                                                                                                   SQL_STORED_PROCEDURE                                         CheckSessionLock
CleanBrokenSnapshots                                                                                                             SQL_STORED_PROCEDURE                                         ChunkData
CleanBrokenSnapshots                                                                                                             SQL_STORED_PROCEDURE                                         ChunkData
CleanOrphanedSnapshots                                                                                                           SQL_STORED_PROCEDURE                                         ChunkData
CleanOrphanedSnapshots                                                                                                           SQL_STORED_PROCEDURE                                         ChunkData
CopyChunks                                                                                                                       SQL_STORED_PROCEDURE                                         ChunkData
CopyChunks                                                                                                                       SQL_STORED_PROCEDURE                                         ChunkData
CopyChunksOfType                                                                                                                 SQL_STORED_PROCEDURE                                         ChunkData
CopyChunksOfType                                                                                                                 SQL_STORED_PROCEDURE                                         ChunkData
CreateChunkAndGetPointer                                                                                                         SQL_STORED_PROCEDURE                                         ChunkData
CreateChunkAndGetPointer                                                                                                         SQL_STORED_PROCEDURE                                         ChunkData
CreateSegmentedChunk                                                                                                             SQL_STORED_PROCEDURE                                         ChunkData
CreateSegmentedChunk                                                                                                             SQL_STORED_PROCEDURE                                         ChunkData
DeleteOneChunk                                                                                                                   SQL_STORED_PROCEDURE                                         ChunkData
DeleteOneChunk                                                                                                                   SQL_STORED_PROCEDURE                                         ChunkData
DeleteSnapshotAndChunks                                                                                                          SQL_STORED_PROCEDURE                                         ChunkData
DeleteSnapshotAndChunks                                                                                                          SQL_STORED_PROCEDURE                                         ChunkData
GetChunkInformation                                                                                                              SQL_STORED_PROCEDURE                                         ChunkData
GetChunkInformation                                                                                                              SQL_STORED_PROCEDURE                                         ChunkData
GetChunkPointerAndLength                                                                                                         SQL_STORED_PROCEDURE                                         ChunkData
GetChunkPointerAndLength                                                                                                         SQL_STORED_PROCEDURE                                         ChunkData
GetSnapshotChunks                                                                                                                SQL_STORED_PROCEDURE                                         ChunkData
GetSnapshotChunks                                                                                                                SQL_STORED_PROCEDURE                                         ChunkData
IsSegmentedChunk                                                                                                                 SQL_STORED_PROCEDURE                                         ChunkData
IsSegmentedChunk                                                                                                                 SQL_STORED_PROCEDURE                                         ChunkData
ListHistory                                                                                                                      SQL_STORED_PROCEDURE                                         ChunkData
ListHistorySnapshots                                                                                                             SQL_STORED_PROCEDURE                                         ChunkData
LockSnapshotForUpgrade                                                                                                           SQL_STORED_PROCEDURE                                         ChunkData
LockSnapshotForUpgrade                                                                                                           SQL_STORED_PROCEDURE                                         ChunkData
ReadChunkPortion                                                                                                                 SQL_STORED_PROCEDURE                                         ChunkData
ReadChunkPortion                                                                                                                 SQL_STORED_PROCEDURE                                         ChunkData
SetSnapshotChunksVersion                                                                                                         SQL_STORED_PROCEDURE                                         ChunkData
SetSnapshotChunksVersion                                                                                                         SQL_STORED_PROCEDURE                                         ChunkData
WriteChunkPortion                                                                                                                SQL_STORED_PROCEDURE                                         ChunkData
WriteChunkPortion                                                                                                                SQL_STORED_PROCEDURE                                         ChunkData
CleanOrphanedSnapshots                                                                                                           SQL_STORED_PROCEDURE                                         ChunkSegmentMapping
CleanOrphanedSnapshots                                                                                                           SQL_STORED_PROCEDURE                                         ChunkSegmentMapping
CopyChunksOfType                                                                                                                 SQL_STORED_PROCEDURE                                         ChunkSegmentMapping
CopyChunksOfType                                                                                                                 SQL_STORED_PROCEDURE                                         ChunkSegmentMapping
CreateChunkSegment                                                                                                               SQL_STORED_PROCEDURE                                         ChunkSegmentMapping
CreateChunkSegment                                                                                                               SQL_STORED_PROCEDURE                                         ChunkSegmentMapping
DeepCopySegment                                                                                                                  SQL_STORED_PROCEDURE                                         ChunkSegmentMapping
DeepCopySegment                                                                                                                  SQL_STORED_PROCEDURE                                         ChunkSegmentMapping
ListHistory                                                                                                                      SQL_STORED_PROCEDURE                                         ChunkSegmentMapping
ListHistorySnapshots                                                                                                             SQL_STORED_PROCEDURE                                         ChunkSegmentMapping
OpenSegmentedChunk                                                                                                               SQL_STORED_PROCEDURE                                         ChunkSegmentMapping
OpenSegmentedChunk                                                                                                               SQL_STORED_PROCEDURE                                         ChunkSegmentMapping
Positive_ActualByteCount                                                                                                         CHECK_CONSTRAINT                                             ChunkSegmentMapping
Positive_LogicalByteCount                                                                                                        CHECK_CONSTRAINT                                             ChunkSegmentMapping
Positive_StartByte                                                                                                               CHECK_CONSTRAINT                                             ChunkSegmentMapping
ReadChunkSegment                                                                                                                 SQL_STORED_PROCEDURE                                         ChunkSegmentMapping
ReadChunkSegment                                                                                                                 SQL_STORED_PROCEDURE                                         ChunkSegmentMapping
RemoveSegment                                                                                                                    SQL_STORED_PROCEDURE                                         ChunkSegmentMapping
RemoveSegment                                                                                                                    SQL_STORED_PROCEDURE                                         ChunkSegmentMapping
RemoveSegmentedMapping                                                                                                           SQL_STORED_PROCEDURE                                         ChunkSegmentMapping
RemoveSegmentedMapping                                                                                                           SQL_STORED_PROCEDURE                                         ChunkSegmentMapping
ShallowCopyChunk                                                                                                                 SQL_STORED_PROCEDURE                                         ChunkSegmentMapping
ShallowCopyChunk                                                                                                                 SQL_STORED_PROCEDURE                                         ChunkSegmentMapping
WriteChunkSegment                                                                                                                SQL_STORED_PROCEDURE                                         ChunkSegmentMapping
WriteChunkSegment                                                                                                                SQL_STORED_PROCEDURE                                         ChunkSegmentMapping
DeleteObject                                                                                                                     SQL_STORED_PROCEDURE                                         CleanOrphanedPolicies
TryAcquireCleanupLock                                                                                                            SQL_STORED_PROCEDURE                                         CleanupLock
CommentBelongsToUser                                                                                                             SQL_STORED_PROCEDURE                                         Comments
DeleteComment                                                                                                                    SQL_STORED_PROCEDURE                                         Comments
GetCommentByCommentID                                                                                                            SQL_STORED_PROCEDURE                                         Comments
GetCommentsByItemID                                                                                                              SQL_STORED_PROCEDURE                                         Comments
InsertComment                                                                                                                    SQL_STORED_PROCEDURE                                         Comments
UpdateComment                                                                                                                    SQL_STORED_PROCEDURE                                         Comments
AddExecutionLogEntry                                                                                                             SQL_STORED_PROCEDURE                                         ConfigurationInfo
AddExecutionLogEntryByReportId                                                                                                   SQL_STORED_PROCEDURE                                         ConfigurationInfo
DeleteEncryptedContent                                                                                                           SQL_STORED_PROCEDURE                                         ConfigurationInfo
ExpireExecutionLogEntries                                                                                                        SQL_STORED_PROCEDURE                                         ConfigurationInfo
ExtendEditSessionLifetime                                                                                                        SQL_STORED_PROCEDURE                                         ConfigurationInfo
GetAllConfigurationInfo                                                                                                          SQL_STORED_PROCEDURE                                         ConfigurationInfo
GetOneConfigurationInfo                                                                                                          SQL_STORED_PROCEDURE                                         ConfigurationInfo
ListInfoForReencryption                                                                                                          SQL_STORED_PROCEDURE                                         ConfigurationInfo
RemoveConfigurationInfoValue                                                                                                     SQL_STORED_PROCEDURE                                         ConfigurationInfo
SetConfigurationInfo                                                                                                             SQL_STORED_PROCEDURE                                         ConfigurationInfo
SetConfigurationInfoValue                                                                                                        SQL_STORED_PROCEDURE                                         ConfigurationInfo
CleanExpiredContentCache                                                                                                         SQL_STORED_PROCEDURE                                         ContentCache
CreateOrUpdateContentCache                                                                                                       SQL_STORED_PROCEDURE                                         ContentCache
FlushContentCache                                                                                                                SQL_STORED_PROCEDURE                                         ContentCache
GetContentCache                                                                                                                  SQL_STORED_PROCEDURE                                         ContentCache
GetContentCacheDetails                                                                                                           SQL_STORED_PROCEDURE                                         ContentCache
CreateNewSnapshotVersion                                                                                                         SQL_STORED_PROCEDURE                                         CopyChunks
CreateRdlChunk                                                                                                                   SQL_STORED_PROCEDURE                                         CreateChunkSegment
CreateRdlChunk                                                                                                                   SQL_STORED_PROCEDURE                                         CreateSegmentedChunk
CreateTimeBasedSubscriptionSchedule                                                                                              SQL_STORED_PROCEDURE                                         CreateTask
AddDataModelDataSource                                                                                                           SQL_STORED_PROCEDURE                                         DataModelDataSource
DeleteDataModelDataSourceByID                                                                                                    SQL_STORED_PROCEDURE                                         DataModelDataSource
DeleteEncryptedContent                                                                                                           SQL_STORED_PROCEDURE                                         DataModelDataSource
GetDataModelDatasourceForReencryption                                                                                            SQL_STORED_PROCEDURE                                         DataModelDataSource
GetDataModelDataSourcesByItemID                                                                                                  SQL_STORED_PROCEDURE                                         DataModelDataSource
ListInfoForReencryption                                                                                                          SQL_STORED_PROCEDURE                                         DataModelDataSource
SetReencryptedDataModelDataSource                                                                                                SQL_STORED_PROCEDURE                                         DataModelDataSource
UpdateDataModelDataSourceByID                                                                                                    SQL_STORED_PROCEDURE                                         DataModelDataSource
AddDataModelRole                                                                                                                 SQL_STORED_PROCEDURE                                         DataModelRole
DeleteDataModelRoleByID                                                                                                          SQL_STORED_PROCEDURE                                         DataModelRole
GetDataModelRoleAssignmentsByItemID                                                                                              SQL_STORED_PROCEDURE                                         DataModelRole
GetDataModelRolesByItemID                                                                                                        SQL_STORED_PROCEDURE                                         DataModelRole
UpdateDataModelRoleByID                                                                                                          SQL_STORED_PROCEDURE                                         DataModelRole
AddDataSet                                                                                                                       SQL_STORED_PROCEDURE                                         DataSets
DeleteDataSets                                                                                                                   SQL_STORED_PROCEDURE                                         DataSets
DeleteObject                                                                                                                     SQL_STORED_PROCEDURE                                         DataSets
ExtendedDataSets                                                                                                                 VIEW                                                         DataSets
FindItemsByDataSet                                                                                                               SQL_STORED_PROCEDURE                                         DataSets
FindItemsByDataSourceRecursive                                                                                                   SQL_STORED_PROCEDURE                                         DataSets
FindItemsToUpdateByDataSet                                                                                                       SQL_STORED_PROCEDURE                                         DataSets
RebindDataSet                                                                                                                    SQL_STORED_PROCEDURE                                         DataSets
AddDataSource                                                                                                                    SQL_STORED_PROCEDURE                                         DataSource
ChangeStateOfDataSource                                                                                                          SQL_STORED_PROCEDURE                                         DataSource
DeleteDataSources                                                                                                                SQL_STORED_PROCEDURE                                         DataSource
DeleteEncryptedContent                                                                                                           SQL_STORED_PROCEDURE                                         DataSource
DeleteObject                                                                                                                     SQL_STORED_PROCEDURE                                         DataSource
ExtendedDataSources                                                                                                              VIEW                                                         DataSource
FindItemsByDataSource                                                                                                            SQL_STORED_PROCEDURE                                         DataSource
FindItemsByDataSourceRecursive                                                                                                   SQL_STORED_PROCEDURE                                         DataSource
GetDataSourceForUpgrade                                                                                                          SQL_STORED_PROCEDURE                                         DataSource
GetDatasourceInfoForReencryption                                                                                                 SQL_STORED_PROCEDURE                                         DataSource
GetDataSources                                                                                                                   SQL_STORED_PROCEDURE                                         DataSource
ListInfoForReencryption                                                                                                          SQL_STORED_PROCEDURE                                         DataSource
ListSubscriptionsUsingDataSource                                                                                                 SQL_STORED_PROCEDURE                                         DataSource
RebindDataSource                                                                                                                 SQL_STORED_PROCEDURE                                         DataSource
SetReencryptedDatasourceInfo                                                                                                     SQL_STORED_PROCEDURE                                         DataSource
Subscription_delete_DataSource                                                                                                   SQL_TRIGGER                                                  DataSource
ClearSessionSnapshot                                                                                                             SQL_STORED_PROCEDURE                                         DereferenceSessionSnapshot
RemoveReportFromSession                                                                                                          SQL_STORED_PROCEDURE                                         DereferenceSessionSnapshot
SetSessionCredentials                                                                                                            SQL_STORED_PROCEDURE                                         DereferenceSessionSnapshot
SetSessionData                                                                                                                   SQL_STORED_PROCEDURE                                         DereferenceSessionSnapshot
FlushReportFromCache                                                                                                             SQL_STORED_PROCEDURE                                         EC
DeleteEncryptedContent                                                                                                           SQL_STORED_PROCEDURE                                         EncryptedConfigList
ListInfoForReencryption                                                                                                          SQL_STORED_PROCEDURE                                         EncryptedConfigList
AddReportToCache                                                                                                                 SQL_STORED_PROCEDURE                                         EnforceCacheLimits
AddEvent                                                                                                                         SQL_STORED_PROCEDURE                                         Event
CleanEventRecords                                                                                                                SQL_STORED_PROCEDURE                                         Event
CreateCacheUpdateNotifications                                                                                                   SQL_STORED_PROCEDURE                                         Event
CreateSnapShotNotifications                                                                                                      SQL_STORED_PROCEDURE                                         Event
CreateTimeBasedSubscriptionNotification                                                                                          SQL_STORED_PROCEDURE                                         Event
DeleteEvent                                                                                                                      SQL_STORED_PROCEDURE                                         Event
History_Notifications                                                                                                            SQL_TRIGGER                                                  Event
PollEventsForRSProcess                                                                                                           SQL_STORED_PROCEDURE                                         Event
TakeEventFromQueue                                                                                                               SQL_STORED_PROCEDURE                                         Event
AddReportToCache                                                                                                                 SQL_STORED_PROCEDURE                                         ExecutionCache
CleanExpiredCache                                                                                                                SQL_STORED_PROCEDURE                                         ExecutionCache
CleanExpiredEditSessions                                                                                                         SQL_STORED_PROCEDURE                                         ExecutionCache
CreateOrUpdateContentCache                                                                                                       SQL_STORED_PROCEDURE                                         ExecutionCache
DeleteObject                                                                                                                     SQL_STORED_PROCEDURE                                         ExecutionCache
EnforceCacheLimits                                                                                                               SQL_STORED_PROCEDURE                                         ExecutionCache
FlushCacheByID                                                                                                                   SQL_STORED_PROCEDURE                                         ExecutionCache
FlushReportFromCache                                                                                                             SQL_STORED_PROCEDURE                                         ExecutionCache
GetDataSetForExecution                                                                                                           SQL_STORED_PROCEDURE                                         ExecutionCache
GetReportForExecution                                                                                                            SQL_STORED_PROCEDURE                                         ExecutionCache
Schedule_UpdateExpiration                                                                                                        SQL_TRIGGER                                                  ExecutionCache
SetCacheLastUsed                                                                                                                 SQL_STORED_PROCEDURE                                         ExecutionCache
UpdateSnapshotReferences                                                                                                         SQL_STORED_PROCEDURE                                         ExecutionCache
new01_sp_HelpSSRSReport                                                                                                          SQL_STORED_PROCEDURE                                         ExecutionLog
MigrateExecutionLog                                                                                                              SQL_STORED_PROCEDURE                                         ExecutionLog_Old
AddExecutionLogEntry                                                                                                             SQL_STORED_PROCEDURE                                         ExecutionLogStorage
AddExecutionLogEntryByReportId                                                                                                   SQL_STORED_PROCEDURE                                         ExecutionLogStorage
ExecutionLog                                                                                                                     VIEW                                                         ExecutionLogStorage
ExecutionLog2                                                                                                                    VIEW                                                         ExecutionLogStorage
ExecutionLog3                                                                                                                    VIEW                                                         ExecutionLogStorage
ExpireExecutionLogEntries                                                                                                        SQL_STORED_PROCEDURE                                         ExecutionLogStorage
MigrateExecutionLog                                                                                                              SQL_STORED_PROCEDURE                                         ExecutionLogStorage
GetAllProperties                                                                                                                 SQL_STORED_PROCEDURE                                         ExtendedCatalog
GetCompiledDefinition                                                                                                            SQL_STORED_PROCEDURE                                         ExtendedCatalog
GetReportForExecution                                                                                                            SQL_STORED_PROCEDURE                                         ExtendedCatalog
GetReportParametersForExecution                                                                                                  SQL_STORED_PROCEDURE                                         ExtendedCatalog
ObjectExists                                                                                                                     SQL_STORED_PROCEDURE                                         ExtendedCatalog
GetDataSets                                                                                                                      SQL_STORED_PROCEDURE                                         ExtendedDataSets
GetDataSources                                                                                                                   SQL_STORED_PROCEDURE                                         ExtendedDataSources
AddDataSet                                                                                                                       SQL_STORED_PROCEDURE                                         ExtendEditSessionLifetime
AddDataSource                                                                                                                    SQL_STORED_PROCEDURE                                         ExtendEditSessionLifetime
SetObjectContent                                                                                                                 SQL_STORED_PROCEDURE                                         ExtendEditSessionLifetime
AddItemToFavorites                                                                                                               SQL_STORED_PROCEDURE                                         Favorites
AddItemToFavorites                                                                                                               SQL_STORED_PROCEDURE                                         Favorites
DeleteObject                                                                                                                     SQL_STORED_PROCEDURE                                         Favorites
FindFavoriteableItemsNonRecursive                                                                                                SQL_STORED_PROCEDURE                                         Favorites
FindFavoriteableItemsRecursive                                                                                                   SQL_STORED_PROCEDURE                                         Favorites
GetAllFavoriteItems                                                                                                              SQL_STORED_PROCEDURE                                         Favorites
IsFavoriteItem                                                                                                                   SQL_STORED_PROCEDURE                                         Favorites
RemoveItemFromFavorites                                                                                                          SQL_STORED_PROCEDURE                                         Favorites
SetObjectContent                                                                                                                 SQL_STORED_PROCEDURE                                         FlushCacheById
SetCacheOptions                                                                                                                  SQL_STORED_PROCEDURE                                         FlushContentCache
SetCacheOptions                                                                                                                  SQL_STORED_PROCEDURE                                         FlushReportFromCache
SetExecutionOptions                                                                                                              SQL_STORED_PROCEDURE                                         FlushReportFromCache
SetObjectContent                                                                                                                 SQL_STORED_PROCEDURE                                         FlushReportFromCache
SetParameters                                                                                                                    SQL_STORED_PROCEDURE                                         FlushReportFromCache
InsertComment                                                                                                                    SQL_STORED_PROCEDURE                                         GetCommentByCommentID
UpdatePolicyPrincipal                                                                                                            SQL_STORED_PROCEDURE                                         GetPrincipalID
AddItemToFavorites                                                                                                               SQL_STORED_PROCEDURE                                         GetUserID
AddRunningJob                                                                                                                    SQL_STORED_PROCEDURE                                         GetUserID
ClearSessionSnapshot                                                                                                             SQL_STORED_PROCEDURE                                         GetUserID
CommentBelongsToUser                                                                                                             SQL_STORED_PROCEDURE                                         GetUserID
CreateDataDrivenNotification                                                                                                     SQL_STORED_PROCEDURE                                         GetUserID
CreateEditSession                                                                                                                SQL_STORED_PROCEDURE                                         GetUserID
CreateObject                                                                                                                     SQL_STORED_PROCEDURE                                         GetUserID
CreateSession                                                                                                                    SQL_STORED_PROCEDURE                                         GetUserID
CreateSubscription                                                                                                               SQL_STORED_PROCEDURE                                         GetUserID
CreateTask                                                                                                                       SQL_STORED_PROCEDURE                                         GetUserID
DeleteObject                                                                                                                     SQL_STORED_PROCEDURE                                         GetUserID
GetAllProperties                                                                                                                 SQL_STORED_PROCEDURE                                         GetUserID
GetCompiledDefinition                                                                                                            SQL_STORED_PROCEDURE                                         GetUserID
GetReportForExecution                                                                                                            SQL_STORED_PROCEDURE                                         GetUserID
GetReportParametersForExecution                                                                                                  SQL_STORED_PROCEDURE                                         GetUserID
GetSessionData                                                                                                                   SQL_STORED_PROCEDURE                                         GetUserID
GetUserServiceToken                                                                                                              SQL_STORED_PROCEDURE                                         GetUserID
GetUserSettings                                                                                                                  SQL_STORED_PROCEDURE                                         GetUserID
InsertComment                                                                                                                    SQL_STORED_PROCEDURE                                         GetUserID
ObjectExists                                                                                                                     SQL_STORED_PROCEDURE                                         GetUserID
RemoveReportFromSession                                                                                                          SQL_STORED_PROCEDURE                                         GetUserID
SetAllProperties                                                                                                                 SQL_STORED_PROCEDURE                                         GetUserID
SetLastModified                                                                                                                  SQL_STORED_PROCEDURE                                         GetUserID
SetSessionCredentials                                                                                                            SQL_STORED_PROCEDURE                                         GetUserID
SetSessionData                                                                                                                   SQL_STORED_PROCEDURE                                         GetUserID
SetSessionParameters                                                                                                             SQL_STORED_PROCEDURE                                         GetUserID
SetUserServiceToken                                                                                                              SQL_STORED_PROCEDURE                                         GetUserID
SetUserSettings                                                                                                                  SQL_STORED_PROCEDURE                                         GetUserID
UpdateSubscription                                                                                                               SQL_STORED_PROCEDURE                                         GetUserID
GetUserID                                                                                                                        SQL_STORED_PROCEDURE                                         GetUserIDByName
GetUserID                                                                                                                        SQL_STORED_PROCEDURE                                         GetUserIDBySid
FindFavoriteableItemsNonRecursive                                                                                                SQL_STORED_PROCEDURE                                         GetUserIDWithNoCreate
FindFavoriteableItemsRecursive                                                                                                   SQL_STORED_PROCEDURE                                         GetUserIDWithNoCreate
GetAllFavoriteItems                                                                                                              SQL_STORED_PROCEDURE                                         GetUserIDWithNoCreate
IsFavoriteItem                                                                                                                   SQL_STORED_PROCEDURE                                         GetUserIDWithNoCreate
RemoveItemFromFavorites                                                                                                          SQL_STORED_PROCEDURE                                         GetUserIDWithNoCreate
AddHistoryRecord                                                                                                                 SQL_STORED_PROCEDURE                                         History
CleanAllHistories                                                                                                                SQL_STORED_PROCEDURE                                         History
CleanHistoryForReport                                                                                                            SQL_STORED_PROCEDURE                                         History
CreateSnapShotNotifications                                                                                                      SQL_STORED_PROCEDURE                                         History
DeleteAllHistoryForReport                                                                                                        SQL_STORED_PROCEDURE                                         History
DeleteHistoriesWithNoPolicy                                                                                                      SQL_STORED_PROCEDURE                                         History
DeleteHistoryRecord                                                                                                              SQL_STORED_PROCEDURE                                         History
DeleteHistoryRecordByHistoryId                                                                                                   SQL_STORED_PROCEDURE                                         History
DeleteObject                                                                                                                     SQL_STORED_PROCEDURE                                         History
GetReportParametersForExecution                                                                                                  SQL_STORED_PROCEDURE                                         History
GetSnapshotFromHistory                                                                                                           SQL_STORED_PROCEDURE                                         History
ListHistory                                                                                                                      SQL_STORED_PROCEDURE                                         History
ListHistorySnapshots                                                                                                             SQL_STORED_PROCEDURE                                         History
new01_sp_HelpSSRSReport                                                                                                          SQL_STORED_PROCEDURE                                         History
UpdateSnapshotReferences                                                                                                         SQL_STORED_PROCEDURE                                         History
AnnounceOrGetKey                                                                                                                 SQL_STORED_PROCEDURE                                         Keys
AnnounceOrGetKey                                                                                                                 SQL_STORED_PROCEDURE                                         Keys
DeleteEncryptedContent                                                                                                           SQL_STORED_PROCEDURE                                         keys
DeleteKey                                                                                                                        SQL_STORED_PROCEDURE                                         keys
GetAnnouncedKey                                                                                                                  SQL_STORED_PROCEDURE                                         Keys
ListInfoForReencryption                                                                                                          SQL_STORED_PROCEDURE                                         Keys
ListInstallations                                                                                                                SQL_STORED_PROCEDURE                                         Keys
SetKeysForInstallation                                                                                                           SQL_STORED_PROCEDURE                                         Keys
SetMachineName                                                                                                                   SQL_STORED_PROCEDURE                                         Keys
CleanExpiredSessions                                                                                                             SQL_STORED_PROCEDURE                                         l
DeleteDrillthroughReports                                                                                                        SQL_STORED_PROCEDURE                                         ModelDrill
DeleteObject                                                                                                                     SQL_STORED_PROCEDURE                                         ModelDrill
GetDrillthroughReport                                                                                                            SQL_STORED_PROCEDURE                                         ModelDrill
GetDrillthroughReports                                                                                                           SQL_STORED_PROCEDURE                                         ModelDrill
SetDrillthroughReports                                                                                                           SQL_STORED_PROCEDURE                                         ModelDrill
CleanOrphanedPolicies                                                                                                            SQL_STORED_PROCEDURE                                         ModelItemPolicy
DeleteAllModelItemPolicies                                                                                                       SQL_STORED_PROCEDURE                                         ModelItemPolicy
DeleteModelItemPolicy                                                                                                            SQL_STORED_PROCEDURE                                         ModelItemPolicy
DeleteObject                                                                                                                     SQL_STORED_PROCEDURE                                         ModelItemPolicy
GetDataSources                                                                                                                   SQL_STORED_PROCEDURE                                         ModelItemPolicy
GetInvalidPolicies                                                                                                               SQL_STORED_PROCEDURE                                         ModelItemPolicy
GetModelItemInfo                                                                                                                 SQL_STORED_PROCEDURE                                         ModelItemPolicy
GetPoliciesForRole                                                                                                               SQL_STORED_PROCEDURE                                         ModelItemPolicy
SetModelItemPolicy                                                                                                               SQL_STORED_PROCEDURE                                         ModelItemPolicy
AddModelPerspective                                                                                                              SQL_STORED_PROCEDURE                                         ModelPerspective
DeleteModelPerspectives                                                                                                          SQL_STORED_PROCEDURE                                         ModelPerspective
GetModelPerspectives                                                                                                             SQL_STORED_PROCEDURE                                         ModelPerspective
GetModelsAndPerspectives                                                                                                         SQL_STORED_PROCEDURE                                         ModelPerspective
CleanNotificationRecords                                                                                                         SQL_STORED_PROCEDURE                                         Notifications
CreateCacheUpdateNotifications                                                                                                   SQL_STORED_PROCEDURE                                         Notifications
CreateDataDrivenNotification                                                                                                     SQL_STORED_PROCEDURE                                         Notifications
CreateSnapShotNotifications                                                                                                      SQL_STORED_PROCEDURE                                         Notifications
CreateTimeBasedSubscriptionNotification                                                                                          SQL_STORED_PROCEDURE                                         Notifications
DeleteNotification                                                                                                               SQL_STORED_PROCEDURE                                         Notifications
SetNotificationAttempt                                                                                                           SQL_STORED_PROCEDURE                                         Notifications
AddPersistedStream                                                                                                               SQL_STORED_PROCEDURE                                         PersistedStream
CleanExpiredSessions                                                                                                             SQL_STORED_PROCEDURE                                         PersistedStream
CreateSession                                                                                                                    SQL_STORED_PROCEDURE                                         PersistedStream
DeleteExpiredPersistedStreams                                                                                                    SQL_STORED_PROCEDURE                                         PersistedStream
DeletePersistedStream                                                                                                            SQL_STORED_PROCEDURE                                         PersistedStream
DeletePersistedStreams                                                                                                           SQL_STORED_PROCEDURE                                         PersistedStream
GetFirstPortionPersistedStream                                                                                                   SQL_STORED_PROCEDURE                                         PersistedStream
GetNextPortionPersistedStream                                                                                                    SQL_STORED_PROCEDURE                                         PersistedStream
LockPersistedStream                                                                                                              SQL_STORED_PROCEDURE                                         PersistedStream
RemoveReportFromSession                                                                                                          SQL_STORED_PROCEDURE                                         PersistedStream
SetPersistedStreamError                                                                                                          SQL_STORED_PROCEDURE                                         PersistedStream
SetSessionData                                                                                                                   SQL_STORED_PROCEDURE                                         PersistedStream
WriteFirstPortionPersistedStream                                                                                                 SQL_STORED_PROCEDURE                                         PersistedStream
WriteNextPortionPersistedStream                                                                                                  SQL_STORED_PROCEDURE                                         PersistedStream
CleanOrphanedPolicies                                                                                                            SQL_STORED_PROCEDURE                                         Policies
DeleteAllModelItemPolicies                                                                                                       SQL_STORED_PROCEDURE                                         Policies
DeleteModelItemPolicy                                                                                                            SQL_STORED_PROCEDURE                                         Policies
DeletePolicy                                                                                                                     SQL_STORED_PROCEDURE                                         Policies
GetInvalidPolicies                                                                                                               SQL_STORED_PROCEDURE                                         Policies
GetPoliciesForRole                                                                                                               SQL_STORED_PROCEDURE                                         Policies
GetPolicy                                                                                                                        SQL_STORED_PROCEDURE                                         Policies
GetPolicyByItemId                                                                                                                SQL_STORED_PROCEDURE                                         Policies
GetSystemPolicy                                                                                                                  SQL_STORED_PROCEDURE                                         Policies
new01_sp_HelpSSRSReport                                                                                                          SQL_STORED_PROCEDURE                                         Policies
SetModelItemPolicy                                                                                                               SQL_STORED_PROCEDURE                                         Policies
SetPolicy                                                                                                                        SQL_STORED_PROCEDURE                                         Policies
SetSystemPolicy                                                                                                                  SQL_STORED_PROCEDURE                                         Policies
GetInvalidPolicies                                                                                                               SQL_STORED_PROCEDURE                                         PolicyUserRole
GetPoliciesForRole                                                                                                               SQL_STORED_PROCEDURE                                         PolicyUserRole
new01_sp_HelpSSRSReport                                                                                                          SQL_STORED_PROCEDURE                                         PolicyUserRole
SetModelItemPolicy                                                                                                               SQL_STORED_PROCEDURE                                         PolicyUserRole
SetPolicy                                                                                                                        SQL_STORED_PROCEDURE                                         PolicyUserRole
SetRolePropertiesAndInvalidatePolicies                                                                                           SQL_STORED_PROCEDURE                                         PolicyUserRole
SetSystemPolicy                                                                                                                  SQL_STORED_PROCEDURE                                         PolicyUserRole
UpdatePolicyPrincipal                                                                                                            SQL_STORED_PROCEDURE                                         PolicyUserRole
UpdatePolicyRole                                                                                                                 SQL_STORED_PROCEDURE                                         PolicyUserRole
AddProductInfo                                                                                                                   SQL_STORED_PROCEDURE                                         ProductInfoHistory
GetCurrentProductInfo                                                                                                            SQL_STORED_PROCEDURE                                         ProductInfoHistory
CleanExpiredSessions                                                                                                             SQL_STORED_PROCEDURE                                         ps
DeleteSubscription                                                                                                               SQL_STORED_PROCEDURE                                         RemoveSubscriptionFromBeingDeleted
AddReportSchedule                                                                                                                SQL_STORED_PROCEDURE                                         ReportSchedule
AddReportToCache                                                                                                                 SQL_STORED_PROCEDURE                                         ReportSchedule
DeleteReportSchedule                                                                                                             SQL_STORED_PROCEDURE                                         ReportSchedule
DeleteTimeBasedSubscriptionSchedule                                                                                              SQL_STORED_PROCEDURE                                         ReportSchedule
FindItemsToUpdateByDataSet                                                                                                       SQL_STORED_PROCEDURE                                         ReportSchedule
GetAReportsReportAction                                                                                                          SQL_STORED_PROCEDURE                                         ReportSchedule
GetCacheOptions                                                                                                                  SQL_STORED_PROCEDURE                                         reportschedule
GetCacheSchedule                                                                                                                 SQL_STORED_PROCEDURE                                         ReportSchedule
GetExecutionOptions                                                                                                              SQL_STORED_PROCEDURE                                         ReportSchedule
GetReportForExecution                                                                                                            SQL_STORED_PROCEDURE                                         ReportSchedule
GetSchedulesReports                                                                                                              SQL_STORED_PROCEDURE                                         ReportSchedule
GetSnapShotSchedule                                                                                                              SQL_STORED_PROCEDURE                                         ReportSchedule
GetTimeBasedSubscriptionReportAction                                                                                             SQL_STORED_PROCEDURE                                         ReportSchedule
GetTimeBasedSubscriptionSchedule                                                                                                 SQL_STORED_PROCEDURE                                         ReportSchedule
ListScheduledReports                                                                                                             SQL_STORED_PROCEDURE                                         ReportSchedule
ListTasks                                                                                                                        SQL_STORED_PROCEDURE                                         ReportSchedule
new01_sp_HelpSSRSReport                                                                                                          SQL_STORED_PROCEDURE                                         ReportSchedule
ReportSchedule_Schedule                                                                                                          SQL_TRIGGER                                                  ReportSchedule
Schedule_UpdateExpiration                                                                                                        SQL_TRIGGER                                                  ReportSchedule
Subscription_delete_Schedule                                                                                                     SQL_TRIGGER                                                  ReportSchedule
CreateRole                                                                                                                       SQL_STORED_PROCEDURE                                         Roles
DeleteRole                                                                                                                       SQL_STORED_PROCEDURE                                         Roles
GetInvalidPolicies                                                                                                               SQL_STORED_PROCEDURE                                         Roles
GetPoliciesForRole                                                                                                               SQL_STORED_PROCEDURE                                         Roles
GetRoles                                                                                                                         SQL_STORED_PROCEDURE                                         Roles
new01_sp_HelpSSRSReport                                                                                                          SQL_STORED_PROCEDURE                                         Roles
ReadRoleProperties                                                                                                               SQL_STORED_PROCEDURE                                         Roles
SetRoleProperties                                                                                                                SQL_STORED_PROCEDURE                                         Roles
SetRolePropertiesAndInvalidatePolicies                                                                                           SQL_STORED_PROCEDURE                                         Roles
SetRolePropertiesAndInvalidatePolicies                                                                                           SQL_STORED_PROCEDURE                                         Roles
UpdatePolicyPrincipal                                                                                                            SQL_STORED_PROCEDURE                                         Roles
UpdatePolicyRole                                                                                                                 SQL_STORED_PROCEDURE                                         Roles
AddRunningJob                                                                                                                    SQL_STORED_PROCEDURE                                         RunningJobs
CleanExpiredJobs                                                                                                                 SQL_STORED_PROCEDURE                                         RunningJobs
GetMyRunningJobs                                                                                                                 SQL_STORED_PROCEDURE                                         RunningJobs
ListRunningJobs                                                                                                                  SQL_STORED_PROCEDURE                                         RunningJobs
RemoveRunningJob                                                                                                                 SQL_STORED_PROCEDURE                                         RunningJobs
UpdateRunningJob                                                                                                                 SQL_STORED_PROCEDURE                                         RunningJobs
CleanExpiredSessions                                                                                                             SQL_STORED_PROCEDURE                                         s
AddReportSchedule                                                                                                                SQL_STORED_PROCEDURE                                         Schedule
AddReportToCache                                                                                                                 SQL_STORED_PROCEDURE                                         Schedule
ClearScheduleConsistancyFlags                                                                                                    SQL_STORED_PROCEDURE                                         Schedule
CreateTask                                                                                                                       SQL_STORED_PROCEDURE                                         Schedule
DeleteTask                                                                                                                       SQL_STORED_PROCEDURE                                         Schedule
GetCacheOptions                                                                                                                  SQL_STORED_PROCEDURE                                         Schedule
GetCacheSchedule                                                                                                                 SQL_STORED_PROCEDURE                                         Schedule
GetExecutionOptions                                                                                                              SQL_STORED_PROCEDURE                                         Schedule
GetReportForExecution                                                                                                            SQL_STORED_PROCEDURE                                         Schedule
GetSharePointSchedulePathsForUpgrade                                                                                             SQL_STORED_PROCEDURE                                         Schedule
GetSnapShotSchedule                                                                                                              SQL_STORED_PROCEDURE                                         Schedule
GetTaskProperties                                                                                                                SQL_STORED_PROCEDURE                                         Schedule
GetTimeBasedSubscriptionSchedule                                                                                                 SQL_STORED_PROCEDURE                                         Schedule
ListScheduledReports                                                                                                             SQL_STORED_PROCEDURE                                         Schedule
ListTasks                                                                                                                        SQL_STORED_PROCEDURE                                         Schedule
ListTasksForMaintenance                                                                                                          SQL_STORED_PROCEDURE                                         Schedule
new01_sp_HelpSSRSReport                                                                                                          SQL_STORED_PROCEDURE                                         Schedule
ReportSchedule_Schedule                                                                                                          SQL_TRIGGER                                                  Schedule
UpdateScheduleNextRunTime                                                                                                        SQL_STORED_PROCEDURE                                         Schedule
UpdateTask                                                                                                                       SQL_STORED_PROCEDURE                                         Schedule
UpgradeSharePointSchedulePaths                                                                                                   SQL_STORED_PROCEDURE                                         Schedule
AddDataSet                                                                                                                       SQL_STORED_PROCEDURE                                         SecData
AddDataSource                                                                                                                    SQL_STORED_PROCEDURE                                         SecData
FindFavoriteableItemsNonRecursive                                                                                                SQL_STORED_PROCEDURE                                         SecData
FindFavoriteableItemsRecursive                                                                                                   SQL_STORED_PROCEDURE                                         SecData
FindItemsByDataSet                                                                                                               SQL_STORED_PROCEDURE                                         SecData
FindItemsByDataSource                                                                                                            SQL_STORED_PROCEDURE                                         SecData
FindItemsByDataSourceRecursive                                                                                                   SQL_STORED_PROCEDURE                                         SecData
FindObjectsByLink                                                                                                                SQL_STORED_PROCEDURE                                         SecData
FindObjectsNonRecursive                                                                                                          SQL_STORED_PROCEDURE                                         SecData
FindObjectsRecursive                                                                                                             SQL_STORED_PROCEDURE                                         SecData
FindParents                                                                                                                      SQL_STORED_PROCEDURE                                         SecData
GetAllFavoriteItems                                                                                                              SQL_STORED_PROCEDURE                                         SecData
GetAllProperties                                                                                                                 SQL_STORED_PROCEDURE                                         SecData
GetChildrenBeforeDelete                                                                                                          SQL_STORED_PROCEDURE                                         SecData
GetCompiledDefinition                                                                                                            SQL_STORED_PROCEDURE                                         SecData
GetDataSets                                                                                                                      SQL_STORED_PROCEDURE                                         SecData
GetDataSources                                                                                                                   SQL_STORED_PROCEDURE                                         SecData
GetInvalidPolicies                                                                                                               SQL_STORED_PROCEDURE                                         SecData
GetModelItemInfo                                                                                                                 SQL_STORED_PROCEDURE                                         SecData
GetModelPerspectives                                                                                                             SQL_STORED_PROCEDURE                                         SecData
GetModelsAndPerspectives                                                                                                         SQL_STORED_PROCEDURE                                         SecData
GetObjectContent                                                                                                                 SQL_STORED_PROCEDURE                                         SecData
GetParameters                                                                                                                    SQL_STORED_PROCEDURE                                         SecData
GetPoliciesForRole                                                                                                               SQL_STORED_PROCEDURE                                         SecData
GetPolicy                                                                                                                        SQL_STORED_PROCEDURE                                         SecData
GetPolicyByItemId                                                                                                                SQL_STORED_PROCEDURE                                         SecData
GetReportForExecution                                                                                                            SQL_STORED_PROCEDURE                                         SecData
GetReportParametersForExecution                                                                                                  SQL_STORED_PROCEDURE                                         SecData
GetSnapshotFromHistory                                                                                                           SQL_STORED_PROCEDURE                                         SecData
GetSubscription                                                                                                                  SQL_STORED_PROCEDURE                                         SecData
GetSystemPolicy                                                                                                                  SQL_STORED_PROCEDURE                                         SecData
ListScheduledReports                                                                                                             SQL_STORED_PROCEDURE                                         SecData
ListSubscriptionsUsingDataSource                                                                                                 SQL_STORED_PROCEDURE                                         SecData
LoadForDefinitionCheck                                                                                                           SQL_STORED_PROCEDURE                                         SecData
ObjectExists                                                                                                                     SQL_STORED_PROCEDURE                                         SecData
SetModelItemPolicy                                                                                                               SQL_STORED_PROCEDURE                                         SecData
SetPolicy                                                                                                                        SQL_STORED_PROCEDURE                                         SecData
SetRolePropertiesAndInvalidatePolicies                                                                                           SQL_STORED_PROCEDURE                                         SecData
SetSystemPolicy                                                                                                                  SQL_STORED_PROCEDURE                                         SecData
UpdatePolicy                                                                                                                     SQL_STORED_PROCEDURE                                         SecData
UpdatePolicyStatus                                                                                                               SQL_STORED_PROCEDURE                                         SecData
CleanOrphanedSnapshots                                                                                                           SQL_STORED_PROCEDURE                                         Segment
CleanOrphanedSnapshots                                                                                                           SQL_STORED_PROCEDURE                                         Segment
CopyChunksOfType                                                                                                                 SQL_STORED_PROCEDURE                                         Segment
CopyChunksOfType                                                                                                                 SQL_STORED_PROCEDURE                                         Segment
CreateChunkSegment                                                                                                               SQL_STORED_PROCEDURE                                         Segment
CreateChunkSegment                                                                                                               SQL_STORED_PROCEDURE                                         Segment
DeepCopySegment                                                                                                                  SQL_STORED_PROCEDURE                                         Segment
DeepCopySegment                                                                                                                  SQL_STORED_PROCEDURE                                         Segment
ListHistory                                                                                                                      SQL_STORED_PROCEDURE                                         Segment
ListHistorySnapshots                                                                                                             SQL_STORED_PROCEDURE                                         Segment
ReadChunkSegment                                                                                                                 SQL_STORED_PROCEDURE                                         Segment
ReadChunkSegment                                                                                                                 SQL_STORED_PROCEDURE                                         Segment
RemoveSegment                                                                                                                    SQL_STORED_PROCEDURE                                         Segment
RemoveSegment                                                                                                                    SQL_STORED_PROCEDURE                                         Segment
WriteChunkSegment                                                                                                                SQL_STORED_PROCEDURE                                         Segment
WriteChunkSegment                                                                                                                SQL_STORED_PROCEDURE                                         Segment
CleanOrphanedSnapshots                                                                                                           SQL_STORED_PROCEDURE                                         SegmentedChunk
CleanOrphanedSnapshots                                                                                                           SQL_STORED_PROCEDURE                                         SegmentedChunk
CopyChunks                                                                                                                       SQL_STORED_PROCEDURE                                         SegmentedChunk
CopyChunks                                                                                                                       SQL_STORED_PROCEDURE                                         SegmentedChunk
CopyChunksOfType                                                                                                                 SQL_STORED_PROCEDURE                                         SegmentedChunk
CopyChunksOfType                                                                                                                 SQL_STORED_PROCEDURE                                         SegmentedChunk
CreateRdlChunk                                                                                                                   SQL_STORED_PROCEDURE                                         SegmentedChunk
CreateSegmentedChunk                                                                                                             SQL_STORED_PROCEDURE                                         SegmentedChunk
CreateSegmentedChunk                                                                                                             SQL_STORED_PROCEDURE                                         SegmentedChunk
DeleteOneChunk                                                                                                                   SQL_STORED_PROCEDURE                                         SegmentedChunk
DeleteOneChunk                                                                                                                   SQL_STORED_PROCEDURE                                         SegmentedChunk
DeleteSnapshotAndChunks                                                                                                          SQL_STORED_PROCEDURE                                         SegmentedChunk
DeleteSnapshotAndChunks                                                                                                          SQL_STORED_PROCEDURE                                         SegmentedChunk
IsSegmentedChunk                                                                                                                 SQL_STORED_PROCEDURE                                         SegmentedChunk
IsSegmentedChunk                                                                                                                 SQL_STORED_PROCEDURE                                         SegmentedChunk
ListHistory                                                                                                                      SQL_STORED_PROCEDURE                                         SegmentedChunk
ListHistorySnapshots                                                                                                             SQL_STORED_PROCEDURE                                         SegmentedChunk
OpenSegmentedChunk                                                                                                               SQL_STORED_PROCEDURE                                         SegmentedChunk
OpenSegmentedChunk                                                                                                               SQL_STORED_PROCEDURE                                         SegmentedChunk
RemoveSegmentedMapping                                                                                                           SQL_STORED_PROCEDURE                                         SegmentedChunk
RemoveSegmentedMapping                                                                                                           SQL_STORED_PROCEDURE                                         SegmentedChunk
SetSnapshotChunksVersion                                                                                                         SQL_STORED_PROCEDURE                                         SegmentedChunk
SetSnapshotChunksVersion                                                                                                         SQL_STORED_PROCEDURE                                         SegmentedChunk
ShallowCopyChunk                                                                                                                 SQL_STORED_PROCEDURE                                         SegmentedChunk
ShallowCopyChunk                                                                                                                 SQL_STORED_PROCEDURE                                         SegmentedChunk
TempChunkExists                                                                                                                  SQL_STORED_PROCEDURE                                         SegmentedChunk
CleanExpiredServerParameters                                                                                                     SQL_STORED_PROCEDURE                                         ServerParametersInstance
GetServerParameters                                                                                                              SQL_STORED_PROCEDURE                                         ServerParametersInstance
StoreServerParameters                                                                                                            SQL_STORED_PROCEDURE                                         ServerParametersInstance
GetDBVersion                                                                                                                     SQL_STORED_PROCEDURE                                         ServerUpgradeHistory
AddPersistedStream                                                                                                               SQL_STORED_PROCEDURE                                         SessionData
CleanExpiredEditSessions                                                                                                         SQL_STORED_PROCEDURE                                         SessionData
CleanExpiredSessions                                                                                                             SQL_STORED_PROCEDURE                                         SessionData
ClearSessionSnapshot                                                                                                             SQL_STORED_PROCEDURE                                         SessionData
CreateSession                                                                                                                    SQL_STORED_PROCEDURE                                         SessionData
DereferenceSessionSnapshot                                                                                                       SQL_STORED_PROCEDURE                                         SessionData
GetSessionData                                                                                                                   SQL_STORED_PROCEDURE                                         SessionData
RemoveReportFromSession                                                                                                          SQL_STORED_PROCEDURE                                         SessionData
SetSessionCredentials                                                                                                            SQL_STORED_PROCEDURE                                         SessionData
SetSessionData                                                                                                                   SQL_STORED_PROCEDURE                                         SessionData
SetSessionParameters                                                                                                             SQL_STORED_PROCEDURE                                         SessionData
CheckSessionLock                                                                                                                 SQL_STORED_PROCEDURE                                         SessionLock
CleanExpiredSessions                                                                                                             SQL_STORED_PROCEDURE                                         SessionLock
CreateSession                                                                                                                    SQL_STORED_PROCEDURE                                         SessionLock
RemoveReportFromSession                                                                                                          SQL_STORED_PROCEDURE                                         SessionLock
WriteLockSession                                                                                                                 SQL_STORED_PROCEDURE                                         SessionLock
SetRolePropertiesAndInvalidatePolicies                                                                                           SQL_STORED_PROCEDURE                                         SetRoleProperties
CleanExpiredSessions                                                                                                             SQL_STORED_PROCEDURE                                         sl
CleanExpiredSessions                                                                                                             SQL_STORED_PROCEDURE                                         SN
FlushReportFromCache                                                                                                             SQL_STORED_PROCEDURE                                         SN
AddHistoryRecord                                                                                                                 SQL_STORED_PROCEDURE                                         SnapshotData
AddReportToCache                                                                                                                 SQL_STORED_PROCEDURE                                         SnapshotData
CleanBrokenSnapshots                                                                                                             SQL_STORED_PROCEDURE                                         SnapshotData
CleanBrokenSnapshots                                                                                                             SQL_STORED_PROCEDURE                                         SnapshotData
CleanExpiredCache                                                                                                                SQL_STORED_PROCEDURE                                         SnapshotData
CleanExpiredEditSessions                                                                                                         SQL_STORED_PROCEDURE                                         SnapshotData
CleanExpiredSessions                                                                                                             SQL_STORED_PROCEDURE                                         SnapshotData
CleanExpiredSessions                                                                                                             SQL_STORED_PROCEDURE                                         SnapshotData
CleanOrphanedSnapshots                                                                                                           SQL_STORED_PROCEDURE                                         SnapshotData
CleanOrphanedSnapshots                                                                                                           SQL_STORED_PROCEDURE                                         SnapshotData
CopyChunksOfType                                                                                                                 SQL_STORED_PROCEDURE                                         SnapshotData
CreateEditSession                                                                                                                SQL_STORED_PROCEDURE                                         SnapshotData
CreateNewSnapshotVersion                                                                                                         SQL_STORED_PROCEDURE                                         SnapshotData
CreateNewSnapshotVersion                                                                                                         SQL_STORED_PROCEDURE                                         SnapshotData
CreateObject                                                                                                                     SQL_STORED_PROCEDURE                                         SnapshotData
CreateSession                                                                                                                    SQL_STORED_PROCEDURE                                         SnapshotData
CreateSession                                                                                                                    SQL_STORED_PROCEDURE                                         SnapshotData
DecreaseTransientSnapshotRefcount                                                                                                SQL_STORED_PROCEDURE                                         SnapshotData
DecreaseTransientSnapshotRefcount                                                                                                SQL_STORED_PROCEDURE                                         SnapshotData
DeleteObject                                                                                                                     SQL_STORED_PROCEDURE                                         SnapshotData
DeleteObject                                                                                                                     SQL_STORED_PROCEDURE                                         SnapshotData
DeleteSnapshotAndChunks                                                                                                          SQL_STORED_PROCEDURE                                         SnapshotData
DeleteSnapshotAndChunks                                                                                                          SQL_STORED_PROCEDURE                                         SnapshotData
DereferenceSessionSnapshot                                                                                                       SQL_STORED_PROCEDURE                                         SnapshotData
DereferenceSessionSnapshot                                                                                                       SQL_STORED_PROCEDURE                                         SnapshotData
EnforceCacheLimits                                                                                                               SQL_STORED_PROCEDURE                                         SnapshotData
FlushCacheByID                                                                                                                   SQL_STORED_PROCEDURE                                         SnapshotData
FlushReportFromCache                                                                                                             SQL_STORED_PROCEDURE                                         SnapshotData
GetDataSetForExecution                                                                                                           SQL_STORED_PROCEDURE                                         SnapshotData
GetReportForExecution                                                                                                            SQL_STORED_PROCEDURE                                         SnapshotData
GetReportForExecution                                                                                                            SQL_STORED_PROCEDURE                                         SnapshotData
GetSessionData                                                                                                                   SQL_STORED_PROCEDURE                                         SnapshotData
GetSessionData                                                                                                                   SQL_STORED_PROCEDURE                                         SnapshotData
GetSnapshotFromHistory                                                                                                           SQL_STORED_PROCEDURE                                         SnapshotData
GetSnapshotPromotedInfo                                                                                                          SQL_STORED_PROCEDURE                                         SnapshotData
GetSnapshotPromotedInfo                                                                                                          SQL_STORED_PROCEDURE                                         SnapshotData
HistoryDelete_SnapshotRefcount                                                                                                   SQL_TRIGGER                                                  SnapshotData
HistoryDelete_SnapshotRefcount                                                                                                   SQL_TRIGGER                                                  SnapshotData
IncreaseTransientSnapshotRefcount                                                                                                SQL_STORED_PROCEDURE                                         SnapshotData
IncreaseTransientSnapshotRefcount                                                                                                SQL_STORED_PROCEDURE                                         SnapshotData
InsertUnreferencedSnapshot                                                                                                       SQL_STORED_PROCEDURE                                         SnapshotData
InsertUnreferencedSnapshot                                                                                                       SQL_STORED_PROCEDURE                                         SnapshotData
LoadForDefinitionCheck                                                                                                           SQL_STORED_PROCEDURE                                         SnapshotData
LoadForRepublishing                                                                                                              SQL_STORED_PROCEDURE                                         SnapshotData
MarkSnapshotAsDependentOnUser                                                                                                    SQL_STORED_PROCEDURE                                         SnapshotData
MarkSnapshotAsDependentOnUser                                                                                                    SQL_STORED_PROCEDURE                                         SnapshotData
new01_sp_HelpSSRSReport                                                                                                          SQL_STORED_PROCEDURE                                         SnapshotData
PromoteSnapshotInfo                                                                                                              SQL_STORED_PROCEDURE                                         SnapshotData
PromoteSnapshotInfo                                                                                                              SQL_STORED_PROCEDURE                                         SnapshotData
RemoveSegmentedMapping                                                                                                           SQL_STORED_PROCEDURE                                         SnapshotData
RemoveSegmentedMapping                                                                                                           SQL_STORED_PROCEDURE                                         SnapshotData
SetExecutionOptions                                                                                                              SQL_STORED_PROCEDURE                                         SnapshotData
SetObjectContent                                                                                                                 SQL_STORED_PROCEDURE                                         SnapshotData
SetObjectContent                                                                                                                 SQL_STORED_PROCEDURE                                         SnapshotData
SetSessionData                                                                                                                   SQL_STORED_PROCEDURE                                         SnapshotData
SetSessionData                                                                                                                   SQL_STORED_PROCEDURE                                         SnapshotData
SetSnapshotProcessingFlags                                                                                                       SQL_STORED_PROCEDURE                                         SnapshotData
SetSnapshotProcessingFlags                                                                                                       SQL_STORED_PROCEDURE                                         SnapshotData
UpdateCompiledDefinition                                                                                                         SQL_STORED_PROCEDURE                                         SnapshotData
UpdateSnapshot                                                                                                                   SQL_STORED_PROCEDURE                                         SnapshotData
UpdateSnapshotPaginationInfo                                                                                                     SQL_STORED_PROCEDURE                                         SnapshotData
UpdateSnapshotPaginationInfo                                                                                                     SQL_STORED_PROCEDURE                                         SnapshotData
UpdateSnapshotReferences                                                                                                         SQL_STORED_PROCEDURE                                         SnapshotData
UpdateSnapshotReferences                                                                                                         SQL_STORED_PROCEDURE                                         SnapshotData
Schedule_DeleteAgentJob                                                                                                          SQL_TRIGGER                                                  sp_delete_job
Get_sqlagent_job_status                                                                                                          SQL_STORED_PROCEDURE                                         sp_verify_job_identifiers
AddSubscriptionHistoryEntry                                                                                                      SQL_STORED_PROCEDURE                                         SubscriptionHistory
GetSubscriptionHistory                                                                                                           SQL_STORED_PROCEDURE                                         SubscriptionHistory
UpdateSubscriptionHistoryEntry                                                                                                   SQL_STORED_PROCEDURE                                         SubscriptionHistory
UpdateSubscriptionResult                                                                                                         SQL_STORED_PROCEDURE                                         SubscriptionResults
UpdateSubscriptionResult                                                                                                         SQL_STORED_PROCEDURE                                         SubscriptionResults
CreateCacheUpdateNotifications                                                                                                   SQL_STORED_PROCEDURE                                         Subscriptions
CreateDataDrivenNotification                                                                                                     SQL_STORED_PROCEDURE                                         Subscriptions
CreateSnapShotNotifications                                                                                                      SQL_STORED_PROCEDURE                                         Subscriptions
CreateSubscription                                                                                                               SQL_STORED_PROCEDURE                                         Subscriptions
CreateTimeBasedSubscriptionNotification                                                                                          SQL_STORED_PROCEDURE                                         Subscriptions
DeleteSubscription                                                                                                               SQL_STORED_PROCEDURE                                         Subscriptions
DeleteTimeBasedSubscriptionSchedule                                                                                              SQL_STORED_PROCEDURE                                         Subscriptions
DeliveryRemovedInactivateSubscription                                                                                            SQL_STORED_PROCEDURE                                         Subscriptions
GetSubscription                                                                                                                  SQL_STORED_PROCEDURE                                         Subscriptions
GetSubscriptionInfoForReencryption                                                                                               SQL_STORED_PROCEDURE                                         Subscriptions
GetSubscriptionsForUpgrade                                                                                                       SQL_STORED_PROCEDURE                                         Subscriptions
InvalidateSubscription                                                                                                           SQL_STORED_PROCEDURE                                         Subscriptions
ListInfoForReencryption                                                                                                          SQL_STORED_PROCEDURE                                         Subscriptions
ListScheduledReports                                                                                                             SQL_STORED_PROCEDURE                                         Subscriptions
ListSubscriptionIDs                                                                                                              SQL_STORED_PROCEDURE                                         Subscriptions
ListSubscriptionsUsingDataSource                                                                                                 SQL_STORED_PROCEDURE                                         Subscriptions
ListUsedDeliveryProviders                                                                                                        SQL_STORED_PROCEDURE                                         Subscriptions
new01_sp_HelpSSRSReport                                                                                                          SQL_STORED_PROCEDURE                                         Subscriptions
SetReencryptedSubscriptionInfo                                                                                                   SQL_STORED_PROCEDURE                                         Subscriptions
UpdateSubscription                                                                                                               SQL_STORED_PROCEDURE                                         Subscriptions
UpdateSubscriptionLastRunInfo                                                                                                    SQL_STORED_PROCEDURE                                         Subscriptions
UpdateSubscriptionStatus                                                                                                         SQL_STORED_PROCEDURE                                         Subscriptions
AddSubscriptionToBeingDeleted                                                                                                    SQL_STORED_PROCEDURE                                         SubscriptionsBeingDeleted
CreateDataDrivenNotification                                                                                                     SQL_STORED_PROCEDURE                                         SubscriptionsBeingDeleted
RemoveSubscriptionFromBeingDeleted                                                                                               SQL_STORED_PROCEDURE                                         SubscriptionsBeingDeleted
Get_sqlagent_job_status                                                                                                          SQL_STORED_PROCEDURE                                         sysjobs
CleanExpiredEditSessions                                                                                                         SQL_STORED_PROCEDURE                                         TempCatalog
CreateEditSession                                                                                                                SQL_STORED_PROCEDURE                                         TempCatalog
DeleteObject                                                                                                                     SQL_STORED_PROCEDURE                                         TempCatalog
ExtendedCatalog                                                                                                                  SQL_INLINE_TABLE_VALUED_FUNCTION                             TempCatalog
ExtendEditSessionLifetime                                                                                                        SQL_STORED_PROCEDURE                                         TempCatalog
SetAllProperties                                                                                                                 SQL_STORED_PROCEDURE                                         TempCatalog
SetObjectContent                                                                                                                 SQL_STORED_PROCEDURE                                         TempCatalog
AddDataSet                                                                                                                       SQL_STORED_PROCEDURE                                         TempDataSets
CleanExpiredEditSessions                                                                                                         SQL_STORED_PROCEDURE                                         TempDataSets
DeleteDataSets                                                                                                                   SQL_STORED_PROCEDURE                                         TempDataSets
DeleteObject                                                                                                                     SQL_STORED_PROCEDURE                                         TempDataSets
ExtendedDataSets                                                                                                                 VIEW                                                         TempDataSets
AddDataSource                                                                                                                    SQL_STORED_PROCEDURE                                         TempDataSources
CleanExpiredEditSessions                                                                                                         SQL_STORED_PROCEDURE                                         TempDataSources
DeleteDataSources                                                                                                                SQL_STORED_PROCEDURE                                         TempDataSources
DeleteObject                                                                                                                     SQL_STORED_PROCEDURE                                         TempDataSources
ExtendedDataSources                                                                                                              VIEW                                                         TempDataSources
GetUpgradeItems                                                                                                                  SQL_STORED_PROCEDURE                                         UpgradeInfo
SetUpgradeItemStatus                                                                                                             SQL_STORED_PROCEDURE                                         UpgradeInfo
GetAlertSubscribers                                                                                                              SQL_STORED_PROCEDURE                                         UserContactInfo
GetDefaultEmail                                                                                                                  SQL_STORED_PROCEDURE                                         UserContactInfo
SetDefaultEmail                                                                                                                  SQL_STORED_PROCEDURE                                         UserContactInfo
AddUserDataModelRole                                                                                                             SQL_STORED_PROCEDURE                                         UserDataModelRole
DeleteUserDataModelRole                                                                                                          SQL_STORED_PROCEDURE                                         UserDataModelRole
GetDataModelRoleAssignmentsByItemID                                                                                              SQL_STORED_PROCEDURE                                         UserDataModelRole
DeleteEncryptedContent                                                                                                           SQL_STORED_PROCEDURE                                         Users
FindFavoriteableItemsNonRecursive                                                                                                SQL_STORED_PROCEDURE                                         Users
FindFavoriteableItemsRecursive                                                                                                   SQL_STORED_PROCEDURE                                         Users
FindItemsByDataSet                                                                                                               SQL_STORED_PROCEDURE                                         Users
FindItemsByDataSource                                                                                                            SQL_STORED_PROCEDURE                                         Users
FindItemsByDataSourceRecursive                                                                                                   SQL_STORED_PROCEDURE                                         Users
FindObjectsByLink                                                                                                                SQL_STORED_PROCEDURE                                         Users
FindObjectsNonRecursive                                                                                                          SQL_STORED_PROCEDURE                                         Users
FindObjectsRecursive                                                                                                             SQL_STORED_PROCEDURE                                         Users
FindParents                                                                                                                      SQL_STORED_PROCEDURE                                         Users
GetAllFavoriteItems                                                                                                              SQL_STORED_PROCEDURE                                         Users
GetAllProperties                                                                                                                 SQL_STORED_PROCEDURE                                         Users
GetCacheOptions                                                                                                                  SQL_STORED_PROCEDURE                                         Users
GetCacheSchedule                                                                                                                 SQL_STORED_PROCEDURE                                         Users
GetCatalogItemProperties                                                                                                         SQL_STORED_PROCEDURE                                         Users
GetCommentByCommentID                                                                                                            SQL_STORED_PROCEDURE                                         Users
GetCommentsByItemID                                                                                                              SQL_STORED_PROCEDURE                                         Users
GetDataModelDataSourcesByItemID                                                                                                  SQL_STORED_PROCEDURE                                         Users
GetDataModelRoleAssignmentsByItemID                                                                                              SQL_STORED_PROCEDURE                                         Users
GetExecutionOptions                                                                                                              SQL_STORED_PROCEDURE                                         Users
GetMyRunningJobs                                                                                                                 SQL_STORED_PROCEDURE                                         Users
GetPrincipalID                                                                                                                   SQL_STORED_PROCEDURE                                         Users
GetSnapShotSchedule                                                                                                              SQL_STORED_PROCEDURE                                         Users
GetSubscription                                                                                                                  SQL_STORED_PROCEDURE                                         Users
GetTaskProperties                                                                                                                SQL_STORED_PROCEDURE                                         Users
GetTimeBasedSubscriptionSchedule                                                                                                 SQL_STORED_PROCEDURE                                         Users
GetUserIDByName                                                                                                                  SQL_STORED_PROCEDURE                                         Users
GetUserIDBySid                                                                                                                   SQL_STORED_PROCEDURE                                         Users
GetUserIDWithNoCreate                                                                                                            SQL_STORED_PROCEDURE                                         Users
GetUserServiceToken                                                                                                              SQL_STORED_PROCEDURE                                         Users
GetUserServiceTokenForReencryption                                                                                               SQL_STORED_PROCEDURE                                         Users
GetUserSettings                                                                                                                  SQL_STORED_PROCEDURE                                         Users
ListInfoForReencryption                                                                                                          SQL_STORED_PROCEDURE                                         Users
ListRunningJobs                                                                                                                  SQL_STORED_PROCEDURE                                         Users
ListScheduledReports                                                                                                             SQL_STORED_PROCEDURE                                         Users
ListSubscriptionsUsingDataSource                                                                                                 SQL_STORED_PROCEDURE                                         Users
ListTasks                                                                                                                        SQL_STORED_PROCEDURE                                         Users
new01_sp_HelpSSRSReport                                                                                                          SQL_STORED_PROCEDURE                                         Users
SetReencryptedUserServiceToken                                                                                                   SQL_STORED_PROCEDURE                                         Users
SetUserServiceToken                                                                                                              SQL_STORED_PROCEDURE                                         Users
SetUserSettings                                                                                                                  SQL_STORED_PROCEDURE                                         Users
UpdateUsernameFromSID                                                                                                            SQL_STORED_PROCEDURE                                         Users
ExecutionLog3                                                                                                                    VIEW                                                         value
new01_sp_HelpSSRSReport                                                                                                          SQL_STORED_PROCEDURE                                         value
Get_sqlagent_job_status                                                                                                          SQL_STORED_PROCEDURE                                         xp_sqlagent_enum_jobs

(775 rows affected)


Completion time: 2026-03-25T13:53:06.3642787-05:00
