PayStart,PayEnd,Co Code,Batch ID,File #,Batch Description,Reg Hours,OT Hours,Earnings 3 Code,Earnings 3 Amount,Temp Dept,Temp Rate
2026-08-03,2026-08-16,new01,0,,,28.29,0.0,tip01,99.95,107Utility,12.5
2026-08-03,2026-08-16,new01,0,,,14.74,0.0,tip01,52.08,40Training,9.25
2026-08-03,2026-08-16,new01,0,,,77.99000000000001,0.0,tip01,275.59,5ShiftLead,14.5
2026-08-03,2026-08-16,new01,0,,,35.54,0.0,tip01,125.59,70Server,11.0
2026-08-03,2026-08-16,new01,0,,,43.269999999999996,0.0,tip01,152.89,70Server,11.5
2026-08-03,2026-08-16,new01,0,,,76.58,0.0,tip01,270.60,70Server,13.5
2026-08-03,2026-08-16,new01,0,,,34.81,0.0,tip01,74.59,7CerTrainr,17.13
2026-08-03,2026-08-16,new01,0,,,79.46999999999998,0.12,tip01,281.24,80Expo,13.5
2026-08-03,2026-08-16,new01,0,,,58.84,0.0,tip01,207.89,81Dish,11.0
2026-08-03,2026-08-16,new01,0,,,43.81,0.0,tip01,154.81,82Prep,12.0
2026-08-03,2026-08-16,new01,0,,,15.76,0.0,tip01,55.69,83Salad,10.0
2026-08-03,2026-08-16,new01,0,,,22.650000000000002,0.0,tip01,80.02,83Salad,11.0
2026-08-03,2026-08-16,new01,0,,,25.78,0.0,tip01,91.09,84Pizza,11.0
2026-08-03,2026-08-16,new01,0,,,19.829999999999995,0.0,tip01,70.06,84Pizza,12.0
2026-08-03,2026-08-16,new01,0,,,10.11,0.0,tip01,35.72,86Sandwich,10.0
2026-08-03,2026-08-16,new01,0,,,11.97,0.0,tip01,42.29,86Sandwich,11.0
2026-08-03,2026-08-16,new01,0,,,21.15,0.0,tip01,74.73,86Sandwich,11.5
2026-08-03,2026-08-16,new01,0,1062,,74.75999999999999,1.13,tip01,212.09,70Server,10.0
2026-08-03,2026-08-16,new01,0,1072,,12.59,0.0,tip01,47.39,84Pizza,10.5
2026-08-03,2026-08-16,new01,0,1081,,12.79,0.0,tip01,48.15,70Server,10.0
2026-08-03,2026-08-16,new01,0,1081,,30.91,0.0,tip01,116.37,70Server,10.5
2026-08-03,2026-08-16,new01,0,1099,,19.14,0.0,tip01,53.48,81Dish,9.5
2026-08-03,2026-08-16,new01,0,1155,,76.87000000000002,0.0,tip01,214.82,5ShiftLead,14.0
2026-08-03,2026-08-16,new01,0,1166,,46.11,0.0,tip01,173.56,70Server,11.0
2026-08-03,2026-08-16,new01,0,1300003,,30.08,0.0,tip01,64.46,70Server,12.0
2026-08-03,2026-08-16,new01,0,1300006,,17.66,0.0,tip01,37.84,83Salad,12.0
2026-08-03,2026-08-16,new01,0,1300008,,47.21999999999999,0.0,tip01,101.18,81Dish,12.0
2026-08-03,2026-08-16,new01,0,1300009,,59.69,0.0,tip01,127.93,70Server,11.5
2026-08-03,2026-08-16,new01,0,1300010,,64.85000000000001,0.0,tip01,138.97,86Sandwich,13.0
2026-08-03,2026-08-16,new01,0,1300011,,38.580000000000005,0.0,tip01,82.67,70Server,11.5
2026-08-03,2026-08-16,new01,0,1300018,,21.59,0.0,tip01,46.26,70Server,11.5
2026-08-03,2026-08-16,new01,0,1300021,,15.49,0.0,tip01,33.20,70Server,11.5
2026-08-03,2026-08-16,new01,0,1300023,,77.89,0.0,tip01,166.89,86Sandwich,11.0
2026-08-03,2026-08-16,new01,0,1300024,,38.39000000000001,0.0,tip01,82.25,70Server,11.0
2026-08-03,2026-08-16,new01,0,1300025,,51.08,0.0,tip01,109.45,80Expo,11.0
2026-08-03,2026-08-16,new01,0,1300027,,33.1,0.0,tip01,70.92,70Server,11.0
2026-08-03,2026-08-16,new01,0,1300031,,25.770000000000003,0.0,tip01,55.22,70Server,11.0
2026-08-03,2026-08-16,new01,0,1300032,,52.37,0.0,tip01,112.23,70Server,11.0
2026-08-03,2026-08-16,new01,0,1300033,,8.46,0.0,tip01,18.13,40Training,0.0
2026-08-03,2026-08-16,new01,0,1300033,,71.53999999999999,7.119999999999999,tip01,168.54,41Training,0.0
2026-08-03,2026-08-16,new01,0,1300034,,26.590000000000003,0.0,tip01,56.99,70Server,11.0
2026-08-03,2026-08-16,new01,0,1300035,,32.8,0.0,tip01,70.29,70Server,11.0
2026-08-03,2026-08-16,new01,0,1300036,,23.409999999999997,0.0,tip01,50.18,70Server,11.0
2026-08-03,2026-08-16,new01,0,1300037,,22.17,0.0,tip01,47.50,70Server,11.0
2026-08-03,2026-08-16,new01,0,1300038,,11.95,0.0,tip01,25.60,70Server,11.0
2026-08-03,2026-08-16,new01,0,1300039,,7.890000000000001,0.0,tip01,16.91,70Server,11.0
2026-08-03,2026-08-16,new01,0,1334,,44.8,0.0,tip01,125.19,70Server,10.5
2026-08-03,2026-08-16,new01,0,1503,,4.69,0.0,tip01,13.11,86Sandwich,9.5
2026-08-03,2026-08-16,new01,0,1554,,46.300000000000004,6.29,tip01,146.97,5ShiftLead,13.75
2026-08-03,2026-08-16,new01,0,1689,,73.82,0.04,tip01,206.42,82Prep,15.96
2026-08-03,2026-08-16,new01,0,1781,,5.56,0.0,tip01,15.54,81Dish,10.0
2026-08-03,2026-08-16,new01,0,1996,,27.62,0.0,tip01,103.96,81Dish,10.0
2026-08-03,2026-08-16,new01,0,1996,,23.96,0.0,tip01,90.19,82Prep,10.0
2026-08-03,2026-08-16,new01,0,2016,,4.51,0.0,tip01,8.34,72CaterTL,0.0
2026-08-03,2026-08-16,new01,0,2091,,20.08,0.0,tip01,37.16,5ShiftLead,18.22
2026-08-03,2026-08-16,new01,0,2299,,52.01,0.0,tip01,145.35,86Sandwich,9.5
2026-08-03,2026-08-16,new01,0,2353,,31.46,0.0,tip01,87.91,81Dish,9.0
2026-08-03,2026-08-16,new01,0,2830,,80.00000000000001,30.89,tip01,205.23,5ShiftLead,18.22
2026-08-03,2026-08-16,new01,0,2958,,18.98,0.0,tip01,53.04,86Sandwich,10.5
2026-08-03,2026-08-16,new01,0,3207,,77.77000000000001,0.25,tip01,293.70,5ShiftLead,13.5
2026-08-03,2026-08-16,new01,0,3647,,44.61999999999999,0.0,tip01,124.70,81Dish,10.0
2026-08-03,2026-08-16,new01,0,3715,,80.0,22.369999999999997,tip01,189.49,5ShiftLead,19.0
2026-08-03,2026-08-16,new01,0,3962,,4.67,0.0,tip01,17.58,70Server,10.5
2026-08-03,2026-08-16,new01,0,3962,,7.97,0.0,tip01,30.01,83Salad,10.5
2026-08-03,2026-08-16,new01,0,4275,,9.66,0.0,tip01,27.00,5ShiftLead,14.0
2026-08-03,2026-08-16,new01,0,4418,,24.33,0.0,tip01,67.99,5ShiftLead,14.3
2026-08-03,2026-08-16,new01,0,4785,,78.53999999999999,0.0,tip01,295.66,5ShiftLead,14.0
2026-08-03,2026-08-16,new01,0,5401,,39.02,0.0,tip01,146.88,82Prep,12.5
2026-08-03,2026-08-16,new01,0,5401,,5.59,0.0,tip01,21.04,82Prep,13.0
2026-08-03,2026-08-16,new01,0,5432,,60.56999999999999,0.0,tip01,112.08,70Server,12.0
2026-08-03,2026-08-16,new01,0,5432,,4.01,0.0,tip01,7.42,84Pizza,12.0
2026-08-03,2026-08-16,new01,0,5469,,31.790000000000003,0.0,tip01,58.84,86Sandwich,11.5
2026-08-03,2026-08-16,new01,0,5498,,19.54,0.0,tip01,36.16,70Server,12.0
2026-08-03,2026-08-16,new01,0,5498,,24.020000000000003,0.0,tip01,44.45,84Pizza,12.0
2026-08-03,2026-08-16,new01,0,5514,,42.440000000000005,0.0,tip01,78.54,81Dish,11.0
2026-08-03,2026-08-16,new01,0,5523,,57.459999999999994,0.0,tip01,106.34,84Pizza,11.0
2026-08-03,2026-08-16,new01,0,5540,,8.23,0.0,tip01,15.24,70Server,11.0
2026-08-03,2026-08-16,new01,0,5553,,47.93,0.0,tip01,88.70,83Salad,11.0
2026-08-03,2026-08-16,new01,0,5559,,20.36,0.0,tip01,37.68,86Sandwich,11.0
2026-08-03,2026-08-16,new01,0,5568,,12.73,0.0,tip01,23.56,70Server,11.0
2026-08-03,2026-08-16,new01,0,5569,,58.32000000000001,0.0,tip01,107.92,84Pizza,11.0
2026-08-03,2026-08-16,new01,0,5574,,80.0,25.75,tip01,195.70,5ShiftLead,19.0
2026-08-03,2026-08-16,new01,0,5575,,45.73,0.0,tip01,84.62,70Server,11.0
2026-08-03,2026-08-16,new01,0,5576,,32.54,0.0,tip01,60.22,70Server,11.0
2026-08-03,2026-08-16,new01,0,5578,,37.629999999999995,0.0,tip01,69.65,81Dish,11.0
2026-08-03,2026-08-16,new01,0,5582,,51.27,0.0,tip01,94.89,82Prep,13.5
2026-08-03,2026-08-16,new01,0,5584,,10.29,0.0,tip01,19.05,70Server,11.0
2026-08-03,2026-08-16,new01,0,5588,,12.129999999999999,0.0,tip01,22.45,83Salad,11.0
2026-08-03,2026-08-16,new01,0,5589,,12.21,0.0,tip01,22.60,82Prep,12.0
2026-08-03,2026-08-16,new01,0,5589,,7.779999999999999,0.0,tip01,14.40,86Sandwich,12.0
2026-08-03,2026-08-16,new01,0,5590,,26.06,0.0,tip01,48.23,81Dish,11.0
2026-08-03,2026-08-16,new01,0,5591,,17.65,0.0,tip01,32.66,70Server,11.0
2026-08-03,2026-08-16,new01,0,5592,,24.75,0.0,tip01,45.79,70Server,12.0
2026-08-03,2026-08-16,new01,0,5593,,7.69,0.0,tip01,14.24,70Server,11.0
2026-08-03,2026-08-16,new01,0,5594,,62.29000000000001,0.0,tip01,115.28,82Prep,12.0
2026-08-03,2026-08-16,new01,0,5595,,10.09,0.0,tip01,18.67,81Dish,12.0
2026-08-03,2026-08-16,new01,0,5596,,59.51,0.0,tip01,110.13,84Pizza,11.0
2026-08-03,2026-08-16,new01,0,5597,,37.480000000000004,0.0,tip01,69.36,70Server,11.0
2026-08-03,2026-08-16,new01,0,6253,,22.18,0.0,tip01,61.99,80Expo,9.5
2026-08-03,2026-08-16,new01,0,6430,,43.08,0.0,tip01,120.39,5ShiftLead,12.5
2026-08-03,2026-08-16,new01,0,6760,,13.43,0.0,tip01,37.54,70Server,8.5
2026-08-03,2026-08-16,new01,0,7026,,56.839999999999996,0.0,tip01,213.95,86Sandwich,10.0
2026-08-03,2026-08-16,new01,0,7039,,27.589999999999996,0.0,tip01,103.86,84Pizza,10.0
2026-08-03,2026-08-16,new01,0,7252,,50.83,0.0,tip01,191.34,84Pizza,11.5
2026-08-03,2026-08-16,new01,0,7507,,38.71,0.0,tip01,108.17,86Sandwich,9.5
2026-08-03,2026-08-16,new01,0,7597,,78.12,3.46,tip01,227.99,5ShiftLead,10.0
2026-08-03,2026-08-16,new01,0,7689,,11.4,0.0,tip01,31.86,70Server,10.0
2026-08-03,2026-08-16,new01,0,7692,,56.36000000000001,0.0,tip01,212.17,81Dish,11.25
2026-08-03,2026-08-16,new01,0,8000014,,24.09,0.0,tip01,51.62,81Dish,12.0
2026-08-03,2026-08-16,new01,0,8000014,,19.49,0.0,tip01,41.76,86Sandwich,12.0
2026-08-03,2026-08-16,new01,0,8191,,13.23,0.0,tip01,26.61,86Sandwich,11.5
2026-08-03,2026-08-16,new01,0,8772,,43.89,0.0,tip01,165.22,70Server,10.0
2026-08-03,2026-08-16,new01,0,8957,,53.07999999999999,0.0,tip01,106.80,86Sandwich,13.0
2026-08-03,2026-08-16,new01,0,8962,,70.19999999999999,0.0,tip01,141.23,5ShiftLead,14.5
2026-08-03,2026-08-16,new01,0,8967,,58.69,0.0,tip01,118.08,82Prep,13.0
2026-08-03,2026-08-16,new01,0,8968,,31.6,0.0,tip01,63.57,70Server,12.5
2026-08-03,2026-08-16,new01,0,8970,,34.14,0.0,tip01,68.68,7CerTrainr,16.0
2026-08-03,2026-08-16,new01,0,8974,,38.160000000000004,0.0,tip01,76.79,86Sandwich,12.0
2026-08-03,2026-08-16,new01,0,8975,,35.89999999999999,0.0,tip01,72.23,82Prep,12.0
2026-08-03,2026-08-16,new01,0,8983,,38.51,0.0,tip01,107.64,81Dish,9.5
2026-08-03,2026-08-16,new01,0,9218,,3.7,0.0,tip01,13.93,70Server,10.5
2026-08-03,2026-08-16,new01,0,9253,,51.86000000000001,0.0,tip01,144.94,86Sandwich,9.5
2026-08-03,2026-08-16,new01,0,9315,,33.6,0.0,tip01,93.90,70Server,9.0
2026-08-03,2026-08-16,new01,0,9590,,13.25,0.0,tip01,49.88,70Server,10.0
2026-08-03,2026-08-16,new01,0,9756,,37.33,0.0,tip01,140.52,86Sandwich,13.0
2026-08-03,2026-08-16,new01,0,9946,,26.71,0.0,tip01,100.54,83Salad,10.5
2026-08-03,2026-08-16,new01,0,9947,,34.32,0.0,tip01,129.20,70Server,10.0
2026-08-03,2026-08-16,new01,0,9948,,31.080000000000002,0.0,tip01,117.00,70Server,10.0
2026-08-03,2026-08-16,new01,0,9949,,27.560000000000002,0.0,tip01,103.74,70Server,10.0
2026-08-03,2026-08-16,new01,0,9977,,25.959999999999997,0.0,tip01,72.55,70Server,8.5
2026-08-03,2026-08-16,new01,1001,1010,Oxford University,59.209999999999994,0.0,tip01,403.75,81Dish,13.75
2026-08-03,2026-08-16,new01,1001,1978,Oxford University,30.73,0.0,tip01,209.54,5ShiftLead,15.0
2026-08-03,2026-08-16,new01,1001,9090437,Oxford University,70.80000000000001,0.0,tip01,482.77,82Prep,14.5
2026-08-03,2026-08-16,new01,1001,9094137,Oxford University,56.19,6.05,tip01,424.38,82Prep,12.5
2026-08-03,2026-08-16,new01,1001,9094137,Oxford University,9.379999999999999,0.0,tip01,63.96,83Salad,12.5
2026-08-03,2026-08-16,new01,1001,9094137,Oxford University,10.379999999999999,3.49,tip01,94.57,84Pizza,12.5
2026-08-03,2026-08-16,new01,1001,9094137,Oxford University,3.94,0.0,tip01,26.87,86Sandwich,12.5
2026-08-03,2026-08-16,new01,1001,9095522,Oxford University,10.969999999999999,0.0,tip01,74.80,81Dish,12.0
2026-08-03,2026-08-16,new01,1001,9095522,Oxford University,37.35,0.0,tip01,254.69,82Prep,12.0
2026-08-03,2026-08-16,new01,1001,9099560,Oxford University,36.85,0.0,tip01,251.27,70Server,11.0
2026-08-03,2026-08-16,new01,1001,9099841,Oxford University,16.68,0.0,tip01,113.73,70Server,10.25
2026-08-03,2026-08-16,new01,1001,9099978,Oxford University,36.6,0.0,tip01,249.57,83Salad,14.0
2026-08-03,2026-08-16,new01,1001,9099978,Oxford University,14.479999999999999,0.0,tip01,98.73,84Pizza,14.0
2026-08-03,2026-08-16,new01,1001,9099978,Oxford University,11.39,0.0,tip01,77.66,86Sandwich,14.0
2026-08-03,2026-08-16,new01,1001,9100271,Oxford University,73.59,0.0,tip01,501.80,81Dish,12.0
2026-08-03,2026-08-16,new01,1001,9100517,Oxford University,35.76,0.0,tip01,243.85,70Server,11.0
2026-08-03,2026-08-16,new01,1001,9102397,Oxford University,25.660000000000004,0.0,tip01,174.97,70Server,11.0
2026-08-03,2026-08-16,new01,1001,9102510,Oxford University,5.180000000000001,0.0,tip01,35.31,70Server,10.75
2026-08-03,2026-08-16,new01,1001,9102649,Oxford University,14.54,0.0,tip01,99.15,83Salad,11.5
2026-08-03,2026-08-16,new01,1001,9102649,Oxford University,14.9,0.0,tip01,101.59,83Salad,12.0
2026-08-03,2026-08-16,new01,1001,9102649,Oxford University,8.530000000000001,0.0,tip01,58.17,84Pizza,11.5
2026-08-03,2026-08-16,new01,1001,9102649,Oxford University,5.24,0.0,tip01,35.73,86Sandwich,11.5
2026-08-03,2026-08-16,new01,1001,9102649,Oxford University,25.1,1.79,tip01,183.36,86Sandwich,12.0
2026-08-03,2026-08-16,new01,1001,9102901,Oxford University,20.57,0.0,tip01,140.26,70Server,10.75
2026-08-03,2026-08-16,new01,1001,9103000,Oxford University,34.66,0.0,tip01,236.34,41Training,11.0
2026-08-03,2026-08-16,new01,1001,9103245,Oxford University,56.370000000000005,1.6,tip01,395.29,70Server,11.0
2026-08-03,2026-08-16,new01,1001,9103261,Oxford University,30.06,0.0,tip01,204.98,70Server,10.75
2026-08-03,2026-08-16,new01,1001,9103453,Oxford University,40.010000000000005,0.0,tip01,272.81,86Sandwich,11.0
2026-08-03,2026-08-16,new01,1001,9103494,Oxford University,54.46,0.0,tip01,371.36,70Server,11.0
2026-08-03,2026-08-16,new01,1001,9103691,Oxford University,19.85,0.0,tip01,135.36,81Dish,11.25
2026-08-03,2026-08-16,new01,1001,9103691,Oxford University,8.56,0.0,tip01,58.37,81Dish,12.0
2026-08-03,2026-08-16,new01,1001,9103800,Oxford University,45.62,0.0,tip01,311.08,70Server,11.0
2026-08-03,2026-08-16,new01,1001,9103875,Oxford University,11.66,0.0,tip01,79.50,70Server,10.5
2026-08-03,2026-08-16,new01,1001,9104044,Oxford University,6.779999999999999,0.0,tip01,46.23,84Pizza,10.75
2026-08-03,2026-08-16,new01,1001,9104100,Oxford University,33.73,0.0,tip01,230.00,70Server,10.5
2026-08-03,2026-08-16,new01,1001,9104101,Oxford University,12.839999999999998,0.0,tip01,87.55,84Pizza,10.75
2026-08-03,2026-08-16,new01,1001,9104109,Oxford University,26.619999999999997,0.0,tip01,181.52,83Salad,10.75
2026-08-03,2026-08-16,new01,1001,9104204,Oxford University,13.28,0.0,tip01,90.55,41Training,10.5
2026-08-03,2026-08-16,new01,1002,1010180,,4.11,0.0,tip01,13.25,81Dish,14.75
2026-08-03,2026-08-16,new01,1002,1010180,,43.51,0.0,tip01,140.22,82Prep,14.75
2026-08-03,2026-08-16,new01,1002,1010180,,10.16,0.0,tip01,32.74,86Sandwich,14.75
2026-08-03,2026-08-16,new01,1002,1010277,,64.38,0.0,tip01,207.49,82Prep,18.0
2026-08-03,2026-08-16,new01,1002,1010334,,62.91,0.0,tip01,202.76,5ShiftLead,16.5
2026-08-03,2026-08-16,new01,1002,1010337,,8.08,0.0,tip01,26.04,74DRAttend,14.0
2026-08-03,2026-08-16,new01,1002,1010337,,5.69,0.0,tip01,18.34,86Sandwich,14.0
2026-08-03,2026-08-16,new01,1002,1010484,,16.08,0.0,tip01,51.82,82Prep,18.0
2026-08-03,2026-08-16,new01,1002,1010511,,60.37999999999999,0.0,tip01,194.60,5ShiftLead,16.0
2026-08-03,2026-08-16,new01,1002,1010534,,24.53,0.0,tip01,79.06,81Dish,14.0
2026-08-03,2026-08-16,new01,1002,1010534,,18.619999999999997,0.54,tip01,61.75,82Prep,14.0
2026-08-03,2026-08-16,new01,1002,1010534,,36.56,0.0,tip01,117.83,84Pizza,14.0
2026-08-03,2026-08-16,new01,1002,1010541,,56.129999999999995,0.0,tip01,180.91,74DRAttend,13.75
2026-08-03,2026-08-16,new01,1002,1010551,,13.24,0.0,tip01,42.67,74DRAttend,14.0
2026-08-03,2026-08-16,new01,1002,1010551,,16.18,0.0,tip01,52.15,83Salad,14.0
2026-08-03,2026-08-16,new01,1002,1010551,,26.659999999999997,0.0,tip01,85.92,86Sandwich,14.0
2026-08-03,2026-08-16,new01,1002,1010579,,76.61999999999999,0.0,tip01,246.94,74DRAttend,14.5
2026-08-03,2026-08-16,new01,1002,1010580,,31.85,0.0,tip01,102.64,74DRAttend,13.25
2026-08-03,2026-08-16,new01,1002,1010607,,50.150000000000006,0.0,tip01,161.62,80Expo,13.0
2026-08-03,2026-08-16,new01,1002,1010618,,35.81,0.0,tip01,115.42,74DRAttend,13.0
2026-08-03,2026-08-16,new01,1002,1010618,,10.0,0.0,tip01,32.23,74DRAttend,13.25
2026-08-03,2026-08-16,new01,1002,1010642,,13.45,0.0,tip01,43.35,74DRAttend,13.0
2026-08-03,2026-08-16,new01,1002,1010644,,17.919999999999998,0.0,tip01,57.76,74DRAttend,12.25
2026-08-03,2026-08-16,new01,1002,1010646,,3.29,0.0,tip01,10.60,84Pizza,13.75
2026-08-03,2026-08-16,new01,1002,1010646,,24.76,0.0,tip01,79.80,86Sandwich,13.75
2026-08-03,2026-08-16,new01,1002,1010652,,14.57,0.0,tip01,46.95,86Sandwich,12.0
2026-08-03,2026-08-16,new01,1002,1010662,,38.31999999999999,0.0,tip01,123.50,83Salad,13.75
2026-08-03,2026-08-16,new01,1002,1010668,,66.27000000000001,0.0,tip01,213.56,81Dish,12.75
2026-08-03,2026-08-16,new01,1002,1010670,,4.29,0.0,tip01,13.83,81Dish,12.0
2026-08-03,2026-08-16,new01,1002,1010671,,56.66999999999999,0.0,tip01,182.65,86Sandwich,13.0
2026-08-03,2026-08-16,new01,1002,1010680,,25.990000000000002,0.0,tip01,83.76,74DRAttend,12.5
2026-08-03,2026-08-16,new01,1002,1010680,,11.05,0.0,tip01,35.61,74DRAttend,13.0
2026-08-03,2026-08-16,new01,1002,1010682,,21.490000000000002,0.0,tip01,69.25,74DRAttend,12.25
2026-08-03,2026-08-16,new01,1002,1010682,,4.44,0.0,tip01,14.31,74DRAttend,12.75
2026-08-03,2026-08-16,new01,1002,1010685,,48.160000000000004,0.0,tip01,155.21,74DRAttend,13.0
2026-08-03,2026-08-16,new01,1002,1010685,,4.5,0.0,tip01,14.50,83Salad,13.0
2026-08-03,2026-08-16,new01,1002,1010688,,20.979999999999997,0.0,tip01,67.61,74DRAttend,11.25
2026-08-03,2026-08-16,new01,1002,1010689,,11.08,0.0,tip01,35.71,74DRAttend,11.25
2026-08-03,2026-08-16,new01,1002,1010689,,14.84,0.0,tip01,47.83,74DRAttend,11.75
2026-08-03,2026-08-16,new01,1002,1010690,,3.65,0.0,tip01,11.76,70Server,13.0
2026-08-03,2026-08-16,new01,1002,1010690,,24.94,0.0,tip01,80.38,80Expo,12.5
2026-08-03,2026-08-16,new01,1002,1010690,,39.83,0.0,tip01,128.37,80Expo,13.0
2026-08-03,2026-08-16,new01,1002,1010963,,26.830000000000002,0.0,tip01,86.47,74DRAttend,11.0
2026-08-03,2026-08-16,new01,1002,1010963,,12.28,0.0,tip01,39.58,74DRAttend,11.5
2026-08-03,2026-08-16,new01,1002,1010966,,16.02,0.0,tip01,51.63,74DRAttend,11.25
2026-08-03,2026-08-16,new01,1002,1010966,,5.43,0.0,tip01,17.50,74DRAttend,11.5
2026-08-03,2026-08-16,new01,1002,1010970,,36.96,0.0,tip01,119.12,74DRAttend,11.0
2026-08-03,2026-08-16,new01,1002,1010972,,42.59,0.0,tip01,137.25,84Pizza,11.0
2026-08-03,2026-08-16,new01,1002,1010973,,30.79,0.0,tip01,99.23,74DRAttend,11.0
2026-08-03,2026-08-16,new01,1002,1010974,,9.63,0.0,tip01,31.04,74DRAttend,12.0
2026-08-03,2026-08-16,new01,1002,1010976,,5.09,0.0,tip01,16.40,74DRAttend,11.0
2026-08-03,2026-08-16,new01,1002,1010977,,21.61,0.0,tip01,69.64,74DRAttend,11.0
2026-08-03,2026-08-16,new01,1002,1010978,,28.740000000000002,0.0,tip01,92.63,40Training,11.0
2026-08-03,2026-08-16,new01,1002,1010979,,9.46,0.0,tip01,30.48,74DRAttend,11.5
2026-08-03,2026-08-16,new01,1002,1010981,,64.79,0.62,tip01,210.81,74DRAttend,11.0
2026-08-03,2026-08-16,new01,1002,1010982,,4.07,0.0,tip01,13.12,74DRAttend,11.0
2026-08-03,2026-08-16,new01,1002,325,,31.529999999999998,0.0,tip01,101.61,70Server,14.5
2026-08-03,2026-08-16,new01,1003,2062,Flowood,75.44,0.0,tip01,376.90,74DRAttend,15.0
2026-08-03,2026-08-16,new01,1003,2123,Flowood,9.03,0.0,tip01,45.12,81Dish,17.0
2026-08-03,2026-08-16,new01,1003,2123,Flowood,61.269999999999996,0.0,tip01,306.11,82Prep,17.0
2026-08-03,2026-08-16,new01,1003,7070055,Flowood,72.06,0.0,tip01,360.03,82Prep,15.5
2026-08-03,2026-08-16,new01,1003,8080310,Flowood,45.96,0.0,tip01,229.62,72CaterTL,16.5
2026-08-03,2026-08-16,new01,1003,9090108,Flowood,8.4,0.0,tip01,41.96,80Expo,15.25
2026-08-03,2026-08-16,new01,1003,9090108,Flowood,40.72,0.0,tip01,203.44,86Sandwich,15.25
2026-08-03,2026-08-16,new01,1003,9090468,Flowood,36.07,0.0,tip01,180.23,5ShiftLead,15.0
2026-08-03,2026-08-16,new01,1003,9090468,Flowood,12.280000000000001,0.0,tip01,61.35,80Expo,13.0
2026-08-03,2026-08-16,new01,1003,9090468,Flowood,5.4,0.0,tip01,26.98,83Salad,13.0
2026-08-03,2026-08-16,new01,1003,9093968,Flowood,14.07,0.0,tip01,70.30,84Pizza,13.0
2026-08-03,2026-08-16,new01,1003,9093968,Flowood,22.11,0.0,tip01,110.45,86Sandwich,13.0
2026-08-03,2026-08-16,new01,1003,9094360,Flowood,35.980000000000004,0.0,tip01,179.74,80Expo,14.0
2026-08-03,2026-08-16,new01,1003,9094368,Flowood,4.77,0.0,tip01,23.83,72CaterTL,14.0
2026-08-03,2026-08-16,new01,1003,9094368,Flowood,22.73,0.0,tip01,113.56,82Prep,14.0
2026-08-03,2026-08-16,new01,1003,9094368,Flowood,8.48,0.0,tip01,42.37,83Salad,14.0
2026-08-03,2026-08-16,new01,1003,9094368,Flowood,12.529999999999998,0.0,tip01,62.60,86Sandwich,14.0
2026-08-03,2026-08-16,new01,1003,9095331,Flowood,15.120000000000001,0.0,tip01,75.54,70Server,12.5
2026-08-03,2026-08-16,new01,1003,9095331,Flowood,5.1,0.0,tip01,25.48,80Expo,12.5
2026-08-03,2026-08-16,new01,1003,9099637,Flowood,49.410000000000004,0.0,tip01,246.88,84Pizza,13.5
2026-08-03,2026-08-16,new01,1003,9099637,Flowood,19.34,0.0,tip01,96.62,86Sandwich,13.5
2026-08-03,2026-08-16,new01,1003,9099884,Flowood,26.479999999999997,0.0,tip01,132.30,5ShiftLead,15.0
2026-08-03,2026-08-16,new01,1003,9099884,Flowood,17.47,0.0,tip01,87.27,80Expo,13.0
2026-08-03,2026-08-16,new01,1003,9099884,Flowood,5.09,0.0,tip01,25.43,83Salad,13.0
2026-08-03,2026-08-16,new01,1003,9099988,Flowood,30.73,0.0,tip01,153.53,5ShiftLead,15.0
2026-08-03,2026-08-16,new01,1003,9099988,Flowood,8.96,0.0,tip01,44.76,80Expo,13.0
2026-08-03,2026-08-16,new01,1003,9099988,Flowood,2.61,0.0,tip01,13.04,83Salad,13.0
2026-08-03,2026-08-16,new01,1003,9100527,Flowood,4.56,0.0,tip01,22.78,74DRAttend,12.0
2026-08-03,2026-08-16,new01,1003,9100527,Flowood,12.030000000000001,0.0,tip01,60.10,84Pizza,12.0
2026-08-03,2026-08-16,new01,1003,9101637,Flowood,49.34,0.0,tip01,246.53,70Server,13.5
2026-08-03,2026-08-16,new01,1003,9101882,Flowood,20.6,0.0,tip01,102.90,70Server,10.0
2026-08-03,2026-08-16,new01,1003,9102121,Flowood,19.490000000000002,0.0,tip01,97.37,80Expo,12.0
2026-08-03,2026-08-16,new01,1003,9102121,Flowood,33.57,0.0,tip01,167.72,83Salad,12.0
2026-08-03,2026-08-16,new01,1003,9102244,Flowood,3.65,0.0,tip01,18.24,70Server,11.0
2026-08-03,2026-08-16,new01,1003,9102244,Flowood,26.15,0.0,tip01,130.63,80Expo,11.0
2026-08-03,2026-08-16,new01,1003,9102507,Flowood,35.03,0.0,tip01,175.00,86Sandwich,12.0
2026-08-03,2026-08-16,new01,1003,9102633,Flowood,5.51,0.0,tip01,27.53,70Server,12.5
2026-08-03,2026-08-16,new01,1003,9102633,Flowood,28.19,0.0,tip01,140.82,86Sandwich,12.5
2026-08-03,2026-08-16,new01,1003,9102698,Flowood,5.18,0.0,tip01,25.88,70Server,12.5
2026-08-03,2026-08-16,new01,1003,9102698,Flowood,8.84,0.0,tip01,44.16,86Sandwich,12.5
2026-08-03,2026-08-16,new01,1003,9102824,Flowood,3.97,0.0,tip01,19.84,74DRAttend,13.25
2026-08-03,2026-08-16,new01,1003,9102824,Flowood,8.5,0.0,tip01,42.46,81Dish,13.25
2026-08-03,2026-08-16,new01,1003,9102824,Flowood,35.48,0.0,tip01,177.24,84Pizza,13.25
2026-08-03,2026-08-16,new01,1003,9102824,Flowood,17.79,0.0,tip01,88.88,86Sandwich,13.25
2026-08-03,2026-08-16,new01,1003,9102959,Flowood,12.67,0.0,tip01,63.31,74DRAttend,9.0
2026-08-03,2026-08-16,new01,1003,9102960,Flowood,15.52,0.0,tip01,77.53,70Server,11.0
2026-08-03,2026-08-16,new01,1003,9103192,Flowood,16.88,0.0,tip01,84.33,41Training,12.0
2026-08-03,2026-08-16,new01,1003,9103192,Flowood,26.14,0.0,tip01,130.60,83Salad,12.0
2026-08-03,2026-08-16,new01,1003,9103251,Flowood,25.57,0.0,tip01,127.76,70Server,11.0
2026-08-03,2026-08-16,new01,1003,9103299,Flowood,62.79,0.0,tip01,313.68,41Training,11.0
2026-08-03,2026-08-16,new01,1003,9103306,Flowood,7.35,0.0,tip01,36.72,74DRAttend,11.0
2026-08-03,2026-08-16,new01,1003,9103344,Flowood,39.64,0.0,tip01,198.04,83Salad,12.0
2026-08-03,2026-08-16,new01,1003,9103483,Flowood,22.26,0.0,tip01,111.20,84Pizza,12.0
2026-08-03,2026-08-16,new01,1003,9103520,Flowood,12.66,0.0,tip01,63.26,74DRAttend,9.0
2026-08-03,2026-08-16,new01,1003,9103545,Flowood,40.07000000000001,0.0,tip01,200.19,70Server,11.0
2026-08-03,2026-08-16,new01,1003,9103566,Flowood,14.450000000000001,0.0,tip01,72.19,41Training,12.0
2026-08-03,2026-08-16,new01,1003,9103566,Flowood,41.58,0.0,tip01,207.72,81Dish,12.0
2026-08-03,2026-08-16,new01,1003,9103722,Flowood,16.11,0.0,tip01,80.49,83Salad,11.0
2026-08-03,2026-08-16,new01,1003,9103741,Flowood,50.86,0.0,tip01,254.11,70Server,12.0
2026-08-03,2026-08-16,new01,1003,9103941,Flowood,24.939999999999998,0.0,tip01,124.60,70Server,11.0
2026-08-03,2026-08-16,new01,1003,9103954,Flowood,37.160000000000004,0.0,tip01,185.64,70Server,10.0
2026-08-03,2026-08-16,new01,1003,9103967,Flowood,31.169999999999998,0.0,tip01,155.75,70Server,11.0
2026-08-03,2026-08-16,new01,1003,9103978,Flowood,41.160000000000004,0.0,tip01,205.62,70Server,11.0
2026-08-03,2026-08-16,new01,1003,9104067,Flowood,24.4,0.0,tip01,121.91,70Server,10.0
2026-08-03,2026-08-16,new01,1003,9104069,Flowood,65.39999999999999,0.0,tip01,326.76,81Dish,12.0
2026-08-03,2026-08-16,new01,1003,9104105,Flowood,19.68,0.0,tip01,98.32,82Prep,15.0
2026-08-03,2026-08-16,new01,1003,9104105,Flowood,26.639999999999997,0.0,tip01,133.08,86Sandwich,15.0
2026-08-03,2026-08-16,new01,1003,9104137,Flowood,29.22,0.0,tip01,145.99,70Server,11.0
2026-08-03,2026-08-16,new01,1003,9104141,Flowood,13.15,0.0,tip01,65.69,74DRAttend,12.0
2026-08-03,2026-08-16,new01,1003,9104181,Flowood,13.700000000000001,0.0,tip01,68.44,40Training,12.0
2026-08-03,2026-08-16,new01,1003,9104209,Flowood,8.239999999999998,0.0,tip01,41.16,70Server,11.0
2026-08-03,2026-08-16,new01,1004,1000,TUSC,40.43000000000001,0.0,tip01,170.83,5ShiftLead,0.0
2026-08-03,2026-08-16,new01,1004,1001,TUSC,80.00000000000001,34.73,tip01,484.78,5ShiftLead,0.0
2026-08-03,2026-08-16,new01,1004,1010862,TUSC,61.999999999999986,0.0,tip01,261.98,74DRAttend,15.0
2026-08-03,2026-08-16,new01,1004,1011655,TUSC,40.0,5.63,tip01,192.81,7CerTrainr,13.0
2026-08-03,2026-08-16,new01,1004,1011655,TUSC,40.0,9.09,tip01,207.42,7CerTrainr,15.0
2026-08-03,2026-08-16,new01,1004,1011659,TUSC,36.45,0.0,tip01,154.02,5ShiftLead,14.0
2026-08-03,2026-08-16,new01,1004,1012062,TUSC,72.19,0.0,tip01,305.02,82Prep,15.5
2026-08-03,2026-08-16,new01,1004,1012110,TUSC,77.02999999999999,2.99,tip01,338.12,72CaterTL,14.0
2026-08-03,2026-08-16,new01,1004,1012130,TUSC,52.68,0.0,tip01,222.61,86Sandwich,10.0
2026-08-03,2026-08-16,new01,1004,1012139,TUSC,59.480000000000004,0.0,tip01,251.33,82Prep,13.0
2026-08-03,2026-08-16,new01,1004,1012144,TUSC,66.38000000000001,0.0,tip01,280.46,86Sandwich,11.5
2026-08-03,2026-08-16,new01,1004,1012157,TUSC,53.25,0.0,tip01,224.99,70Server,11.0
2026-08-03,2026-08-16,new01,1004,1012168,TUSC,40.0,1.78,tip01,176.54,70Server,0.0
2026-08-03,2026-08-16,new01,1004,1012168,TUSC,30.57,0.0,tip01,129.17,70Server,12.0
2026-08-03,2026-08-16,new01,1004,1012172,TUSC,57.99,0.0,tip01,245.04,81Dish,10.0
2026-08-03,2026-08-16,new01,1004,1012174,TUSC,56.99000000000001,0.0,tip01,240.79,70Server,11.0
2026-08-03,2026-08-16,new01,1004,1012178,TUSC,9.47,0.0,tip01,40.01,86Sandwich,11.0
2026-08-03,2026-08-16,new01,1004,1012203,TUSC,17.509999999999998,0.0,tip01,73.98,70Server,10.0
2026-08-03,2026-08-16,new01,1004,1012212,TUSC,75.80000000000001,0.0,tip01,320.30,86Sandwich,10.0
2026-08-03,2026-08-16,new01,1004,1012221,TUSC,55.65,0.0,tip01,235.14,70Server,10.0
2026-08-03,2026-08-16,new01,1004,1012222,TUSC,66.24000000000001,0.0,tip01,279.87,86Sandwich,11.0
2026-08-03,2026-08-16,new01,1004,1012223,TUSC,33.16,0.0,tip01,140.11,83Salad,11.0
2026-08-03,2026-08-16,new01,1004,1012231,TUSC,31.82,0.0,tip01,134.45,70Server,10.0
2026-08-03,2026-08-16,new01,1004,1012232,TUSC,30.56,0.0,tip01,129.12,70Server,10.0
2026-08-03,2026-08-16,new01,1004,1012255,TUSC,45.47,0.0,tip01,192.14,5ShiftLead,12.0
2026-08-03,2026-08-16,new01,1004,1012259,TUSC,55.33,0.0,tip01,233.79,70Server,10.0
2026-08-03,2026-08-16,new01,1004,1012260,TUSC,50.23,0.0,tip01,212.25,84Pizza,10.0
2026-08-03,2026-08-16,new01,1004,1012265,TUSC,50.050000000000004,0.0,tip01,211.49,86Sandwich,10.0
2026-08-03,2026-08-16,new01,1004,1012267,TUSC,45.879999999999995,0.0,tip01,193.87,86Sandwich,10.0
2026-08-03,2026-08-16,new01,1004,1012273,TUSC,29.97,0.0,tip01,126.64,70Server,10.0
2026-08-03,2026-08-16,new01,1004,1012274,TUSC,42.419999999999995,0.0,tip01,179.24,86Sandwich,10.0
2026-08-03,2026-08-16,new01,1004,1012276,TUSC,58.510000000000005,0.0,tip01,247.23,70Server,10.0
2026-08-03,2026-08-16,new01,1004,1012277,TUSC,60.89000000000001,0.0,tip01,257.26,81Dish,10.0
2026-08-03,2026-08-16,new01,1004,1012278,TUSC,12.12,0.0,tip01,51.21,86Sandwich,10.0
2026-08-03,2026-08-16,new01,1004,1012279,TUSC,16.32,0.0,tip01,68.96,86Sandwich,10.0
2026-08-03,2026-08-16,new01,1004,1012280,TUSC,16.380000000000003,0.0,tip01,69.21,70Server,10.0
2026-08-03,2026-08-16,new01,1004,1012281,TUSC,8.84,0.0,tip01,37.35,70Server,10.0
2026-08-03,2026-08-16,new01,1005,1005,Hattiesburg,75.31,5.3100000000000005,tip01,327.62,82Prep,16.0
2026-08-03,2026-08-16,new01,1005,2199,Hattiesburg,71.62,0.0,tip01,291.05,84Pizza,15.0
2026-08-03,2026-08-16,new01,1005,2234,Hattiesburg,50.82999999999999,0.0,tip01,206.55,80Expo,15.0
2026-08-03,2026-08-16,new01,1005,2255,Hattiesburg,55.480000000000004,0.0,tip01,225.46,82Prep,15.0
2026-08-03,2026-08-16,new01,1005,2308,Hattiesburg,13.99,0.0,tip01,56.85,80Expo,14.5
2026-08-03,2026-08-16,new01,1005,2321,Hattiesburg,71.4,0.0,tip01,290.17,80Expo,14.0
2026-08-03,2026-08-16,new01,1005,2345,Hattiesburg,40.85999999999999,0.0,tip01,166.07,70Server,14.5
2026-08-03,2026-08-16,new01,1005,2345,Hattiesburg,11.17,0.0,tip01,45.39,80Expo,14.5
2026-08-03,2026-08-16,new01,1005,2345,Hattiesburg,14.11,0.0,tip01,57.34,83Salad,14.5
2026-08-03,2026-08-16,new01,1005,2370,Hattiesburg,77.88999999999999,0.0,tip01,316.53,81Dish,15.5
2026-08-03,2026-08-16,new01,1005,2372,Hattiesburg,65.55999999999999,0.0,tip01,266.43,86Sandwich,12.0
2026-08-03,2026-08-16,new01,1005,2383,Hattiesburg,30.09,0.0,tip01,122.29,81Dish,13.0
2026-08-03,2026-08-16,new01,1005,2387,Hattiesburg,53.339999999999996,0.0,tip01,216.77,81Dish,13.0
2026-08-03,2026-08-16,new01,1005,2392,Hattiesburg,75.39,0.0,tip01,306.37,83Salad,13.5
2026-08-03,2026-08-16,new01,1005,2420,Hattiesburg,43.57,0.0,tip01,177.07,70Server,11.0
2026-08-03,2026-08-16,new01,1005,2420,Hattiesburg,6.13,0.0,tip01,24.91,83Salad,11.0
2026-08-03,2026-08-16,new01,1005,2430,Hattiesburg,43.050000000000004,0.0,tip01,174.96,81Dish,10.5
2026-08-03,2026-08-16,new01,1005,2431,Hattiesburg,58.279999999999994,0.0,tip01,236.84,70Server,12.0
2026-08-03,2026-08-16,new01,1005,2434,Hattiesburg,54.06999999999999,0.0,tip01,219.73,86Sandwich,9.5
2026-08-03,2026-08-16,new01,1005,2436,Hattiesburg,18.32,0.0,tip01,74.46,70Server,10.5
2026-08-03,2026-08-16,new01,1005,2437,Hattiesburg,31.609999999999996,0.0,tip01,128.47,80Expo,13.0
2026-08-03,2026-08-16,new01,1005,2437,Hattiesburg,36.26,0.0,tip01,147.35,83Salad,13.0
2026-08-03,2026-08-16,new01,1005,2441,Hattiesburg,58.429999999999986,0.0,tip01,237.45,70Server,10.0
2026-08-03,2026-08-16,new01,1005,2442,Hattiesburg,0.15,0.0,tip01,0.61,81Dish,12.0
2026-08-03,2026-08-16,new01,1005,2442,Hattiesburg,37.86,0.0,tip01,153.86,83Salad,12.0
2026-08-03,2026-08-16,new01,1005,2442,Hattiesburg,11.66,0.0,tip01,47.39,86Sandwich,12.0
2026-08-03,2026-08-16,new01,1005,2460,Hattiesburg,25.700000000000003,0.0,tip01,104.44,70Server,12.0
2026-08-03,2026-08-16,new01,1005,2465,Hattiesburg,72.66999999999999,0.0,tip01,295.33,84Pizza,12.0
2026-08-03,2026-08-16,new01,1005,2474,Hattiesburg,4.64,0.0,tip01,18.86,82Prep,12.5
2026-08-03,2026-08-16,new01,1005,2474,Hattiesburg,57.17000000000001,0.0,tip01,232.32,86Sandwich,12.5
2026-08-03,2026-08-16,new01,1005,2475,Hattiesburg,5.35,0.0,tip01,21.74,40Training,12.5
2026-08-03,2026-08-16,new01,1005,2475,Hattiesburg,19.36,0.0,tip01,78.68,83Salad,12.5
2026-08-03,2026-08-16,new01,1005,2475,Hattiesburg,41.589999999999996,0.0,tip01,169.01,86Sandwich,12.5
2026-08-03,2026-08-16,new01,1005,2476,Hattiesburg,64.51,0.0,tip01,262.15,81Dish,10.0
2026-08-03,2026-08-16,new01,1005,2481,Hattiesburg,24.4,0.0,tip01,99.16,80Expo,9.0
2026-08-03,2026-08-16,new01,1005,2483,Hattiesburg,33.7,0.0,tip01,136.96,70Server,9.0
2026-08-03,2026-08-16,new01,1005,2485,Hattiesburg,58.6,0.0,tip01,238.13,81Dish,10.0
2026-08-03,2026-08-16,new01,1005,2487,Hattiesburg,0.69,0.0,tip01,2.80,70Server,11.0
2026-08-03,2026-08-16,new01,1005,2488,Hattiesburg,29.600000000000005,0.0,tip01,120.30,81Dish,10.0
2026-08-03,2026-08-16,new01,1005,2490,Hattiesburg,21.659999999999997,0.0,tip01,88.02,70Server,9.0
2026-08-03,2026-08-16,new01,1005,2491,Hattiesburg,25.570000000000004,0.0,tip01,103.91,81Dish,8.0
2026-08-03,2026-08-16,new01,1005,2494,Hattiesburg,50.69,0.0,tip01,206.00,81Dish,10.0
2026-08-03,2026-08-16,new01,1005,2495,Hattiesburg,24.14,0.0,tip01,98.10,70Server,10.0
2026-08-03,2026-08-16,new01,1005,2496,Hattiesburg,28.94,0.0,tip01,117.60,70Server,9.0
2026-08-03,2026-08-16,new01,1005,2502,Hattiesburg,37.71000000000001,0.0,tip01,153.25,70Server,9.0
2026-08-03,2026-08-16,new01,1005,2504,Hattiesburg,16.78,0.0,tip01,68.19,81Dish,9.0
2026-08-03,2026-08-16,new01,1005,2505,Hattiesburg,35.8,0.0,tip01,145.48,81Dish,9.0
2026-08-03,2026-08-16,new01,1005,2506,Hattiesburg,39.089999999999996,0.0,tip01,158.85,70Server,9.0
2026-08-03,2026-08-16,new01,1005,2507,Hattiesburg,32.27,0.0,tip01,131.13,70Server,9.5
2026-08-03,2026-08-16,new01,1005,2510,Hattiesburg,32.230000000000004,0.0,tip01,130.99,81Dish,9.0
2026-08-03,2026-08-16,new01,1005,2512,Hattiesburg,49.31,0.0,tip01,200.39,82Prep,11.0
2026-08-03,2026-08-16,new01,1005,2514,Hattiesburg,21.11,0.0,tip01,85.78,70Server,10.0
2026-08-03,2026-08-16,new01,1005,2515,Hattiesburg,51.96,0.0,tip01,211.16,70Server,9.0
2026-08-03,2026-08-16,new01,1005,2516,Hattiesburg,6.24,0.0,tip01,25.36,81Dish,9.0
2026-08-03,2026-08-16,new01,1005,2517,Hattiesburg,29.090000000000003,0.0,tip01,118.22,70Server,10.0
2026-08-03,2026-08-16,new01,1005,2519,Hattiesburg,27.970000000000002,0.0,tip01,113.68,81Dish,9.0
2026-08-03,2026-08-16,new01,1005,2520,Hattiesburg,28.29,0.0,tip01,114.97,81Dish,9.0
2026-08-03,2026-08-16,new01,1005,2521,Hattiesburg,28.25,0.0,tip01,114.80,70Server,9.0
2026-08-03,2026-08-16,new01,1005,2522,Hattiesburg,51.56999999999999,0.0,tip01,209.58,81Dish,10.0
2026-08-03,2026-08-16,new01,1005,2523,Hattiesburg,11.54,0.0,tip01,46.90,81Dish,10.0
2026-08-03,2026-08-16,new01,1005,2524,Hattiesburg,11.2,0.0,tip01,45.52,70Server,10.0
2026-08-03,2026-08-16,new01,1005,448,Hattiesburg,76.65,0.0,tip01,311.51,81Dish,16.0
2026-08-03,2026-08-16,new01,1005,616,Hattiesburg,49.89,0.0,tip01,202.75,72CaterTL,16.0
2026-08-03,2026-08-16,new01,1005,890,Hattiesburg,11.31,0.0,tip01,45.97,82Prep,13.0
2026-08-03,2026-08-16,new01,1005,946,Hattiesburg,72.73,0.0,tip01,295.58,80Expo,16.0
2026-08-03,2026-08-16,new01,1005,971,Hattiesburg,33.05,0.0,tip01,134.30,80Expo,15.0
2026-08-03,2026-08-16,new01,1006,2020423,,15.149999999999999,0.0,tip01,54.88,82Prep,15.0
2026-08-03,2026-08-16,new01,1006,2020641,,72.3,0.0,tip01,261.93,7CerTrainr,16.0
2026-08-03,2026-08-16,new01,1006,2020680,,22.98,0.0,tip01,83.26,82Prep,15.25
2026-08-03,2026-08-16,new01,1006,2020682,,41.489999999999995,0.0,tip01,150.29,86Sandwich,14.0
2026-08-03,2026-08-16,new01,1006,2020704,,22.470000000000002,0.0,tip01,81.40,82Prep,14.0
2026-08-03,2026-08-16,new01,1006,2020720,,50.379999999999995,0.0,tip01,182.52,86Sandwich,14.5
2026-08-03,2026-08-16,new01,1006,2020728,,9.66,0.0,tip01,35.00,70Server,14.5
2026-08-03,2026-08-16,new01,1006,2020731,,9.5,0.0,tip01,34.41,40Training,14.75
2026-08-03,2026-08-16,new01,1006,2020736,,25.660000000000004,0.0,tip01,92.96,86Sandwich,13.5
2026-08-03,2026-08-16,new01,1006,2020747,,55.33,0.0,tip01,200.45,7CerTrainr,15.5
2026-08-03,2026-08-16,new01,1006,2020759,,12.07,0.0,tip01,43.72,41Training,13.5
2026-08-03,2026-08-16,new01,1006,2020764,,29.480000000000004,0.0,tip01,106.80,80Expo,14.0
2026-08-03,2026-08-16,new01,1006,2020768,,55.79,0.0,tip01,202.12,72CaterTL,16.0
2026-08-03,2026-08-16,new01,1006,2020769,,27.63,0.0,tip01,100.09,41Training,14.0
2026-08-03,2026-08-16,new01,1006,2020771,,50.559999999999995,0.0,tip01,183.16,82Prep,14.0
2026-08-03,2026-08-16,new01,1006,2020775,,12.89,0.0,tip01,46.70,70Server,14.5
2026-08-03,2026-08-16,new01,1006,2020788,,41.230000000000004,0.0,tip01,149.36,80Expo,14.0
2026-08-03,2026-08-16,new01,1006,2020793,,10.36,0.0,tip01,37.54,81Dish,14.0
2026-08-03,2026-08-16,new01,1006,20208002,,21.77,0.0,tip01,78.87,41Training,14.0
2026-08-03,2026-08-16,new01,1006,2020804,,43.440000000000005,0.0,tip01,157.36,70Server,15.0
2026-08-03,2026-08-16,new01,1006,2020808,,51.019999999999996,0.0,tip01,184.83,81Dish,14.5
2026-08-03,2026-08-16,new01,1006,2020810,,51.489999999999995,0.0,tip01,186.53,40Training,14.0
2026-08-03,2026-08-16,new01,1006,2020810,,38.98,0.0,tip01,141.22,41Training,14.0
2026-08-03,2026-08-16,new01,1006,2020811,,14.35,0.0,tip01,51.98,70Server,15.5
2026-08-03,2026-08-16,new01,1006,2020812,,21.799999999999997,0.0,tip01,78.98,70Server,14.25
2026-08-03,2026-08-16,new01,1006,2020813,,12.27,0.0,tip01,44.45,81Dish,14.0
2026-08-03,2026-08-16,new01,1006,2020814,,22.8,0.0,tip01,82.61,70Server,14.5
2026-08-03,2026-08-16,new01,1006,2020817,,40.51,0.0,tip01,146.76,40Training,14.0
2026-08-03,2026-08-16,new01,1006,2020825,,38.58,0.0,tip01,139.75,70Server,14.5
2026-08-03,2026-08-16,new01,1006,2020825,,48.970000000000006,0.0,tip01,177.40,86Sandwich,0.0
2026-08-03,2026-08-16,new01,1006,2020828,,52.09,0.0,tip01,188.71,74DRAttend,14.0
2026-08-03,2026-08-16,new01,1006,2020829,,14.32,0.0,tip01,51.87,40Training,14.75
2026-08-03,2026-08-16,new01,1006,2020829,,49.93000000000001,0.0,tip01,180.89,40Training,15.5
2026-08-03,2026-08-16,new01,1006,2020833,,65.4,0.0,tip01,236.92,70Server,0.0
2026-08-03,2026-08-16,new01,1006,2020834,,50.54,0.0,tip01,183.09,81Dish,14.0
2026-08-03,2026-08-16,new01,1006,2020835,,10.98,0.0,tip01,39.78,86Sandwich,14.0
2026-08-03,2026-08-16,new01,1006,2020835,,29.3,0.0,tip01,106.15,86Sandwich,15.5
2026-08-03,2026-08-16,new01,1006,2020837,,26.639999999999997,0.0,tip01,96.50,70Server,14.0
2026-08-03,2026-08-16,new01,1006,2020838,,21.61,0.0,tip01,78.29,70Server,14.0
2026-08-03,2026-08-16,new01,1006,2020839,,16.41,0.0,tip01,59.45,41Training,14.0
2026-08-03,2026-08-16,new01,1007,7887,CYPRESS,78.05,0.0,tip01,389.81,82Prep,14.0
2026-08-03,2026-08-16,new01,1007,AARROYO34,CYPRESS,38.25000000000001,0.0,tip01,191.05,74DRAttend,13.0
2026-08-03,2026-08-16,new01,1007,ACUAGUICOL1,CYPRESS,57.08,0.0,tip01,285.07,84Pizza,13.0
2026-08-03,2026-08-16,new01,1007,AJONES1345,CYPRESS,73.19,0.0,tip01,365.54,5ShiftLead,0.0
2026-08-03,2026-08-16,new01,1007,AJROWLAND1,CYPRESS,15.23,0.0,tip01,76.07,70Server,10.0
2026-08-03,2026-08-16,new01,1007,AJROWLAND1,CYPRESS,48.239999999999995,0.0,tip01,240.93,74DRAttend,10.0
2026-08-03,2026-08-16,new01,1007,AMONDRAGONMOLINA,CYPRESS,52.620000000000005,0.0,tip01,262.82,70Server,10.0
2026-08-03,2026-08-16,new01,1007,APAZ32,CYPRESS,18.0,0.0,tip01,89.90,70Server,12.0
2026-08-03,2026-08-16,new01,1007,BARGUETA5,CYPRESS,5.3,0.0,tip01,26.47,74DRAttend,12.0
2026-08-03,2026-08-16,new01,1007,BARGUETA5,CYPRESS,6.47,0.0,tip01,32.31,81Dish,12.0
2026-08-03,2026-08-16,new01,1007,BARGUETA5,CYPRESS,7.07,0.0,tip01,35.31,84Pizza,12.0
2026-08-03,2026-08-16,new01,1007,CCRUZ212,CYPRESS,57.14000000000001,0.0,tip01,285.37,81Dish,12.0
2026-08-03,2026-08-16,new01,1007,DSPARACINO,CYPRESS,23.259999999999998,0.0,tip01,116.17,70Server,9.0
2026-08-03,2026-08-16,new01,1007,DSPARACINO,CYPRESS,24.95,0.0,tip01,124.61,74DRAttend,9.0
2026-08-03,2026-08-16,new01,1007,FJCAXAJGUTIERREZ1,CYPRESS,35.959999999999994,0.0,tip01,179.59,84Pizza,14.0
2026-08-03,2026-08-16,new01,1007,FJCAXAJGUTIERREZ1,CYPRESS,8.5,0.0,tip01,42.45,86Sandwich,14.0
2026-08-03,2026-08-16,new01,1007,JCAXAJ4,CYPRESS,64.98,0.0,tip01,324.55,84Pizza,16.0
2026-08-03,2026-08-16,new01,1007,JMARTINEZ1358,CYPRESS,28.169999999999998,0.0,tip01,140.69,84Pizza,14.0
2026-08-03,2026-08-16,new01,1007,KAJPACAJA,CYPRESS,56.24999999999999,0.0,tip01,280.95,70Server,11.0
2026-08-03,2026-08-16,new01,1007,KEHERNANDEZ8,CYPRESS,78.59,0.0,tip01,392.50,5ShiftLead,0.0
2026-08-03,2026-08-16,new01,1007,LAORDAZ1,CYPRESS,41.68999999999999,0.0,tip01,208.22,70Server,12.0
2026-08-03,2026-08-16,new01,1007,LLARA28,CYPRESS,32.74,0.0,tip01,163.51,74DRAttend,15.0
2026-08-03,2026-08-16,new01,1007,MAARIAS7,CYPRESS,53.260000000000005,0.0,tip01,266.00,74DRAttend,16.0
2026-08-03,2026-08-16,new01,1007,MCORADOESCAMILLAS,CYPRESS,67.19000000000001,0.0,tip01,335.57,83Salad,12.0
2026-08-03,2026-08-16,new01,1007,MGALLARDO29,CYPRESS,10.780000000000001,0.0,tip01,53.84,83Salad,13.0
2026-08-03,2026-08-16,new01,1007,MGALLARDO29,CYPRESS,22.18,0.0,tip01,110.77,84Pizza,13.0
2026-08-03,2026-08-16,new01,1007,MJRIVERA7,CYPRESS,8.85,0.0,tip01,44.20,74DRAttend,12.0
2026-08-03,2026-08-16,new01,1007,MMARTINEZ1134,CYPRESS,58.43,0.0,tip01,291.84,83Salad,11.0
2026-08-03,2026-08-16,new01,1007,PRODRIGUEZ196,CYPRESS,47.17,0.0,tip01,235.58,70Server,9.5
2026-08-03,2026-08-16,new01,1007,PRODRIGUEZ196,CYPRESS,15.149999999999999,0.0,tip01,75.66,74DRAttend,9.5
2026-08-03,2026-08-16,new01,1007,RLASCANO,CYPRESS,13.079999999999998,0.0,tip01,65.33,74DRAttend,12.0
2026-08-03,2026-08-16,new01,1007,RLASCANO,CYPRESS,55.25000000000001,0.0,tip01,275.94,86Sandwich,12.0
2026-08-03,2026-08-16,new01,1007,VLTHONG,CYPRESS,46.89,0.0,tip01,234.19,70Server,9.5
2026-08-03,2026-08-16,new01,1007,VLTHONG,CYPRESS,7.25,0.0,tip01,36.21,74DRAttend,9.5
2026-08-03,2026-08-16,new01,1008,ALQUICK,,41.68000000000001,0.0,tip01,128.86,72CaterTL,11.0
2026-08-03,2026-08-16,new01,1008,ARYOUNG10,,26.909999999999997,0.0,tip01,83.20,84Pizza,10.0
2026-08-03,2026-08-16,new01,1008,ATRYBALSKI,,51.44000000000001,0.0,tip01,159.04,72CaterTL,11.0
2026-08-03,2026-08-16,new01,1008,CTUNDERWOOD1,,10.07,0.0,tip01,31.14,81Dish,11.0
2026-08-03,2026-08-16,new01,1008,CTUNDERWOOD1,,18.909999999999997,0.0,tip01,58.47,84Pizza,11.0
2026-08-03,2026-08-16,new01,1008,CTUNDERWOOD1,,29.74,0.0,tip01,91.95,86Sandwich,11.0
2026-08-03,2026-08-16,new01,1008,DMHOUSTON9,,35.82,0.0,tip01,110.75,70Server,10.0
2026-08-03,2026-08-16,new01,1008,GCBURKES,,12.67,0.0,tip01,39.17,70Server,10.0
2026-08-03,2026-08-16,new01,1008,JHOLMES213,,60.790000000000006,0.0,tip01,187.94,86Sandwich,12.0
2026-08-03,2026-08-16,new01,1008,JHUDSON133,,40.709999999999994,0.0,tip01,125.87,86Sandwich,15.0
2026-08-03,2026-08-16,new01,1008,JLAIRD20,,80.0,10.3,tip01,279.17,5ShiftLead,0.0
2026-08-03,2026-08-16,new01,1008,JWNIDIFFER,,51.94,0.0,tip01,160.59,82Prep,10.0
2026-08-03,2026-08-16,new01,1008,KASOKOL,,78.89000000000001,0.0,tip01,243.91,70Server,10.0
2026-08-03,2026-08-16,new01,1008,KLDOWDELL,,26.63,0.0,tip01,82.32,70Server,9.5
2026-08-03,2026-08-16,new01,1008,LDEATON3,,77.91000000000001,3.39,tip01,251.34,81Dish,12.0
2026-08-03,2026-08-16,new01,1008,LJSTEWART3,,80.0,10.27,tip01,279.07,5ShiftLead,0.0
2026-08-03,2026-08-16,new01,1008,LMAGANA10,,37.65,0.0,tip01,116.39,82Prep,15.0
2026-08-03,2026-08-16,new01,1008,LVWALTON1,,48.50999999999999,0.0,tip01,149.98,83Salad,13.5
2026-08-03,2026-08-16,new01,1008,MWITHERSPOON8,,15.58,0.0,tip01,48.16,70Server,15.0
2026-08-03,2026-08-16,new01,1008,MWITHERSPOON8,,2.33,0.0,tip01,7.20,83Salad,15.0
2026-08-03,2026-08-16,new01,1008,MWITHERSPOON8,,2.2,0.0,tip01,6.80,84Pizza,15.0
2026-08-03,2026-08-16,new01,1008,ODGRADY1,,9.83,0.0,tip01,30.39,81Dish,12.0
2026-08-03,2026-08-16,new01,1008,ODGRADY1,,9.41,0.0,tip01,29.09,84Pizza,12.0
2026-08-03,2026-08-16,new01,1008,REDWARDS214,,67.15,0.0,tip01,207.60,7CerTrainr,15.5
2026-08-03,2026-08-16,new01,1008,RWDAVIS7,,66.39,0.0,tip01,205.24,70Server,11.0
2026-08-03,2026-08-16,new01,1008,RWILLIAMS1023,,60.58,0.0,tip01,187.30,70Server,13.25
2026-08-03,2026-08-16,new01,1008,SREESE45,,71.4,0.0,tip01,220.73,81Dish,10.0
2026-08-03,2026-08-16,new01,1008,SSGLOVER1,,34.1,0.0,tip01,105.42,82Prep,11.0
2026-08-03,2026-08-16,new01,1008,TDCRAWFORD4,,4.0,0.0,tip01,12.37,81Dish,10.0
2026-08-03,2026-08-16,new01,1008,TDCRAWFORD4,,4.36,0.0,tip01,13.48,83Salad,10.0
2026-08-03,2026-08-16,new01,1008,TDCRAWFORD4,,12.82,0.0,tip01,39.64,84Pizza,10.0
2026-08-03,2026-08-16,new01,1008,TGAMBLE20,,71.16,0.0,tip01,219.99,83Salad,18.75
2026-08-03,2026-08-16,new01,1008,WHOUSTON15,,49.37,0.0,tip01,152.65,74DRAttend,11.0
2026-08-03,2026-08-16,new01,1009,7070286,,51.47999999999999,0.0,tip01,215.25,5ShiftLead,17.5
2026-08-03,2026-08-16,new01,1009,7070286,,6.66,0.0,tip01,27.85,80Expo,17.5
2026-08-03,2026-08-16,new01,1009,7070286,,8.5,0.0,tip01,35.54,84Pizza,17.5
2026-08-03,2026-08-16,new01,1009,9090225,,73.52999999999999,0.0,tip01,307.45,82Prep,15.5
2026-08-03,2026-08-16,new01,1009,9096239,,51.93,0.0,tip01,217.11,83Salad,16.0
2026-08-03,2026-08-16,new01,1009,9097612,,26.28,0.0,tip01,109.88,5ShiftLead,15.0
2026-08-03,2026-08-16,new01,1009,9097612,,18.259999999999998,0.0,tip01,76.35,80Expo,15.0
2026-08-03,2026-08-16,new01,1009,9099466,,8.16,0.0,tip01,34.12,80Expo,16.0
2026-08-03,2026-08-16,new01,1009,9099466,,4.45,0.0,tip01,18.61,82Prep,16.0
2026-08-03,2026-08-16,new01,1009,9099466,,4.35,0.0,tip01,18.19,83Salad,16.0
2026-08-03,2026-08-16,new01,1009,9099466,,25.229999999999997,0.0,tip01,105.50,86Sandwich,16.0
2026-08-03,2026-08-16,new01,1009,9099472,,72.33000000000001,0.0,tip01,302.43,82Prep,15.5
2026-08-03,2026-08-16,new01,1009,9099489,,21.07,0.0,tip01,88.10,74DRAttend,11.0
2026-08-03,2026-08-16,new01,1009,9099489,,4.67,0.0,tip01,19.53,81Dish,11.0
2026-08-03,2026-08-16,new01,1009,9099489,,32.2,0.0,tip01,134.64,84Pizza,11.0
2026-08-03,2026-08-16,new01,1009,9100511,,8.84,0.0,tip01,36.96,70Server,13.0
2026-08-03,2026-08-16,new01,1009,9100511,,8.04,0.0,tip01,33.62,80Expo,13.0
2026-08-03,2026-08-16,new01,1009,9100511,,34.279999999999994,0.0,tip01,143.33,83Salad,13.0
2026-08-03,2026-08-16,new01,1009,9100511,,10.29,0.0,tip01,43.02,86Sandwich,13.0
2026-08-03,2026-08-16,new01,1009,9101372,,19.99,0.0,tip01,83.59,74DRAttend,10.0
2026-08-03,2026-08-16,new01,1009,9101862,,31.19,0.0,tip01,130.41,70Server,10.75
2026-08-03,2026-08-16,new01,1009,9101862,,2.7899999999999996,0.0,tip01,11.66,84Pizza,10.75
2026-08-03,2026-08-16,new01,1009,9101948,,4.62,0.0,tip01,19.32,41Training,13.25
2026-08-03,2026-08-16,new01,1009,9101948,,6.03,0.0,tip01,25.21,81Dish,13.25
2026-08-03,2026-08-16,new01,1009,9101948,,40.57,0.0,tip01,169.62,86Sandwich,13.25
2026-08-03,2026-08-16,new01,1009,9102037,,9.41,0.0,tip01,39.34,80Expo,12.0
2026-08-03,2026-08-16,new01,1009,9102037,,9.75,0.0,tip01,40.76,83Salad,12.0
2026-08-03,2026-08-16,new01,1009,9102037,,23.37,0.0,tip01,97.71,86Sandwich,12.0
2026-08-03,2026-08-16,new01,1009,9102111,,21.85,0.0,tip01,91.36,80Expo,12.0
2026-08-03,2026-08-16,new01,1009,9102444,,40.37,0.0,tip01,168.78,74DRAttend,13.0
2026-08-03,2026-08-16,new01,1009,9102552,,38.7,0.0,tip01,161.81,41Training,11.0
2026-08-03,2026-08-16,new01,1009,9102552,,4.07,0.0,tip01,17.02,70Server,11.0
2026-08-03,2026-08-16,new01,1009,9102552,,3.61,0.0,tip01,15.09,84Pizza,11.0
2026-08-03,2026-08-16,new01,1009,9102619,,33.42,0.0,tip01,139.73,70Server,11.0
2026-08-03,2026-08-16,new01,1009,9102619,,7.34,0.0,tip01,30.69,84Pizza,11.0
2026-08-03,2026-08-16,new01,1009,9102919,,2.56,0.0,tip01,10.70,70Server,10.0
2026-08-03,2026-08-16,new01,1009,9102965,,20.54,0.0,tip01,85.88,70Server,10.5
2026-08-03,2026-08-16,new01,1009,9102965,,4.01,0.0,tip01,16.77,83Salad,10.5
2026-08-03,2026-08-16,new01,1009,9103399,,5.45,0.0,tip01,22.79,74DRAttend,10.0
2026-08-03,2026-08-16,new01,1009,9103399,,12.61,0.0,tip01,52.73,81Dish,10.0
2026-08-03,2026-08-16,new01,1009,9103412,,8.41,0.0,tip01,35.16,84Pizza,10.0
2026-08-03,2026-08-16,new01,1009,9103434,,45.870000000000005,0.0,tip01,191.79,80Expo,11.0
2026-08-03,2026-08-16,new01,1009,9103536,,26.520000000000003,0.0,tip01,110.88,70Server,10.0
2026-08-03,2026-08-16,new01,1009,9103686,,12.23,0.0,tip01,51.14,83Salad,10.0
2026-08-03,2026-08-16,new01,1009,9103696,,3.51,0.0,tip01,14.68,70Server,10.0
2026-08-03,2026-08-16,new01,1009,9103697,,16.76,0.0,tip01,70.07,70Server,10.0
2026-08-03,2026-08-16,new01,1009,9103715,,11.07,0.0,tip01,46.29,70Server,11.0
2026-08-03,2026-08-16,new01,1009,9103849,,41.6,0.0,tip01,173.94,81Dish,10.0
2026-08-03,2026-08-16,new01,1009,9103899,,16.24,0.0,tip01,67.91,70Server,10.0
2026-08-03,2026-08-16,new01,1009,9104050,,13.49,0.0,tip01,56.40,84Pizza,10.0
2026-08-03,2026-08-16,new01,1009,9104112,,48.96,0.0,tip01,204.70,81Dish,10.0
2026-08-03,2026-08-16,new01,1009,9104113,,29.05,0.0,tip01,121.47,70Server,10.0
2026-08-03,2026-08-16,new01,1009,9104134,,15.09,0.0,tip01,63.10,70Server,10.0
2026-08-03,2026-08-16,new01,1011,8080208,Jackson,78.97,0.55,tip01,379.07,83Salad,16.0
2026-08-03,2026-08-16,new01,1011,9094022,Jackson,67.01000000000002,0.0,tip01,319.45,86Sandwich,14.5
2026-08-03,2026-08-16,new01,1011,9094648,Jackson,63.14,2.29,tip01,311.93,72CaterTL,17.0
2026-08-03,2026-08-16,new01,1011,9094648,Jackson,10.969999999999999,0.0,tip01,52.29,84Pizza,17.0
2026-08-03,2026-08-16,new01,1011,9094648,Jackson,3.61,0.0,tip01,17.21,86Sandwich,17.0
2026-08-03,2026-08-16,new01,1011,9095154,Jackson,47.43,0.0,tip01,226.10,82Prep,14.0
2026-08-03,2026-08-16,new01,1011,9095968,Jackson,6.34,0.0,tip01,30.23,70Server,10.0
2026-08-03,2026-08-16,new01,1011,9096308,Jackson,29.97,0.0,tip01,142.87,7CerTrainr,15.0
2026-08-03,2026-08-16,new01,1011,9096308,Jackson,32.01,0.0,tip01,152.59,7CerTrainr,15.5
2026-08-03,2026-08-16,new01,1011,9097847,Jackson,7.92,0.0,tip01,37.76,70Server,11.0
2026-08-03,2026-08-16,new01,1011,9097847,Jackson,38.27,0.0,tip01,182.46,80Expo,11.0
2026-08-03,2026-08-16,new01,1011,9097955,Jackson,71.69999999999999,0.0,tip01,341.83,83Salad,14.0
2026-08-03,2026-08-16,new01,1011,9098764,Jackson,5.29,0.0,tip01,25.22,5ShiftLead,15.0
2026-08-03,2026-08-16,new01,1011,9098764,Jackson,18.400000000000002,0.0,tip01,87.72,80Expo,15.0
2026-08-03,2026-08-16,new01,1011,9098764,Jackson,7.75,0.0,tip01,36.95,83Salad,15.0
2026-08-03,2026-08-16,new01,1011,9098857,Jackson,27.060000000000002,0.0,tip01,128.99,70Server,12.0
2026-08-03,2026-08-16,new01,1011,9098857,Jackson,9.8,0.0,tip01,46.72,70Server,13.5
2026-08-03,2026-08-16,new01,1011,9098857,Jackson,20.6,0.0,tip01,98.20,72CaterTL,13.5
2026-08-03,2026-08-16,new01,1011,9099508,Jackson,67.26,0.0,tip01,320.64,83Salad,12.5
2026-08-03,2026-08-16,new01,1011,9099872,Jackson,12.14,0.0,tip01,57.87,74DRAttend,9.5
2026-08-03,2026-08-16,new01,1011,9100194,Jackson,31.45,0.0,tip01,149.93,74DRAttend,11.5
2026-08-03,2026-08-16,new01,1011,9101046,Jackson,55.99999999999999,0.0,tip01,266.97,82Prep,13.0
2026-08-03,2026-08-16,new01,1011,9101267,Jackson,18.04,0.0,tip01,86.01,70Server,11.0
2026-08-03,2026-08-16,new01,1011,9101267,Jackson,42.61,0.0,tip01,203.12,80Expo,11.0
2026-08-03,2026-08-16,new01,1011,9101919,Jackson,58.739999999999995,0.0,tip01,280.04,81Dish,13.0
2026-08-03,2026-08-16,new01,1011,9102386,Jackson,40.05,0.0,tip01,190.93,70Server,11.5
2026-08-03,2026-08-16,new01,1011,9102491,Jackson,23.35,0.0,tip01,111.31,81Dish,11.0
2026-08-03,2026-08-16,new01,1011,9103058,Jackson,42.71,0.0,tip01,203.62,81Dish,11.5
2026-08-03,2026-08-16,new01,1011,9103735,Jackson,22.270000000000003,0.0,tip01,106.16,70Server,10.5
2026-08-03,2026-08-16,new01,1011,9103735,Jackson,19.26,0.0,tip01,91.82,80Expo,11.0
2026-08-03,2026-08-16,new01,1011,9103834,Jackson,48.24,0.0,tip01,229.98,70Server,11.0
2026-08-03,2026-08-16,new01,1011,9103854,Jackson,27.380000000000003,0.0,tip01,130.53,70Server,10.5
2026-08-03,2026-08-16,new01,1011,9103975,Jackson,20.81,0.0,tip01,99.21,81Dish,10.0
2026-08-03,2026-08-16,new01,1011,9103975,Jackson,4.24,0.0,tip01,20.21,81Dish,10.5
2026-08-03,2026-08-16,new01,1011,9103987,Jackson,14.620000000000001,0.0,tip01,69.70,70Server,10.0
2026-08-03,2026-08-16,new01,1011,9103987,Jackson,3.66,0.0,tip01,17.45,82Prep,11.0
2026-08-03,2026-08-16,new01,1011,9104050,Jackson,26.75,0.0,tip01,127.53,84Pizza,10.0
2026-08-03,2026-08-16,new01,1011,9104065,Jackson,25.1,0.0,tip01,119.64,86Sandwich,10.0
2026-08-03,2026-08-16,new01,1011,9104065,Jackson,24.61,0.0,tip01,117.32,86Sandwich,11.0
2026-08-03,2026-08-16,new01,1011,9104068,Jackson,13.079999999999998,0.0,tip01,62.36,81Dish,10.0
2026-08-03,2026-08-16,new01,1011,9104171,Jackson,29.619999999999997,0.0,tip01,141.20,70Server,10.0
2026-08-03,2026-08-16,new01,1011,9104177,Jackson,27.729999999999997,0.0,tip01,132.19,70Server,10.0
2026-08-03,2026-08-16,new01,1011,9104180,Jackson,28.029999999999998,0.0,tip01,133.62,70Server,10.0
2026-08-03,2026-08-16,new01,1011,9104183,Jackson,13.139999999999999,0.0,tip01,62.64,82Prep,11.5
2026-08-03,2026-08-16,new01,1011,9104183,Jackson,8.0,0.0,tip01,38.14,84Pizza,11.5
2026-08-03,2026-08-16,new01,1014,9094267,Lake Harbour,30.4,0.0,tip01,122.99,84Pizza,13.0
2026-08-03,2026-08-16,new01,1014,9097087,Lake Harbour,71.18,0.0,tip01,287.99,82Prep,15.0
2026-08-03,2026-08-16,new01,1014,9098139,Lake Harbour,16.64,0.0,tip01,67.32,70Server,10.5
2026-08-03,2026-08-16,new01,1014,9098174,Lake Harbour,27.61,0.0,tip01,111.72,70Server,11.5
2026-08-03,2026-08-16,new01,1014,9098200,Lake Harbour,8.37,0.0,tip01,33.87,74DRAttend,13.0
2026-08-03,2026-08-16,new01,1014,9098200,Lake Harbour,4.37,0.0,tip01,17.68,81Dish,13.0
2026-08-03,2026-08-16,new01,1014,9098200,Lake Harbour,60.56,0.0,tip01,245.03,82Prep,13.0
2026-08-03,2026-08-16,new01,1014,9098294,Lake Harbour,63.64,0.0,tip01,257.50,81Dish,13.0
2026-08-03,2026-08-16,new01,1014,9098469,Lake Harbour,42.82,0.0,tip01,173.25,83Salad,13.5
2026-08-03,2026-08-16,new01,1014,9098674,Lake Harbour,13.0,0.0,tip01,52.60,5ShiftLead,15.0
2026-08-03,2026-08-16,new01,1014,9098674,Lake Harbour,2.28,0.0,tip01,9.23,7CerTrainr,15.0
2026-08-03,2026-08-16,new01,1014,9100206,Lake Harbour,75.75999999999999,1.94,tip01,314.38,5ShiftLead,16.5
2026-08-03,2026-08-16,new01,1014,9101148,Lake Harbour,0.05,0.0,tip01,0.20,5ShiftLead,15.0
2026-08-03,2026-08-16,new01,1014,9101149,Lake Harbour,13.579999999999998,0.0,tip01,54.95,70Server,12.0
2026-08-03,2026-08-16,new01,1014,9101149,Lake Harbour,54.099999999999994,0.0,tip01,218.90,80Expo,12.0
2026-08-03,2026-08-16,new01,1014,9102593,Lake Harbour,18.43,0.0,tip01,74.58,70Server,11.5
2026-08-03,2026-08-16,new01,1014,9102593,Lake Harbour,5.29,0.0,tip01,21.40,80Expo,11.5
2026-08-03,2026-08-16,new01,1014,9102593,Lake Harbour,16.049999999999997,0.0,tip01,64.95,86Sandwich,11.5
2026-08-03,2026-08-16,new01,1014,9102752,Lake Harbour,73.17999999999999,0.0,tip01,296.11,84Pizza,14.0
2026-08-03,2026-08-16,new01,1014,9102753,Lake Harbour,22.8,0.0,tip01,92.25,70Server,10.0
2026-08-03,2026-08-16,new01,1014,9102810,Lake Harbour,61.459999999999994,0.0,tip01,248.68,83Salad,12.5
2026-08-03,2026-08-16,new01,1014,9103051,Lake Harbour,34.66,0.0,tip01,140.23,70Server,10.0
2026-08-03,2026-08-16,new01,1014,9103340,Lake Harbour,28.87,0.0,tip01,116.80,70Server,13.0
2026-08-03,2026-08-16,new01,1014,9103537,Lake Harbour,53.06999999999999,0.0,tip01,214.73,84Pizza,11.0
2026-08-03,2026-08-16,new01,1014,9103779,Lake Harbour,41.199999999999996,0.0,tip01,166.68,80Expo,13.0
2026-08-03,2026-08-16,new01,1014,9103790,Lake Harbour,23.209999999999997,0.0,tip01,93.90,70Server,10.0
2026-08-03,2026-08-16,new01,1014,9103791,Lake Harbour,40.43,0.0,tip01,163.59,83Salad,10.0
2026-08-03,2026-08-16,new01,1014,9103872,Lake Harbour,17.659999999999997,0.0,tip01,71.45,70Server,10.0
2026-08-03,2026-08-16,new01,1014,9103972,Lake Harbour,7.77,0.0,tip01,31.44,70Server,10.0
2026-08-03,2026-08-16,new01,1014,9104048,Lake Harbour,16.25,0.0,tip01,65.75,70Server,10.0
2026-08-03,2026-08-16,new01,1014,9104108,Lake Harbour,38.51,0.0,tip01,155.81,81Dish,10.0
2026-08-03,2026-08-16,new01,1015,9102059,Tyler,61.809999999999995,0.06,tip01,215.91,82Prep,14.5
2026-08-03,2026-08-16,new01,1015,9102061,Tyler,26.779999999999998,0.0,tip01,93.45,5ShiftLead,15.0
2026-08-03,2026-08-16,new01,1015,9102061,Tyler,4.27,0.0,tip01,14.90,80Expo,15.0
2026-08-03,2026-08-16,new01,1015,9102062,Tyler,77.19000000000001,1.57,tip01,274.82,81Dish,12.0
2026-08-03,2026-08-16,new01,1015,9102064,Tyler,18.340000000000003,0.0,tip01,64.00,70Server,11.0
2026-08-03,2026-08-16,new01,1015,9102064,Tyler,8.17,0.0,tip01,28.51,80Expo,11.0
2026-08-03,2026-08-16,new01,1015,9102064,Tyler,13.07,0.0,tip01,45.60,84Pizza,11.0
2026-08-03,2026-08-16,new01,1015,9102065,Tyler,18.1,0.0,tip01,63.17,70Server,12.5
2026-08-03,2026-08-16,new01,1015,9102065,Tyler,5.96,0.0,tip01,20.80,80Expo,12.5
2026-08-03,2026-08-16,new01,1015,9102065,Tyler,32.58,0.0,tip01,113.69,84Pizza,12.5
2026-08-03,2026-08-16,new01,1015,9102066,Tyler,63.160000000000004,0.0,tip01,220.43,86Sandwich,13.5
2026-08-03,2026-08-16,new01,1015,9102068,Tyler,15.89,0.0,tip01,55.46,70Server,13.0
2026-08-03,2026-08-16,new01,1015,9102068,Tyler,14.469999999999999,0.0,tip01,50.50,80Expo,13.0
2026-08-03,2026-08-16,new01,1015,9102070,Tyler,64.18,0.0,tip01,223.95,5ShiftLead,16.0
2026-08-03,2026-08-16,new01,1015,9102070,Tyler,4.48,0.0,tip01,15.63,80Expo,16.0
2026-08-03,2026-08-16,new01,1015,9102072,Tyler,6.03,0.0,tip01,21.04,74DRAttend,14.0
2026-08-03,2026-08-16,new01,1015,9102072,Tyler,62.31,0.0,tip01,217.43,82Prep,14.0
2026-08-03,2026-08-16,new01,1015,9102075,Tyler,4.95,0.0,tip01,17.27,70Server,12.5
2026-08-03,2026-08-16,new01,1015,9102076,Tyler,16.939999999999998,0.0,tip01,59.11,74DRAttend,13.0
2026-08-03,2026-08-16,new01,1015,9102076,Tyler,20.32,0.0,tip01,70.90,82Prep,13.0
2026-08-03,2026-08-16,new01,1015,9102193,Tyler,32.44,0.0,tip01,113.19,5ShiftLead,15.0
2026-08-03,2026-08-16,new01,1015,9102193,Tyler,29.37,0.0,tip01,102.49,83Salad,15.0
2026-08-03,2026-08-16,new01,1015,9102404,Tyler,7.69,0.0,tip01,26.83,82Prep,12.0
2026-08-03,2026-08-16,new01,1015,9102404,Tyler,59.949999999999996,0.0,tip01,209.20,86Sandwich,12.0
2026-08-03,2026-08-16,new01,1015,9102457,Tyler,54.129999999999995,0.0,tip01,188.88,5ShiftLead,17.0
2026-08-03,2026-08-16,new01,1015,9102457,Tyler,16.56,0.0,tip01,57.79,72CaterTL,17.0
2026-08-03,2026-08-16,new01,1015,9102551,Tyler,8.530000000000001,0.0,tip01,29.77,74DRAttend,11.0
2026-08-03,2026-08-16,new01,1015,9102551,Tyler,39.010000000000005,0.0,tip01,136.13,86Sandwich,11.0
2026-08-03,2026-08-16,new01,1015,9102637,Tyler,51.68000000000001,0.0,tip01,180.33,81Dish,11.0
2026-08-03,2026-08-16,new01,1015,9103181,Tyler,23.69,0.0,tip01,82.67,83Salad,11.0
2026-08-03,2026-08-16,new01,1015,9103644,Tyler,47.7,0.0,tip01,166.46,74DRAttend,12.0
2026-08-03,2026-08-16,new01,1015,9103645,Tyler,32.57,0.0,tip01,113.64,70Server,11.0
2026-08-03,2026-08-16,new01,1015,9103716,Tyler,28.44,0.0,tip01,99.23,70Server,12.0
2026-08-03,2026-08-16,new01,1015,9103716,Tyler,5.21,0.0,tip01,18.18,80Expo,12.0
2026-08-03,2026-08-16,new01,1015,9103716,Tyler,35.32,0.86,tip01,126.24,83Salad,12.0
2026-08-03,2026-08-16,new01,1015,9104005,Tyler,10.559999999999999,0.0,tip01,36.85,70Server,11.0
2026-08-03,2026-08-16,new01,1015,9104060,Tyler,17.54,0.0,tip01,61.21,40Training,10.0
2026-08-03,2026-08-16,new01,1015,9104060,Tyler,4.65,0.0,tip01,16.23,70Server,10.0
2026-08-03,2026-08-16,new01,1015,9104060,Tyler,3.74,0.0,tip01,13.05,74DRAttend,10.0
2026-08-03,2026-08-16,new01,1015,9104075,Tyler,44.78,0.0,tip01,156.25,74DRAttend,10.0
2026-08-03,2026-08-16,new01,1015,9104154,Tyler,29.92,0.0,tip01,104.40,70Server,12.0
2026-08-03,2026-08-16,new01,1015,9104154,Tyler,34.849999999999994,0.0,tip01,121.61,80Expo,12.0
2026-08-03,2026-08-16,new01,1015,9104193,Tyler,4.68,0.0,tip01,16.33,74DRAttend,12.0
2026-08-03,2026-08-16,new01,1015,9104193,Tyler,7.09,0.0,tip01,24.74,80Expo,12.0
2026-08-03,2026-08-16,new01,1015,9104193,Tyler,39.269999999999996,0.0,tip01,137.02,84Pizza,12.0
2026-08-03,2026-08-16,new01,1015,9104194,Tyler,22.08,0.0,tip01,77.05,74DRAttend,11.0
2026-08-03,2026-08-16,new01,1016,9097615,Galleria,65.93,0.0,tip01,379.45,86Sandwich,11.0
2026-08-03,2026-08-16,new01,1016,9098330,Galleria,48.06,0.0,tip01,276.58,5ShiftLead,15.0
2026-08-03,2026-08-16,new01,1016,9102009,Galleria,38.74,0.0,tip01,222.95,70Server,12.0
2026-08-03,2026-08-16,new01,1016,9102009,Galleria,39.79,0.0,tip01,229.01,70Server,13.0
2026-08-03,2026-08-16,new01,1016,9102307,Galleria,4.34,0.0,tip01,24.98,70Server,13.75
2026-08-03,2026-08-16,new01,1016,9102307,Galleria,8.26,0.0,tip01,47.54,81Dish,13.75
2026-08-03,2026-08-16,new01,1016,9102307,Galleria,34.91,0.0,tip01,200.92,83Salad,13.75
2026-08-03,2026-08-16,new01,1016,9102307,Galleria,4.46,0.0,tip01,25.67,84Pizza,13.75
2026-08-03,2026-08-16,new01,1016,9102307,Galleria,8.82,0.0,tip01,50.76,86Sandwich,13.75
2026-08-03,2026-08-16,new01,1016,9102904,Galleria,60.70000000000001,0.0,tip01,349.35,82Prep,11.0
2026-08-03,2026-08-16,new01,1016,9103211,Galleria,46.519999999999996,0.0,tip01,267.73,70Server,11.0
2026-08-03,2026-08-16,new01,1016,9103481,Galleria,26.279999999999998,0.0,tip01,151.25,81Dish,11.5
2026-08-03,2026-08-16,new01,1016,9103561,Galleria,3.23,0.0,tip01,18.59,81Dish,11.5
2026-08-03,2026-08-16,new01,1016,9104035,Galleria,33.010000000000005,0.0,tip01,189.99,70Server,10.5
2026-08-03,2026-08-16,new01,1016,9104043,Galleria,1.8,0.0,tip01,10.36,70Server,10.0
2026-08-03,2026-08-16,new01,1016,9104153,Galleria,78.74000000000001,3.18,tip01,471.49,83Salad,10.0
2026-08-03,2026-08-16,new01,1016,9104157,Galleria,50.78000000000001,0.0,tip01,292.26,70Server,10.0
2026-08-03,2026-08-16,new01,1016,9104162,Galleria,37.760000000000005,0.0,tip01,217.31,70Server,11.0
2026-08-03,2026-08-16,new01,1016,9104163,Galleria,50.419999999999995,0.0,tip01,290.18,81Dish,12.0
2026-08-03,2026-08-16,new01,1016,9104199,Galleria,18.6,0.0,tip01,107.05,70Server,10.0
2026-08-03,2026-08-16,new01,1016,9104211,Galleria,19.57,0.0,tip01,112.64,70Server,10.0
2026-08-03,2026-08-16,new01,1016,9104213,Galleria,4.08,0.0,tip01,23.48,41Training,10.0
2026-08-03,2026-08-16,new01,1016,9104213,Galleria,13.94,0.0,tip01,80.24,84Pizza,10.0
2026-08-03,2026-08-16,new01,1016,9104214,Galleria,5.06,0.0,tip01,29.12,74DRAttend,11.0
2026-08-03,2026-08-16,new01,1017,1421,HUNTS,26.68,0.0,tip01,101.00,70Server,12.5
2026-08-03,2026-08-16,new01,1017,1543,HUNTS,69.22999999999999,0.0,tip01,262.08,72CaterTL,16.0
2026-08-03,2026-08-16,new01,1017,1564,HUNTS,32.88,0.0,tip01,124.46,86Sandwich,12.5
2026-08-03,2026-08-16,new01,1017,1578,HUNTS,47.22,0.0,tip01,178.75,82Prep,14.0
2026-08-03,2026-08-16,new01,1017,1767,HUNTS,9.64,0.0,tip01,36.49,80Expo,13.0
2026-08-03,2026-08-16,new01,1017,1825,HUNTS,64.55999999999999,0.0,tip01,244.39,70Server,14.5
2026-08-03,2026-08-16,new01,1017,1834,HUNTS,69.45,0.0,tip01,262.90,80Expo,16.0
2026-08-03,2026-08-16,new01,1017,1895,HUNTS,13.34,0.0,tip01,50.50,82Prep,13.0
2026-08-03,2026-08-16,new01,1017,1897,HUNTS,80.76,0.0,tip01,305.71,86Sandwich,16.0
2026-08-03,2026-08-16,new01,1017,1900,HUNTS,71.17999999999999,0.0,tip01,269.44,70Server,14.5
2026-08-03,2026-08-16,new01,1017,1907,HUNTS,63.0,0.0,tip01,238.50,82Prep,13.5
2026-08-03,2026-08-16,new01,1017,1915,HUNTS,61.19999999999999,0.0,tip01,231.66,81Dish,12.0
2026-08-03,2026-08-16,new01,1017,1916,HUNTS,66.12,0.0,tip01,250.30,83Salad,13.0
2026-08-03,2026-08-16,new01,1017,1919,HUNTS,43.92,0.0,tip01,166.25,70Server,11.5
2026-08-03,2026-08-16,new01,1017,1921,HUNTS,44.559999999999995,0.0,tip01,168.68,70Server,11.5
2026-08-03,2026-08-16,new01,1017,1922,HUNTS,49.05000000000001,0.0,tip01,185.68,70Server,12.5
2026-08-03,2026-08-16,new01,1018,,Brandon,24.38,0.0,tip01,78.47,5ShiftLead,0.0
2026-08-03,2026-08-16,new01,1018,1004,Brandon,8.33,0.0,tip01,26.81,70Server,10.25
2026-08-03,2026-08-16,new01,1018,1004,Brandon,19.21,0.0,tip01,61.83,86Sandwich,10.25
2026-08-03,2026-08-16,new01,1018,1005,Brandon,24.6,0.0,tip01,79.18,5ShiftLead,15.0
2026-08-03,2026-08-16,new01,1018,1005,Brandon,5.72,0.0,tip01,18.41,70Server,15.0
2026-08-03,2026-08-16,new01,1018,1005,Brandon,31.769999999999996,0.0,tip01,102.24,83Salad,15.0
2026-08-03,2026-08-16,new01,1018,1005,Brandon,5.4,0.0,tip01,17.38,84Pizza,15.0
2026-08-03,2026-08-16,new01,1018,1017,Brandon,15.29,0.0,tip01,49.22,70Server,12.25
2026-08-03,2026-08-16,new01,1018,1017,Brandon,24.5,0.0,tip01,78.86,74DRAttend,12.25
2026-08-03,2026-08-16,new01,1018,1017,Brandon,10.18,0.0,tip01,32.77,86Sandwich,12.25
2026-08-03,2026-08-16,new01,1018,1027,Brandon,0.0,0.0,tip01,0.00,74DRAttend,12.0
2026-08-03,2026-08-16,new01,1018,1027,Brandon,5.7,0.0,tip01,18.35,83Salad,12.0
2026-08-03,2026-08-16,new01,1018,1027,Brandon,52.28,0.0,tip01,168.26,86Sandwich,12.0
2026-08-03,2026-08-16,new01,1018,1028,Brandon,28.68,0.0,tip01,92.31,70Server,10.75
2026-08-03,2026-08-16,new01,1018,1028,Brandon,19.9,0.0,tip01,64.05,80Expo,10.75
2026-08-03,2026-08-16,new01,1018,1031,Brandon,4.45,0.0,tip01,14.32,7CerTrainr,11.75
2026-08-03,2026-08-16,new01,1018,1031,Brandon,32.839999999999996,0.0,tip01,105.69,84Pizza,11.75
2026-08-03,2026-08-16,new01,1018,1031,Brandon,24.799999999999997,0.0,tip01,79.82,86Sandwich,11.75
2026-08-03,2026-08-16,new01,1018,1036,Brandon,27.02,0.0,tip01,86.97,70Server,12.0
2026-08-03,2026-08-16,new01,1018,1036,Brandon,9.15,0.0,tip01,29.45,7CerTrainr,12.0
2026-08-03,2026-08-16,new01,1018,1036,Brandon,18.22,0.0,tip01,58.64,80Expo,12.0
2026-08-03,2026-08-16,new01,1018,1036,Brandon,10.71,0.0,tip01,34.47,83Salad,12.0
2026-08-03,2026-08-16,new01,1018,1036,Brandon,9.46,0.0,tip01,30.45,84Pizza,12.0
2026-08-03,2026-08-16,new01,1018,1037,Brandon,5.65,0.0,tip01,18.19,41Training,0.0
2026-08-03,2026-08-16,new01,1018,1037,Brandon,39.980000000000004,0.0,tip01,128.69,70Server,10.0
2026-08-03,2026-08-16,new01,1018,1037,Brandon,11.16,0.0,tip01,35.92,80Expo,0.0
2026-08-03,2026-08-16,new01,1018,1156,Brandon,26.92,0.0,tip01,86.64,82Prep,9.5
2026-08-03,2026-08-16,new01,1018,200019,Brandon,79.99999999999999,5.92,tip01,276.53,5ShiftLead,14.75
2026-08-03,2026-08-16,new01,1018,200713,Brandon,71.7,0.0,tip01,230.77,82Prep,15.75
2026-08-03,2026-08-16,new01,1018,200773,Brandon,60.839999999999996,0.0,tip01,195.82,81Dish,12.75
2026-08-03,2026-08-16,new01,1018,200815,Brandon,9.46,0.0,tip01,30.45,70Server,13.0
2026-08-03,2026-08-16,new01,1018,200815,Brandon,46.919999999999995,0.0,tip01,151.02,81Dish,13.0
2026-08-03,2026-08-16,new01,1018,200817,Brandon,59.769999999999996,0.0,tip01,192.37,74DRAttend,12.0
2026-08-03,2026-08-16,new01,1018,200868,Brandon,70.88,0.0,tip01,228.14,5ShiftLead,15.25
2026-08-03,2026-08-16,new01,1018,200879,Brandon,26.17,0.0,tip01,84.23,7CerTrainr,12.5
2026-08-03,2026-08-16,new01,1018,200934,Brandon,2.37,0.0,tip01,7.63,70Server,12.25
2026-08-03,2026-08-16,new01,1018,200934,Brandon,10.84,0.0,tip01,34.88,81Dish,12.25
2026-08-03,2026-08-16,new01,1018,200955,Brandon,19.990000000000002,0.0,tip01,64.34,82Prep,12.75
2026-08-03,2026-08-16,new01,1018,200955,Brandon,10.01,0.0,tip01,32.22,84Pizza,12.75
2026-08-03,2026-08-16,new01,1018,200955,Brandon,39.129999999999995,0.0,tip01,125.95,86Sandwich,12.75
2026-08-03,2026-08-16,new01,1018,200962,Brandon,31.03,0.0,tip01,99.86,70Server,13.25
2026-08-03,2026-08-16,new01,1018,200962,Brandon,10.93,0.0,tip01,35.18,7CerTrainr,13.25
2026-08-03,2026-08-16,new01,1018,200962,Brandon,13.91,0.68,tip01,46.96,80Expo,13.25
2026-08-03,2026-08-16,new01,1018,200962,Brandon,15.16,0.0,tip01,48.79,84Pizza,13.25
2026-08-03,2026-08-16,new01,1018,200962,Brandon,6.88,0.0,tip01,22.14,86Sandwich,13.25
2026-08-03,2026-08-16,new01,1018,200976,Brandon,38.08,0.0,tip01,122.57,70Server,10.25
2026-08-03,2026-08-16,new01,1018,200976,Brandon,17.52,0.0,tip01,56.40,83Salad,10.25
2026-08-03,2026-08-16,new01,1018,200981,Brandon,58.580000000000005,0.0,tip01,188.53,74DRAttend,10.75
2026-08-03,2026-08-16,new01,1018,201010,Brandon,13.92,0.0,tip01,44.80,70Server,9.75
2026-08-03,2026-08-16,new01,1018,201011,Brandon,9.0,0.0,tip01,28.97,70Server,10.25
2026-08-03,2026-08-16,new01,1018,201011,Brandon,17.07,0.0,tip01,54.94,84Pizza,10.25
2026-08-03,2026-08-16,new01,1018,201017,Brandon,11.36,0.0,tip01,36.56,81Dish,10.0
2026-08-03,2026-08-16,new01,1018,201017,Brandon,57.68000000000001,0.0,tip01,185.64,84Pizza,10.0
2026-08-03,2026-08-16,new01,1018,201019,Brandon,29.869999999999997,0.0,tip01,96.12,84Pizza,11.0
2026-08-03,2026-08-16,new01,1018,201020,Brandon,8.49,0.0,tip01,27.32,70Server,10.25
2026-08-03,2026-08-16,new01,1018,201020,Brandon,27.47,0.0,tip01,88.42,74DRAttend,10.25
2026-08-03,2026-08-16,new01,1018,3305,Brandon,20.41,0.0,tip01,65.69,70Server,11.75
2026-08-03,2026-08-16,new01,1018,3305,Brandon,32.55,0.0,tip01,104.75,80Expo,11.75
2026-08-03,2026-08-16,new01,1018,3305,Brandon,5.33,0.0,tip01,17.16,83Salad,11.75
2026-08-03,2026-08-16,new01,1018,3446,Brandon,5.45,0.0,tip01,17.54,70Server,10.0
2026-08-03,2026-08-16,new01,1018,3446,Brandon,27.880000000000003,0.0,tip01,89.74,83Salad,10.0
2026-08-03,2026-08-16,new01,1018,3612,Brandon,48.4,0.0,tip01,155.79,84Pizza,9.0
2026-08-03,2026-08-16,new01,1018,5129,Brandon,16.349999999999998,0.0,tip01,52.63,70Server,9.0
2026-08-03,2026-08-16,new01,1018,5129,Brandon,5.41,0.0,tip01,17.41,74DRAttend,9.0
2026-08-03,2026-08-16,new01,1018,5398,Brandon,28.86,0.0,tip01,92.88,70Server,9.0
2026-08-03,2026-08-16,new01,1018,6559,Brandon,48.65,0.0,tip01,156.58,70Server,10.0
2026-08-03,2026-08-16,new01,1018,7100,Brandon,4.47,0.0,tip01,14.39,70Server,10.0
2026-08-03,2026-08-16,new01,1018,7100,Brandon,52.19,0.0,tip01,168.00,83Salad,0.0
2026-08-03,2026-08-16,new01,1018,7950,Brandon,14.16,0.0,tip01,45.57,70Server,9.0
2026-08-03,2026-08-16,new01,1018,8769,Brandon,16.43,0.0,tip01,52.89,70Server,9.0
2026-08-03,2026-08-16,new01,1018,8769,Brandon,5.47,0.0,tip01,17.61,74DRAttend,9.0
2026-08-03,2026-08-16,new01,1018,9952,Brandon,54.980000000000004,0.0,tip01,176.96,82Prep,10.0
2026-08-03,2026-08-16,new01,1019,9097648,MURF,53.57000000000001,0.0,tip01,286.15,5ShiftLead,17.0
2026-08-03,2026-08-16,new01,1019,9099977,MURF,4.03,0.0,tip01,21.53,81Dish,14.0
2026-08-03,2026-08-16,new01,1019,9099977,MURF,5.07,0.0,tip01,27.08,82Prep,14.0
2026-08-03,2026-08-16,new01,1019,9099977,MURF,2.63,0.0,tip01,14.05,84Pizza,14.0
2026-08-03,2026-08-16,new01,1019,9100447,MURF,21.939999999999998,0.0,tip01,117.20,82Prep,13.5
2026-08-03,2026-08-16,new01,1019,9100447,MURF,4.63,0.0,tip01,24.74,84Pizza,13.5
2026-08-03,2026-08-16,new01,1019,9100447,MURF,3.08,0.0,tip01,16.45,86Sandwich,13.5
2026-08-03,2026-08-16,new01,1019,9101530,MURF,56.589999999999996,0.0,tip01,302.29,5ShiftLead,15.75
2026-08-03,2026-08-16,new01,1019,9102293,MURF,28.350000000000005,0.0,tip01,151.43,74DRAttend,12.0
2026-08-03,2026-08-16,new01,1019,9102412,MURF,13.829999999999998,0.0,tip01,73.87,74DRAttend,12.0
2026-08-03,2026-08-16,new01,1019,9102428,MURF,16.88,0.0,tip01,90.17,70Server,12.0
2026-08-03,2026-08-16,new01,1019,9102524,MURF,29.689999999999998,0.0,tip01,158.59,84Pizza,11.25
2026-08-03,2026-08-16,new01,1019,9102561,MURF,3.33,0.0,tip01,17.79,70Server,12.5
2026-08-03,2026-08-16,new01,1019,9102561,MURF,45.16,0.0,tip01,241.23,83Salad,12.5
2026-08-03,2026-08-16,new01,1019,9102887,MURF,39.28,0.0,tip01,209.82,81Dish,12.5
2026-08-03,2026-08-16,new01,1019,9103113,MURF,48.57,0.0,tip01,259.45,82Prep,12.75
2026-08-03,2026-08-16,new01,1019,9103131,MURF,32.43,0.0,tip01,173.23,74DRAttend,12.0
2026-08-03,2026-08-16,new01,1019,9103448,MURF,39.46000000000001,0.0,tip01,210.77,74DRAttend,12.0
2026-08-03,2026-08-16,new01,1019,9103454,MURF,29.55,0.0,tip01,157.84,70Server,12.0
2026-08-03,2026-08-16,new01,1019,9103527,MURF,48.84,0.0,tip01,260.87,81Dish,12.0
2026-08-03,2026-08-16,new01,1019,9103553,MURF,8.41,0.0,tip01,44.93,83Salad,11.5
2026-08-03,2026-08-16,new01,1019,9103620,MURF,33.16,0.0,tip01,177.14,74DRAttend,11.5
2026-08-03,2026-08-16,new01,1019,9103663,MURF,54.41,0.0,tip01,290.63,82Prep,12.5
2026-08-03,2026-08-16,new01,1019,9103995,MURF,33.33,0.0,tip01,178.04,81Dish,11.0
2026-08-03,2026-08-16,new01,1019,9103997,MURF,29.319999999999997,0.0,tip01,156.61,70Server,11.0
2026-08-03,2026-08-16,new01,1019,9104125,MURF,19.73,0.0,tip01,105.39,70Server,11.0
2026-08-03,2026-08-16,new01,1019,9104145,MURF,18.0,0.0,tip01,96.15,70Server,11.0
2026-08-03,2026-08-16,new01,1019,9104197,MURF,13.43,0.0,tip01,71.74,40Training,11.0
2026-08-03,2026-08-16,new01,1020,1010058,,3.06,0.0,tip01,12.47,70Server,12.0
2026-08-03,2026-08-16,new01,1020,1010058,,37.61,0.0,tip01,153.27,80Expo,12.0
2026-08-03,2026-08-16,new01,1020,1010058,,4.25,0.0,tip01,17.32,83Salad,12.0
2026-08-03,2026-08-16,new01,1020,1010058,,5.16,0.0,tip01,21.03,86Sandwich,12.0
2026-08-03,2026-08-16,new01,1020,1010096,,7.25,0.0,tip01,29.55,70Server,13.75
2026-08-03,2026-08-16,new01,1020,1010096,,5.58,0.0,tip01,22.74,7CerTrainr,13.75
2026-08-03,2026-08-16,new01,1020,1010096,,20.04,0.0,tip01,81.67,80Expo,13.75
2026-08-03,2026-08-16,new01,1020,1010096,,13.399999999999999,0.0,tip01,54.62,83Salad,13.75
2026-08-03,2026-08-16,new01,1020,1010096,,4.08,0.0,tip01,16.63,84Pizza,13.75
2026-08-03,2026-08-16,new01,1020,1010096,,13.74,0.0,tip01,56.00,86Sandwich,13.75
2026-08-03,2026-08-16,new01,1020,1010197,,14.98,0.0,tip01,61.05,70Server,14.75
2026-08-03,2026-08-16,new01,1020,1010197,,22.590000000000003,0.0,tip01,92.07,84Pizza,14.75
2026-08-03,2026-08-16,new01,1020,1010218,,70.61,0.0,tip01,287.75,5ShiftLead,16.0
2026-08-03,2026-08-16,new01,1020,1010218,,0.0,0.0,tip01,0.00,80Expo,16.0
2026-08-03,2026-08-16,new01,1020,1010225,,48.1,5.42,tip01,218.11,7CerTrainr,13.0
2026-08-03,2026-08-16,new01,1020,1010284,,13.87,0.0,tip01,56.52,7CerTrainr,13.5
2026-08-03,2026-08-16,new01,1020,1010299,,51.00000000000001,6.92,tip01,236.05,74DRAttend,11.0
2026-08-03,2026-08-16,new01,1020,1010299,,13.93,2.31,tip01,66.18,81Dish,11.0
2026-08-03,2026-08-16,new01,1020,1010299,,15.069999999999999,0.0,tip01,61.42,84Pizza,11.0
2026-08-03,2026-08-16,new01,1020,1010318,,41.89,0.0,tip01,170.71,81Dish,12.0
2026-08-03,2026-08-16,new01,1020,1010342,,9.11,0.0,tip01,37.12,74DRAttend,15.0
2026-08-03,2026-08-16,new01,1020,1010342,,4.33,0.0,tip01,17.65,81Dish,15.0
2026-08-03,2026-08-16,new01,1020,1010342,,22.560000000000002,0.0,tip01,91.94,82Prep,15.0
2026-08-03,2026-08-16,new01,1020,1010342,,36.410000000000004,0.0,tip01,148.38,86Sandwich,15.0
2026-08-03,2026-08-16,new01,1020,1010361,,20.450000000000003,0.0,tip01,83.34,70Server,12.0
2026-08-03,2026-08-16,new01,1020,1010361,,8.379999999999999,0.0,tip01,34.15,84Pizza,12.0
2026-08-03,2026-08-16,new01,1020,1010377,,59.31999999999999,0.0,tip01,241.72,5ShiftLead,16.0
2026-08-03,2026-08-16,new01,1020,1010379,,4.33,0.0,tip01,17.65,70Server,12.0
2026-08-03,2026-08-16,new01,1020,1010379,,5.18,0.0,tip01,21.11,80Expo,12.0
2026-08-03,2026-08-16,new01,1020,1010379,,9.05,0.0,tip01,36.88,83Salad,12.0
2026-08-03,2026-08-16,new01,1020,1010384,,34.54,0.0,tip01,140.77,74DRAttend,12.0
2026-08-03,2026-08-16,new01,1020,1010384,,17.56,0.0,tip01,71.57,84Pizza,12.0
2026-08-03,2026-08-16,new01,1020,1010385,,38.91,0.0,tip01,158.58,86Sandwich,11.0
2026-08-03,2026-08-16,new01,1020,1010404,,59.31,0.0,tip01,241.70,82Prep,12.0
2026-08-03,2026-08-16,new01,1020,1010407,,36.96,0.0,tip01,150.63,74DRAttend,11.5
2026-08-03,2026-08-16,new01,1020,1010410,,14.72,0.0,tip01,59.99,70Server,11.5
2026-08-03,2026-08-16,new01,1020,1010420,,4.57,0.0,tip01,18.62,70Server,12.0
2026-08-03,2026-08-16,new01,1020,1010420,,26.669999999999998,0.0,tip01,108.69,80Expo,12.0
2026-08-03,2026-08-16,new01,1020,1010420,,19.259999999999998,0.0,tip01,78.49,83Salad,12.0
2026-08-03,2026-08-16,new01,1020,1010427,,34.98,0.0,tip01,142.55,74DRAttend,12.5
2026-08-03,2026-08-16,new01,1020,1010431,,9.690000000000001,0.0,tip01,39.49,80Expo,11.5
2026-08-03,2026-08-16,new01,1020,1010431,,33.67,0.0,tip01,137.21,83Salad,11.5
2026-08-03,2026-08-16,new01,1020,1010433,,10.66,0.0,tip01,43.44,80Expo,11.0
2026-08-03,2026-08-16,new01,1020,1010434,,25.37,0.0,tip01,103.39,70Server,11.5
2026-08-03,2026-08-16,new01,1020,1010441,,33.01,0.0,tip01,134.53,70Server,11.0
2026-08-03,2026-08-16,new01,1020,1010443,,12.11,0.0,tip01,49.35,70Server,12.0
2026-08-03,2026-08-16,new01,1020,1010448,,20.299999999999997,0.0,tip01,82.73,74DRAttend,11.0
2026-08-03,2026-08-16,new01,1020,1010452,,24.37,0.0,tip01,99.31,83Salad,10.0
2026-08-03,2026-08-16,new01,1020,1010457,,27.240000000000002,0.0,tip01,111.02,70Server,10.0
2026-08-03,2026-08-16,new01,1020,1010464,,36.49,0.0,tip01,148.69,70Server,10.0
2026-08-03,2026-08-16,new01,1020,1010465,,4.23,0.0,tip01,17.24,74DRAttend,10.0
2026-08-03,2026-08-16,new01,1020,1010465,,17.049999999999997,0.0,tip01,69.48,84Pizza,10.0
2026-08-03,2026-08-16,new01,1020,1010468,,10.23,0.0,tip01,41.69,81Dish,10.0
2026-08-03,2026-08-16,new01,1020,150,,28.11,0.0,tip01,114.56,82Prep,17.25
2026-08-03,2026-08-16,new01,1020,365,,61.27999999999999,0.0,tip01,249.74,81Dish,17.5
2026-08-03,2026-08-16,new01,1020,403,,67.92999999999999,0.0,tip01,276.82,83Salad,16.0
2026-08-03,2026-08-16,new01,1021,1015,,71.75,3.87,tip01,240.03,7CerTrainr,16.0
2026-08-03,2026-08-16,new01,1021,1094,,4.37,0.0,tip01,13.87,70Server,15.0
2026-08-03,2026-08-16,new01,1021,1094,,18.490000000000002,0.0,tip01,58.69,74DRAttend,15.0
2026-08-03,2026-08-16,new01,1021,1094,,52.589999999999996,1.01,tip01,170.12,81Dish,15.0
2026-08-03,2026-08-16,new01,1021,1094,,4.55,0.0,tip01,14.44,83Salad,15.0
2026-08-03,2026-08-16,new01,1021,2022,,79.52,6.26,tip01,272.24,72CaterTL,15.5
2026-08-03,2026-08-16,new01,1021,2038,,40.28,14.02,tip01,172.34,82Prep,16.0
2026-08-03,2026-08-16,new01,1021,2038,,8.06,0.0,tip01,25.58,84Pizza,16.0
2026-08-03,2026-08-16,new01,1021,2038,,31.660000000000004,0.0,tip01,100.49,86Sandwich,16.0
2026-08-03,2026-08-16,new01,1021,2064,,16.09,0.0,tip01,51.07,84Pizza,14.5
2026-08-03,2026-08-16,new01,1021,2064,,57.39999999999999,0.7,tip01,184.39,86Sandwich,14.5
2026-08-03,2026-08-16,new01,1021,2232,,60.07,0.0,tip01,190.66,72CaterTL,14.5
2026-08-03,2026-08-16,new01,1021,2245,,21.5,0.0,tip01,68.24,74DRAttend,15.5
2026-08-03,2026-08-16,new01,1021,2245,,48.45,0.0,tip01,153.78,81Dish,15.5
2026-08-03,2026-08-16,new01,1021,2259,,18.1,0.0,tip01,57.45,70Server,14.5
2026-08-03,2026-08-16,new01,1021,2259,,18.11,0.0,tip01,57.48,83Salad,14.5
2026-08-03,2026-08-16,new01,1021,2259,,22.0,0.0,tip01,69.83,84Pizza,14.5
2026-08-03,2026-08-16,new01,1021,2259,,11.25,0.0,tip01,35.71,86Sandwich,14.5
2026-08-03,2026-08-16,new01,1021,2267,,39.87,0.0,tip01,126.55,74DRAttend,15.5
2026-08-03,2026-08-16,new01,1021,2267,,40.13,20.6,tip01,192.75,82Prep,15.5
2026-08-03,2026-08-16,new01,1021,2268,,39.86000000000001,0.0,tip01,126.51,70Server,15.0
2026-08-03,2026-08-16,new01,1021,2283,,45.129999999999995,0.0,tip01,143.24,86Sandwich,14.0
2026-08-03,2026-08-16,new01,1021,2296,,19.76,0.0,tip01,62.71,70Server,14.5
2026-08-03,2026-08-16,new01,1021,2296,,38.06,0.0,tip01,120.80,84Pizza,14.5
2026-08-03,2026-08-16,new01,1021,2297,,3.47,0.0,tip01,11.01,70Server,13.5
2026-08-03,2026-08-16,new01,1021,2297,,19.52,0.0,tip01,61.96,74DRAttend,13.5
2026-08-03,2026-08-16,new01,1021,2297,,24.82,0.0,tip01,78.77,81Dish,13.5
2026-08-03,2026-08-16,new01,1021,2325,,9.379999999999999,0.0,tip01,29.77,70Server,13.0
2026-08-03,2026-08-16,new01,1021,2325,,53.21999999999999,0.0,tip01,168.92,86Sandwich,13.0
2026-08-03,2026-08-16,new01,1021,2326,,17.47,0.0,tip01,55.46,70Server,13.5
2026-08-03,2026-08-16,new01,1021,2326,,43.2,0.0,tip01,137.12,83Salad,13.5
2026-08-03,2026-08-16,new01,1021,2337,,31.07,0.0,tip01,98.63,70Server,14.0
2026-08-03,2026-08-16,new01,1021,2338,,22.81,0.0,tip01,72.40,70Server,13.5
2026-08-03,2026-08-16,new01,1021,2338,,30.8,0.0,tip01,97.76,84Pizza,13.5
2026-08-03,2026-08-16,new01,1021,2346,,38.67,0.0,tip01,122.75,70Server,12.5
2026-08-03,2026-08-16,new01,1021,2352,,53.11,0.0,tip01,168.57,83Salad,13.5
2026-08-03,2026-08-16,new01,1021,2354,,77.85,0.0,tip01,247.09,5ShiftLead,17.0
2026-08-03,2026-08-16,new01,1021,2358,,24.14,0.0,tip01,76.62,70Server,11.5
2026-08-03,2026-08-16,new01,1021,2360,,29.849999999999998,0.0,tip01,94.74,70Server,12.0
2026-08-03,2026-08-16,new01,1021,2361,,40.83,0.0,tip01,129.60,74DRAttend,13.5
2026-08-03,2026-08-16,new01,1021,2366,,35.36,0.0,tip01,112.23,70Server,11.5
2026-08-03,2026-08-16,new01,1021,2370,,35.730000000000004,0.0,tip01,113.40,86Sandwich,14.5
2026-08-03,2026-08-16,new01,1021,2373,,28.07,0.0,tip01,89.10,70Server,12.5
2026-08-03,2026-08-16,new01,1021,2374,,64.89,0.0,tip01,205.96,74DRAttend,12.0
2026-08-03,2026-08-16,new01,1021,2376,,10.28,0.0,tip01,32.62,74DRAttend,13.5
2026-08-03,2026-08-16,new01,1021,2378,,49.81,0.0,tip01,158.09,82Prep,13.5
2026-08-03,2026-08-16,new01,1021,2379,,6.27,0.0,tip01,19.90,81Dish,13.0
2026-08-03,2026-08-16,new01,1021,2379,,51.730000000000004,0.0,tip01,164.18,82Prep,13.0
2026-08-03,2026-08-16,new01,1021,2382,,21.659999999999997,0.0,tip01,68.76,70Server,11.0
2026-08-03,2026-08-16,new01,1021,2384,,27.300000000000004,0.0,tip01,86.64,70Server,11.5
2026-08-03,2026-08-16,new01,1021,2384,,8.18,2.68,tip01,34.47,70Server,12.5
2026-08-03,2026-08-16,new01,1021,2384,,32.379999999999995,0.0,tip01,102.77,74DRAttend,12.5
2026-08-03,2026-08-16,new01,1021,2384,,4.52,0.0,tip01,14.35,84Pizza,11.5
2026-08-03,2026-08-16,new01,1021,2385,,51.93000000000001,0.0,tip01,164.81,70Server,12.0
2026-08-03,2026-08-16,new01,1021,2386,,55.79,3.58,tip01,188.45,74DRAttend,12.5
2026-08-03,2026-08-16,new01,1021,2386,,24.21,0.0,tip01,76.84,81Dish,12.5
2026-08-03,2026-08-16,new01,1021,2387,,45.03,0.0,tip01,142.92,70Server,11.5
2026-08-03,2026-08-16,new01,1021,2388,,31.74,0.0,tip01,100.73,83Salad,11.5
2026-08-03,2026-08-16,new01,1021,2388,,34.64,0.0,tip01,109.96,83Salad,12.5
2026-08-03,2026-08-16,new01,1021,2389,,80.0,4.220000000000001,tip01,267.31,86Sandwich,12.5
2026-08-03,2026-08-16,new01,1023,4000032,,48.279999999999994,0.0,tip01,294.19,81Dish,15.0
2026-08-03,2026-08-16,new01,1023,8078,,22.979999999999997,0.0,tip01,140.01,70Server,16.0
2026-08-03,2026-08-16,new01,1023,8078,,4.03,0.0,tip01,24.56,83Salad,16.0
2026-08-03,2026-08-16,new01,1023,8078,,4.22,0.0,tip01,25.71,84Pizza,16.0
2026-08-03,2026-08-16,new01,1023,9099539,,14.59,0.0,tip01,88.91,70Server,15.0
2026-08-03,2026-08-16,new01,1023,9099539,,19.099999999999998,0.0,tip01,116.39,83Salad,15.0
2026-08-03,2026-08-16,new01,1023,9099539,,25.34,0.0,tip01,154.41,84Pizza,15.0
2026-08-03,2026-08-16,new01,1023,9099539,,3.73,0.0,tip01,22.73,86Sandwich,15.0
2026-08-03,2026-08-16,new01,1023,9100326,,39.980000000000004,0.0,tip01,243.61,84Pizza,15.0
2026-08-03,2026-08-16,new01,1023,9100451,,8.15,0.0,tip01,49.66,81Dish,15.0
2026-08-03,2026-08-16,new01,1023,9100451,,34.599999999999994,0.0,tip01,210.82,82Prep,15.0
2026-08-03,2026-08-16,new01,1023,9101117,,3.88,0.0,tip01,23.64,74DRAttend,15.0
2026-08-03,2026-08-16,new01,1023,9101117,,49.910000000000004,0.0,tip01,304.12,82Prep,15.0
2026-08-03,2026-08-16,new01,1023,9101117,,16.16,0.0,tip01,98.47,84Pizza,15.0
2026-08-03,2026-08-16,new01,1023,9101181,,31.159999999999997,0.0,tip01,189.87,70Server,15.0
2026-08-03,2026-08-16,new01,1023,9101552,,46.64000000000001,0.0,tip01,284.18,82Prep,15.0
2026-08-03,2026-08-16,new01,1023,9101552,,16.12,0.0,tip01,98.22,86Sandwich,15.0
2026-08-03,2026-08-16,new01,1023,9101681,,1.46,0.0,tip01,8.90,70Server,15.0
2026-08-03,2026-08-16,new01,1023,9101681,,35.830000000000005,0.0,tip01,218.31,74DRAttend,15.0
2026-08-03,2026-08-16,new01,1023,9101723,,25.22,0.0,tip01,153.67,70Server,15.0
2026-08-03,2026-08-16,new01,1023,9101723,,3.12,0.0,tip01,19.01,74DRAttend,15.0
2026-08-03,2026-08-16,new01,1023,9101723,,19.1,0.0,tip01,116.38,83Salad,15.0
2026-08-03,2026-08-16,new01,1023,9101724,,3.41,0.0,tip01,20.78,70Server,14.0
2026-08-03,2026-08-16,new01,1023,9101724,,43.15,0.0,tip01,262.92,74DRAttend,14.0
2026-08-03,2026-08-16,new01,1023,9103094,,49.550000000000004,0.0,tip01,301.93,83Salad,15.0
2026-08-03,2026-08-16,new01,1023,9103287,,36.24999999999999,0.0,tip01,220.89,70Server,15.0
2026-08-03,2026-08-16,new01,1023,9103337,,32.44,0.0,tip01,197.65,70Server,15.0
2026-08-03,2026-08-16,new01,1023,9103551,,13.67,0.0,tip01,83.29,82Prep,15.0
2026-08-03,2026-08-16,new01,1023,9103551,,19.32,0.0,tip01,117.72,86Sandwich,15.0
2026-08-03,2026-08-16,new01,1023,9103841,,34.980000000000004,0.0,tip01,213.14,84Pizza,15.0
2026-08-03,2026-08-16,new01,1023,9103841,,11.920000000000002,0.0,tip01,72.63,86Sandwich,15.0
2026-08-03,2026-08-16,new01,1023,9103855,,26.149999999999995,0.0,tip01,159.34,70Server,15.0
2026-08-03,2026-08-16,new01,1023,9103915,,17.5,0.0,tip01,106.64,70Server,14.0
2026-08-03,2026-08-16,new01,1023,9103981,,35.15,0.0,tip01,214.19,70Server,15.0
2026-08-03,2026-08-16,new01,1023,9103983,,19.049999999999997,0.0,tip01,116.09,70Server,14.0
2026-08-03,2026-08-16,new01,1023,9103983,,7.1899999999999995,0.0,tip01,43.81,81Dish,14.0
2026-08-03,2026-08-16,new01,1023,9104020,,57.53,0.0,tip01,350.54,86Sandwich,15.0
2026-08-03,2026-08-16,new01,1023,9104051,,46.46,0.0,tip01,283.09,81Dish,15.0
2026-08-03,2026-08-16,new01,1023,9104056,,44.04,0.0,tip01,268.34,70Server,15.0
2026-08-03,2026-08-16,new01,1023,9104136,,19.839999999999996,0.0,tip01,120.89,86Sandwich,14.0
2026-08-03,2026-08-16,new01,1023,9104151,,31.229999999999997,0.0,tip01,190.30,82Prep,15.0
2026-08-03,2026-08-16,new01,1023,9104172,,12.53,0.0,tip01,76.34,86Sandwich,15.0
2026-08-03,2026-08-16,new01,1023,9104176,,25.77,0.0,tip01,157.01,74DRAttend,15.0
2026-08-03,2026-08-16,new01,1024,9099504,Longview,9.49,0.0,tip01,39.61,74DRAttend,10.5
2026-08-03,2026-08-16,new01,1024,9099504,Longview,21.44,0.0,tip01,89.49,81Dish,10.5
2026-08-03,2026-08-16,new01,1024,9099504,Longview,11.79,0.0,tip01,49.20,86Sandwich,10.5
2026-08-03,2026-08-16,new01,1024,9101166,Longview,61.160000000000004,0.0,tip01,255.24,5ShiftLead,13.5
2026-08-03,2026-08-16,new01,1024,9102023,Longview,6.37,0.0,tip01,26.58,82Prep,11.5
2026-08-03,2026-08-16,new01,1024,9102023,Longview,44.89,0.0,tip01,187.33,84Pizza,11.5
2026-08-03,2026-08-16,new01,1024,9102358,Longview,12.23,0.0,tip01,51.04,70Server,10.5
2026-08-03,2026-08-16,new01,1024,9102358,Longview,4.09,0.0,tip01,17.07,83Salad,10.5
2026-08-03,2026-08-16,new01,1024,9102687,Longview,45.67,0.0,tip01,190.60,70Server,10.0
2026-08-03,2026-08-16,new01,1024,9102741,Longview,39.49,0.0,tip01,164.81,82Prep,12.5
2026-08-03,2026-08-16,new01,1024,9102768,Longview,16.21,0.0,tip01,67.65,70Server,10.0
2026-08-03,2026-08-16,new01,1024,9102768,Longview,20.759999999999998,0.0,tip01,86.64,83Salad,10.0
2026-08-03,2026-08-16,new01,1024,9102768,Longview,7.8999999999999995,0.0,tip01,32.97,84Pizza,10.0
2026-08-03,2026-08-16,new01,1024,9102768,Longview,11.86,0.0,tip01,49.50,86Sandwich,10.0
2026-08-03,2026-08-16,new01,1024,9102858,Longview,49.92,0.0,tip01,208.33,5ShiftLead,14.0
2026-08-03,2026-08-16,new01,1024,9102858,Longview,18.09,0.0,tip01,75.49,80Expo,14.0
2026-08-03,2026-08-16,new01,1024,9103312,Longview,49.54,0.0,tip01,206.73,74DRAttend,11.0
2026-08-03,2026-08-16,new01,1024,9103388,Longview,79.37999999999998,0.0,tip01,331.24,83Salad,10.0
2026-08-03,2026-08-16,new01,1024,9103469,Longview,54.59,0.0,tip01,227.81,74DRAttend,10.25
2026-08-03,2026-08-16,new01,1024,9103802,Longview,20.439999999999998,0.0,tip01,85.31,70Server,10.0
2026-08-03,2026-08-16,new01,1024,9103873,Longview,45.010000000000005,0.0,tip01,187.85,74DRAttend,10.0
2026-08-03,2026-08-16,new01,1024,9103951,Longview,13.12,0.0,tip01,54.75,70Server,10.5
2026-08-03,2026-08-16,new01,1024,9103951,Longview,30.119999999999997,0.0,tip01,125.70,83Salad,10.5
2026-08-03,2026-08-16,new01,1024,9103951,Longview,23.950000000000003,0.0,tip01,99.95,86Sandwich,10.5
2026-08-03,2026-08-16,new01,1024,9103955,Longview,22.44,0.0,tip01,93.65,84Pizza,10.0
2026-08-03,2026-08-16,new01,1024,9103999,Longview,12.629999999999999,0.0,tip01,52.71,107Utility,14.0
2026-08-03,2026-08-16,new01,1024,9103999,Longview,21.900000000000002,0.0,tip01,91.40,5ShiftLead,14.0
2026-08-03,2026-08-16,new01,1024,9103999,Longview,13.25,0.0,tip01,55.29,80Expo,14.0
2026-08-03,2026-08-16,new01,1024,9103999,Longview,28.88,0.0,tip01,120.52,82Prep,14.0
2026-08-03,2026-08-16,new01,1024,9104055,Longview,30.829999999999995,0.0,tip01,128.66,70Server,10.0
2026-08-03,2026-08-16,new01,1024,9104066,Longview,37.32,0.0,tip01,155.75,70Server,10.0
2026-08-03,2026-08-16,new01,1024,9104072,Longview,8.5,0.0,tip01,35.47,70Server,9.5
2026-08-03,2026-08-16,new01,1024,9104089,Longview,17.240000000000002,0.0,tip01,71.95,70Server,10.0
2026-08-03,2026-08-16,new01,1024,9104097,Longview,35.46,0.0,tip01,147.98,70Server,9.5
2026-08-03,2026-08-16,new01,1024,9104104,Longview,29.669999999999998,0.0,tip01,123.82,81Dish,10.0
2026-08-03,2026-08-16,new01,1024,9104156,Longview,28.8,0.0,tip01,120.20,84Pizza,9.5
2026-08-03,2026-08-16,new01,1024,9104161,Longview,22.419999999999998,0.0,tip01,93.57,86Sandwich,9.5
2026-08-03,2026-08-16,new01,1024,9104166,Longview,34.85,0.0,tip01,145.45,82Prep,11.5
2026-08-03,2026-08-16,new01,1024,9104170,Longview,53.82999999999999,0.0,tip01,224.65,82Prep,11.0
2026-08-03,2026-08-16,new01,1026,1039,DIberville,59.46,0.0,tip01,256.79,74DRAttend,11.0
2026-08-03,2026-08-16,new01,1026,1164,DIberville,14.43,0.0,tip01,62.32,70Server,11.5
2026-08-03,2026-08-16,new01,1026,1198,DIberville,32.980000000000004,0.0,tip01,142.44,86Sandwich,13.0
2026-08-03,2026-08-16,new01,1026,1199,DIberville,69.57,0.0,tip01,300.45,80Expo,12.0
2026-08-03,2026-08-16,new01,1026,1266,DIberville,43.06,0.0,tip01,185.96,81Dish,12.0
2026-08-03,2026-08-16,new01,1026,1269,DIberville,69.71,0.0,tip01,301.05,80Expo,14.0
2026-08-03,2026-08-16,new01,1026,1276,DIberville,34.32,0.0,tip01,148.22,80Expo,11.0
2026-08-03,2026-08-16,new01,1026,1282,DIberville,64.55999999999999,0.0,tip01,278.82,86Sandwich,11.0
2026-08-03,2026-08-16,new01,1026,1388,DIberville,22.63,0.0,tip01,97.73,74DRAttend,12.5
2026-08-03,2026-08-16,new01,1026,1388,DIberville,32.08,0.0,tip01,138.54,74DRAttend,13.0
2026-08-03,2026-08-16,new01,1026,1422,DIberville,47.769999999999996,0.0,tip01,206.32,70Server,10.5
2026-08-03,2026-08-16,new01,1026,1429,DIberville,66.62,0.0,tip01,287.70,83Salad,10.5
2026-08-03,2026-08-16,new01,1026,1431,DIberville,31.49,0.0,tip01,135.99,82Prep,15.0
2026-08-03,2026-08-16,new01,1026,1447,DIberville,20.13,0.0,tip01,86.94,70Server,12.0
2026-08-03,2026-08-16,new01,1026,1448,DIberville,34.769999999999996,0.0,tip01,150.15,70Server,9.5
2026-08-03,2026-08-16,new01,1026,1460,DIberville,67.02,0.0,tip01,289.42,74DRAttend,9.5
2026-08-03,2026-08-16,new01,1026,1462,DIberville,27.200000000000003,0.0,tip01,117.47,70Server,10.0
2026-08-03,2026-08-16,new01,1026,1463,DIberville,47.57,0.0,tip01,205.43,80Expo,11.5
2026-08-03,2026-08-16,new01,1026,1471,DIberville,9.24,0.0,tip01,39.90,70Server,9.5
2026-08-03,2026-08-16,new01,1026,1474,DIberville,29.29,0.0,tip01,126.50,81Dish,9.0
2026-08-03,2026-08-16,new01,1026,1476,DIberville,27.130000000000003,0.0,tip01,117.16,70Server,9.0
2026-08-03,2026-08-16,new01,1026,1485,DIberville,9.3,0.0,tip01,40.17,70Server,10.0
2026-08-03,2026-08-16,new01,1026,1496,DIberville,68.03,0.0,tip01,293.79,86Sandwich,12.0
2026-08-03,2026-08-16,new01,1026,1502,DIberville,23.200000000000003,0.0,tip01,100.19,70Server,9.5
2026-08-03,2026-08-16,new01,1026,1509,DIberville,44.03,0.0,tip01,190.16,74DRAttend,9.5
2026-08-03,2026-08-16,new01,1026,1515,DIberville,51.7,0.0,tip01,223.26,70Server,9.5
2026-08-03,2026-08-16,new01,1026,1518,DIberville,65.88999999999999,0.0,tip01,284.55,86Sandwich,10.5
2026-08-03,2026-08-16,new01,1026,1520,DIberville,23.009999999999998,0.0,tip01,99.37,86Sandwich,11.5
2026-08-03,2026-08-16,new01,1026,1520,DIberville,48.49,0.0,tip01,209.41,86Sandwich,12.0
2026-08-03,2026-08-16,new01,1026,1523,DIberville,56.13,0.0,tip01,242.40,70Server,10.5
2026-08-03,2026-08-16,new01,1026,1541,DIberville,46.440000000000005,0.0,tip01,200.57,86Sandwich,11.5
2026-08-03,2026-08-16,new01,1026,1543,DIberville,13.44,0.0,tip01,58.04,70Server,9.5
2026-08-03,2026-08-16,new01,1026,1544,DIberville,61.349999999999994,0.0,tip01,264.94,70Server,9.5
2026-08-03,2026-08-16,new01,1026,1550,DIberville,17.48,0.0,tip01,75.49,82Prep,12.0
2026-08-03,2026-08-16,new01,1026,1550,DIberville,37.839999999999996,0.0,tip01,163.42,82Prep,12.5
2026-08-03,2026-08-16,new01,1026,1566,DIberville,40.290000000000006,0.0,tip01,174.01,83Salad,11.0
2026-08-03,2026-08-16,new01,1026,1568,DIberville,37.550000000000004,0.0,tip01,162.17,70Server,9.0
2026-08-03,2026-08-16,new01,1026,1570,DIberville,13.31,0.0,tip01,57.48,70Server,9.5
2026-08-03,2026-08-16,new01,1026,1571,DIberville,15.9,0.0,tip01,68.66,70Server,9.0
2026-08-03,2026-08-16,new01,1026,1574,DIberville,19.72,0.0,tip01,85.17,70Server,9.5
2026-08-03,2026-08-16,new01,1026,1576,DIberville,29.14,0.0,tip01,125.84,86Sandwich,9.5
2026-08-03,2026-08-16,new01,1026,1577,DIberville,42.26,0.0,tip01,182.51,70Server,9.0
2026-08-03,2026-08-16,new01,1026,1579,DIberville,50.57000000000001,0.0,tip01,218.40,81Dish,10.5
2026-08-03,2026-08-16,new01,1026,1580,DIberville,34.07,0.0,tip01,147.14,74DRAttend,9.5
2026-08-03,2026-08-16,new01,1026,1582,DIberville,33.43,0.0,tip01,144.37,83Salad,9.0
2026-08-03,2026-08-16,new01,1026,1583,DIberville,56.32,0.0,tip01,243.22,83Salad,10.0
2026-08-03,2026-08-16,new01,1026,1584,DIberville,51.0,0.0,tip01,220.24,84Pizza,12.0
2026-08-03,2026-08-16,new01,1026,1585,DIberville,28.380000000000003,0.0,tip01,122.57,74DRAttend,10.5
2026-08-03,2026-08-16,new01,1026,1586,DIberville,55.94,0.0,tip01,241.61,70Server,10.0
2026-08-03,2026-08-16,new01,1026,1587,DIberville,35.849999999999994,0.0,tip01,154.81,70Server,9.0
2026-08-03,2026-08-16,new01,1026,1588,DIberville,43.74999999999999,0.0,tip01,188.93,70Server,9.0
2026-08-03,2026-08-16,new01,1026,1589,DIberville,23.89,0.0,tip01,103.19,70Server,9.0
2026-08-03,2026-08-16,new01,1026,1590,DIberville,18.990000000000002,0.0,tip01,82.01,70Server,9.0
2026-08-03,2026-08-16,new01,1026,1591,DIberville,5.64,0.0,tip01,24.36,81Dish,10.0
2026-08-03,2026-08-16,new01,1026,1592,DIberville,28.28,0.0,tip01,122.13,86Sandwich,9.5
2026-08-03,2026-08-16,new01,1026,432,DIberville,74.35,0.0,tip01,321.10,5ShiftLead,15.0
2026-08-03,2026-08-16,new01,1026,523,DIberville,41.809999999999995,0.0,tip01,180.56,82Prep,15.0
2026-08-03,2026-08-16,new01,1026,988,DIberville,54.92999999999999,0.0,tip01,237.22,82Prep,15.5
2026-08-03,2026-08-16,new01,1027,AMONDRAGON28,Arboretum,35.06,0.0,tip01,179.02,74DRAttend,10.0
2026-08-03,2026-08-16,new01,1027,AWILSON734,Arboretum,62.83,0.0,tip01,320.84,83Salad,11.0
2026-08-03,2026-08-16,new01,1027,DDRISDALE1,Arboretum,25.739999999999995,0.0,tip01,131.44,86Sandwich,10.0
2026-08-03,2026-08-16,new01,1027,ESARCHAGA,Arboretum,32.29,0.0,tip01,164.87,84Pizza,12.0
2026-08-03,2026-08-16,new01,1027,ESARCHAGA,Arboretum,13.64,0.0,tip01,69.65,86Sandwich,12.0
2026-08-03,2026-08-16,new01,1027,HACHAVARRIA1,Arboretum,22.470000000000002,0.0,tip01,114.74,70Server,10.5
2026-08-03,2026-08-16,new01,1027,HACHAVARRIA1,Arboretum,8.93,0.0,tip01,45.60,86Sandwich,10.5
2026-08-03,2026-08-16,new01,1027,HEDGERTON,Arboretum,28.61,0.0,tip01,146.08,70Server,10.0
2026-08-03,2026-08-16,new01,1027,HMONDRAGON6,Arboretum,78.99000000000001,0.0,tip01,403.34,7CerTrainr,17.0
2026-08-03,2026-08-16,new01,1027,IOSTAPOV1,Arboretum,80.0,9.57,tip01,457.37,5ShiftLead,0.0
2026-08-03,2026-08-16,new01,1027,JKCONTRERASORDUNO,Arboretum,31.150000000000002,0.0,tip01,159.06,70Server,10.0
2026-08-03,2026-08-16,new01,1027,JMCGRAW24,Arboretum,80.0,5.03,tip01,434.18,5ShiftLead,0.0
2026-08-03,2026-08-16,new01,1027,LPEREZ231,Arboretum,79.13000000000001,0.0,tip01,404.03,81Dish,12.5
2026-08-03,2026-08-16,new01,1027,MARCADIOBERNAL1,Arboretum,60.39,0.0,tip01,308.37,74DRAttend,12.5
2026-08-03,2026-08-16,new01,1027,MBELTRAN,Arboretum,56.79,0.0,tip01,289.98,84Pizza,10.0
2026-08-03,2026-08-16,new01,1027,MPERRY182,Arboretum,0.67,0.0,tip01,3.42,70Server,10.0
2026-08-03,2026-08-16,new01,1027,MRODRIGUEZ1001,Arboretum,48.55,0.0,tip01,247.91,70Server,11.5
2026-08-03,2026-08-16,new01,1027,MRODRIGUEZ1001,Arboretum,8.510000000000002,0.0,tip01,43.45,84Pizza,11.5
2026-08-03,2026-08-16,new01,1027,MSANCHEZ590,Arboretum,18.54,0.0,tip01,94.67,86Sandwich,10.0
2026-08-03,2026-08-16,new01,1027,MSOLORZANO19,Arboretum,79.02000000000001,0.0,tip01,403.50,7CerTrainr,15.0
2026-08-03,2026-08-16,new01,1027,RMOLINA45,Arboretum,42.0,0.0,tip01,214.47,70Server,9.5
2026-08-03,2026-08-16,new01,1027,RREED152,Arboretum,67.93,0.0,tip01,346.86,84Pizza,11.0
2026-08-03,2026-08-16,new01,1027,RTAPPA,Arboretum,42.60000000000001,0.0,tip01,217.53,70Server,10.0
2026-08-03,2026-08-16,new01,1027,SAYALA40,Arboretum,77.29,3.96,tip01,414.87,5ShiftLead,0.0
2026-08-03,2026-08-16,new01,1027,SMORAN44,Arboretum,4.71,0.0,tip01,24.05,70Server,13.0
2026-08-03,2026-08-16,new01,1027,SMORAN44,Arboretum,15.079999999999998,0.0,tip01,77.01,83Salad,13.0
2026-08-03,2026-08-16,new01,1027,SMORAN44,Arboretum,53.75,0.0,tip01,274.45,86Sandwich,13.0
2026-08-03,2026-08-16,new01,1027,TBROOKS181,Arboretum,17.14,0.0,tip01,87.52,70Server,10.5
2026-08-03,2026-08-16,new01,1027,TBROOKS181,Arboretum,20.09,0.0,tip01,102.59,84Pizza,10.5
2026-08-03,2026-08-16,new01,1027,THARDIN26,Arboretum,80.0,41.18000000000001,tip01,618.77,5ShiftLead,0.0
2026-08-03,2026-08-16,new01,1027,URIOS1,Arboretum,41.599999999999994,0.0,tip01,212.41,81Dish,11.0
2026-08-03,2026-08-16,new01,1027,VDIAZ50,Arboretum,73.78000000000002,0.0,tip01,376.72,7CerTrainr,16.0
2026-08-03,2026-08-16,new01,1027,VFUMIKO,Arboretum,15.44,0.0,tip01,78.84,70Server,10.0
2026-08-03,2026-08-16,new01,1027,VGJIMENEZ,Arboretum,20.7,0.0,tip01,105.70,70Server,11.5
2026-08-03,2026-08-16,new01,1027,VJBLACKWELL1,Arboretum,26.75,0.0,tip01,136.60,70Server,12.5
2026-08-03,2026-08-16,new01,1027,YJAIMES5,Arboretum,39.43000000000001,0.0,tip01,201.33,7CerTrainr,13.0
2026-08-03,2026-08-16,new01,1029,3033481,Whitesburg,36.68,0.0,tip01,123.76,5ShiftLead,16.0
2026-08-03,2026-08-16,new01,1029,3033481,Whitesburg,30.669999999999998,0.0,tip01,103.48,74DRAttend,14.0
2026-08-03,2026-08-16,new01,1029,3033492,Whitesburg,20.48,0.0,tip01,69.10,81Dish,10.0
2026-08-03,2026-08-16,new01,1029,3033492,Whitesburg,20.349999999999998,0.0,tip01,68.66,81Dish,11.0
2026-08-03,2026-08-16,new01,1029,3033594,Whitesburg,80.0,2.12,tip01,277.06,83Salad,12.0
2026-08-03,2026-08-16,new01,1029,3033642,Whitesburg,80.0,6.44,tip01,291.65,74DRAttend,13.0
2026-08-03,2026-08-16,new01,1029,3033656,Whitesburg,72.93,0.0,tip01,246.05,86Sandwich,12.5
2026-08-03,2026-08-16,new01,1029,3033662,Whitesburg,27.52,0.0,tip01,92.85,74DRAttend,11.0
2026-08-03,2026-08-16,new01,1029,3033667,Whitesburg,59.06,0.0,tip01,199.26,83Salad,12.5
2026-08-03,2026-08-16,new01,1029,3033671,Whitesburg,63.39999999999999,0.0,tip01,213.92,74DRAttend,11.5
2026-08-03,2026-08-16,new01,1029,3033672,Whitesburg,78.93,5.02,tip01,283.21,5ShiftLead,16.0
2026-08-03,2026-08-16,new01,1029,3033674,Whitesburg,8.86,0.0,tip01,29.89,81Dish,12.0
2026-08-03,2026-08-16,new01,1029,3033676,Whitesburg,65.39,0.0,tip01,220.61,74DRAttend,11.5
2026-08-03,2026-08-16,new01,1029,3033677,Whitesburg,51.359999999999985,0.0,tip01,173.27,81Dish,12.0
2026-08-03,2026-08-16,new01,1029,3033679,Whitesburg,40.0,1.65,tip01,140.53,5ShiftLead,16.0
2026-08-03,2026-08-16,new01,1029,3033679,Whitesburg,0.0,0.0,tip01,0.00,74DRAttend,0.0
2026-08-03,2026-08-16,new01,1029,3033679,Whitesburg,40.0,4.4399999999999995,tip01,149.93,74DRAttend,12.0
2026-08-03,2026-08-16,new01,1029,3033680,Whitesburg,20.04,0.0,tip01,67.62,74DRAttend,11.5
2026-08-03,2026-08-16,new01,1029,3033681,Whitesburg,44.089999999999996,0.0,tip01,148.75,82Prep,12.0
2026-08-03,2026-08-16,new01,1029,3033682,Whitesburg,49.489999999999995,0.0,tip01,166.98,86Sandwich,12.0
2026-08-03,2026-08-16,new01,1029,3033683,Whitesburg,38.2,0.0,tip01,128.87,74DRAttend,12.0
2026-08-03,2026-08-16,new01,1029,3033684,Whitesburg,12.42,0.0,tip01,41.90,74DRAttend,12.0
2026-08-03,2026-08-16,new01,1029,3033685,Whitesburg,53.51,0.0,tip01,180.54,86Sandwich,12.0
2026-08-03,2026-08-16,new01,1031,AECANIZALES,CSTATION,11.37,0.0,tip01,52.89,70Server,11.0
2026-08-03,2026-08-16,new01,1031,AECANIZALES,CSTATION,16.48,0.0,tip01,76.66,74DRAttend,11.0
2026-08-03,2026-08-16,new01,1031,AECANIZALES,CSTATION,17.61,0.0,tip01,81.91,83Salad,11.0
2026-08-03,2026-08-16,new01,1031,AECANIZALES,CSTATION,15.03,0.0,tip01,69.91,84Pizza,11.0
2026-08-03,2026-08-16,new01,1031,AHERNANDEZ1234,CSTATION,47.419999999999995,0.0,tip01,220.59,81Dish,10.0
2026-08-03,2026-08-16,new01,1031,AMCMULLEN22,CSTATION,31.349999999999998,0.0,tip01,145.83,70Server,10.0
2026-08-03,2026-08-16,new01,1031,BGERONIME,CSTATION,38.92,0.0,tip01,181.04,70Server,10.0
2026-08-03,2026-08-16,new01,1031,CEJARNAGIN1,CSTATION,4.19,0.0,tip01,19.49,70Server,10.5
2026-08-03,2026-08-16,new01,1031,CEJARNAGIN1,CSTATION,25.16,0.0,tip01,117.04,84Pizza,10.5
2026-08-03,2026-08-16,new01,1031,CRMALDONADO2,CSTATION,79.47999999999999,0.0,tip01,369.74,86Sandwich,12.5
2026-08-03,2026-08-16,new01,1031,DABBS1,CSTATION,30.93,0.0,tip01,143.88,81Dish,10.0
2026-08-03,2026-08-16,new01,1031,DALDAMA3,CSTATION,53.92,0.0,tip01,250.82,74DRAttend,10.25
2026-08-03,2026-08-16,new01,1031,ECOURTNEY8,CSTATION,12.71,0.0,tip01,59.12,70Server,10.0
2026-08-03,2026-08-16,new01,1031,EPEREZRABANALES1,CSTATION,15.98,0.0,tip01,74.33,83Salad,12.0
2026-08-03,2026-08-16,new01,1031,EPEREZRABANALES1,CSTATION,56.97,0.0,tip01,265.01,86Sandwich,12.0
2026-08-03,2026-08-16,new01,1031,JWALKER734,CSTATION,79.87,0.39,tip01,373.35,5ShiftLead,0.0
2026-08-03,2026-08-16,new01,1031,KAHICKS6,CSTATION,35.92999999999999,0.0,tip01,167.15,70Server,10.0
2026-08-03,2026-08-16,new01,1031,LABARNARD2,CSTATION,29.42,0.0,tip01,136.87,70Server,10.0
2026-08-03,2026-08-16,new01,1031,LABARNARD2,CSTATION,27.590000000000003,0.0,tip01,128.33,83Salad,10.0
2026-08-03,2026-08-16,new01,1031,MGUTIERREZ266,CSTATION,28.57,0.0,tip01,132.90,81Dish,10.0
2026-08-03,2026-08-16,new01,1031,PGARCIA149,CSTATION,58.459999999999994,0.0,tip01,271.95,83Salad,14.25
2026-08-03,2026-08-16,new01,1031,RDUNN73,CSTATION,7.130000000000001,0.0,tip01,33.16,84Pizza,10.0
2026-08-03,2026-08-16,new01,1031,RMOORE359,CSTATION,16.09,0.0,tip01,74.84,70Server,10.0
2026-08-03,2026-08-16,new01,1031,RPERRY105,CSTATION,48.539999999999985,0.0,tip01,225.80,5ShiftLead,0.0
2026-08-03,2026-08-16,new01,1031,RSICSAPON1,CSTATION,76.33000000000001,0.0,tip01,355.06,82Prep,14.0
2026-08-03,2026-08-16,new01,1031,VKNOWLES6,CSTATION,63.35,0.0,tip01,294.68,5ShiftLead,0.0
2026-08-03,2026-08-16,new01,1031,YMARTINEZ128,CSTATION,30.830000000000005,0.0,tip01,143.43,70Server,11.75
2026-08-03,2026-08-16,new01,1031,YMARTINEZ128,CSTATION,11.239999999999998,0.0,tip01,52.29,82Prep,11.75
2026-08-03,2026-08-16,new01,1031,YMARTINEZ128,CSTATION,5.62,0.0,tip01,26.15,84Pizza,11.75
2026-08-03,2026-08-16,new01,1031,YMARTINEZ128,CSTATION,10.32,0.0,tip01,48.01,86Sandwich,11.75
2026-08-03,2026-08-16,new01,1032,4040072,,80.0,5.21,tip01,449.44,82Prep,19.75
2026-08-03,2026-08-16,new01,1032,4040352,,58.60999999999999,0.0,tip01,309.13,81Dish,13.0
2026-08-03,2026-08-16,new01,1032,4040407,,79.2,0.86,tip01,422.27,86Sandwich,14.5
2026-08-03,2026-08-16,new01,1032,4040421,,42.64999999999999,0.0,tip01,224.93,74DRAttend,12.0
2026-08-03,2026-08-16,new01,1032,4040428,,42.18,0.0,tip01,222.48,7CerTrainr,14.5
2026-08-03,2026-08-16,new01,1032,4040429,,57.389999999999986,0.0,tip01,302.72,74DRAttend,14.5
2026-08-03,2026-08-16,new01,1032,4040436,,80.0,12.36,tip01,487.15,82Prep,15.0
2026-08-03,2026-08-16,new01,1032,4040452,,49.830000000000005,0.0,tip01,262.82,74DRAttend,15.0
2026-08-03,2026-08-16,new01,1032,4040453,,28.22,0.0,tip01,148.84,81Dish,11.5
2026-08-03,2026-08-16,new01,1032,4040474,,79.99999999999999,4.47,tip01,445.53,5ShiftLead,18.5
2026-08-03,2026-08-16,new01,1032,4040483,,49.11,0.0,tip01,259.01,84Pizza,14.0
2026-08-03,2026-08-16,new01,1032,4040486,,61.47,0.0,tip01,324.23,74DRAttend,12.0
2026-08-03,2026-08-16,new01,1032,4040488,,54.24000000000001,0.0,tip01,286.08,86Sandwich,14.0
2026-08-03,2026-08-16,new01,1032,4040489,,80.0,22.560000000000002,tip01,540.95,7CerTrainr,14.0
2026-08-03,2026-08-16,new01,1032,4040490,,46.04,0.0,tip01,242.82,83Salad,13.5
2026-08-03,2026-08-16,new01,1032,4040491,,19.78,0.0,tip01,104.33,74DRAttend,13.0
2026-08-03,2026-08-16,new01,1032,4040494,,46.79,0.0,tip01,246.78,74DRAttend,12.0
2026-08-03,2026-08-16,new01,1032,4040495,,46.059999999999995,0.0,tip01,242.94,84Pizza,13.0
2026-08-03,2026-08-16,new01,1032,4040498,,65.58999999999999,3.42,tip01,363.99,74DRAttend,13.0
2026-08-03,2026-08-16,new01,1032,4040499,,77.36,0.0,tip01,408.02,74DRAttend,13.5
2026-08-03,2026-08-16,new01,1032,4040503,,67.44,0.0,tip01,355.68,70Server,0.0
2026-08-03,2026-08-16,new01,1033,,WACO,37.08,0.0,tip01,162.11,5ShiftLead,0.0
2026-08-03,2026-08-16,new01,1033,ADELEON112,WACO,40.57,0.0,tip01,177.39,70Server,13.0
2026-08-03,2026-08-16,new01,1033,AGAMIZ,WACO,23.200000000000003,0.0,tip01,101.43,83Salad,12.0
2026-08-03,2026-08-16,new01,1033,ALYOUNG29,WACO,41.88999999999999,0.0,tip01,183.15,70Server,12.0
2026-08-03,2026-08-16,new01,1033,APAVANAVERA,WACO,27.97,0.0,tip01,122.28,86Sandwich,13.0
2026-08-03,2026-08-16,new01,1033,BFKIDD,WACO,29.89,0.0,tip01,130.69,84Pizza,12.0
2026-08-03,2026-08-16,new01,1033,BPAYNE50,WACO,50.15,2.19,tip01,228.84,5ShiftLead,0.0
2026-08-03,2026-08-16,new01,1033,CEMORGAN4,WACO,58.3,0.0,tip01,254.90,81Dish,13.0
2026-08-03,2026-08-16,new01,1033,DCORTESDIAZ,WACO,46.76,0.0,tip01,204.44,81Dish,10.5
2026-08-03,2026-08-16,new01,1033,DRICHARDSON248,WACO,30.76,0.0,tip01,134.48,83Salad,13.0
2026-08-03,2026-08-16,new01,1033,ESANCHEZ269,WACO,38.47,0.0,tip01,168.19,80Expo,16.5
2026-08-03,2026-08-16,new01,1033,FCARBAJAL8,WACO,73.11,0.0,tip01,319.64,81Dish,13.5
2026-08-03,2026-08-16,new01,1033,FDHARRIS1,WACO,28.89,0.0,tip01,126.31,86Sandwich,11.0
2026-08-03,2026-08-16,new01,1033,GCORTESDIAZ,WACO,46.69,0.0,tip01,204.13,83Salad,11.0
2026-08-03,2026-08-16,new01,1033,IIARZOLA,WACO,8.93,0.0,tip01,39.04,81Dish,11.5
2026-08-03,2026-08-16,new01,1033,JNICHOLS137,WACO,17.66,0.0,tip01,77.21,84Pizza,11.0
2026-08-03,2026-08-16,new01,1033,JRATTAN3,WACO,16.96,0.0,tip01,74.16,84Pizza,11.0
2026-08-03,2026-08-16,new01,1033,KBAKER190,WACO,39.15,0.0,tip01,171.17,84Pizza,12.0
2026-08-03,2026-08-16,new01,1033,KRODRIGUEZ297,WACO,47.45000000000001,0.0,tip01,207.48,70Server,12.0
2026-08-03,2026-08-16,new01,1033,LGLARA1,WACO,72.06,0.0,tip01,315.05,84Pizza,16.75
2026-08-03,2026-08-16,new01,1033,MRMARTINEZ24,WACO,29.689999999999998,0.0,tip01,129.80,70Server,10.0
2026-08-03,2026-08-16,new01,1033,OJONES92,WACO,12.0,0.0,tip01,52.46,83Salad,10.0
2026-08-03,2026-08-16,new01,1033,SGUERRERO46,WACO,7.77,0.0,tip01,33.98,41Training,12.0
2026-08-03,2026-08-16,new01,1033,SGUERRERO46,WACO,14.830000000000002,0.0,tip01,64.84,84Pizza,12.0
2026-08-03,2026-08-16,new01,1033,TGIRON,WACO,27.279999999999998,0.0,tip01,119.28,83Salad,11.0
2026-08-03,2026-08-16,new01,1033,TMRICHARDS3,WACO,40.22,0.0,tip01,175.85,70Server,11.0
2026-08-03,2026-08-16,new01,1033,TSNOWMAN,WACO,49.11,0.0,tip01,214.70,70Server,14.75
2026-08-03,2026-08-16,new01,1034,9097008,CSPRINGS,51.97,0.0,tip01,260.36,72CaterTL,24.0
2026-08-03,2026-08-16,new01,1034,9097008,CSPRINGS,9.15,0.0,tip01,45.84,83Salad,24.0
2026-08-03,2026-08-16,new01,1034,9097008,CSPRINGS,3.25,0.0,tip01,16.28,84Pizza,24.0
2026-08-03,2026-08-16,new01,1034,9097008,CSPRINGS,2.79,0.0,tip01,13.98,86Sandwich,24.0
2026-08-03,2026-08-16,new01,1034,9097023,CSPRINGS,52.05000000000001,0.0,tip01,260.77,5ShiftLead,20.0
2026-08-03,2026-08-16,new01,1034,9097023,CSPRINGS,1.8199999999999998,0.0,tip01,9.12,7CerTrainr,20.0
2026-08-03,2026-08-16,new01,1034,9098562,CSPRINGS,53.150000000000006,0.0,tip01,266.29,81Dish,22.0
2026-08-03,2026-08-16,new01,1034,9098562,CSPRINGS,10.07,0.0,tip01,50.45,82Prep,22.0
2026-08-03,2026-08-16,new01,1034,9098562,CSPRINGS,7.95,0.0,tip01,39.83,86Sandwich,22.0
2026-08-03,2026-08-16,new01,1034,9099266,CSPRINGS,1.88,0.0,tip01,9.42,70Server,15.0
2026-08-03,2026-08-16,new01,1034,9099266,CSPRINGS,35.24,0.0,tip01,176.55,72CaterTL,0.0
2026-08-03,2026-08-16,new01,1034,9099266,CSPRINGS,3.27,0.0,tip01,16.38,72CaterTL,15.75
2026-08-03,2026-08-16,new01,1034,9099266,CSPRINGS,5.8,0.0,tip01,29.06,82Prep,0.0
2026-08-03,2026-08-16,new01,1034,9099266,CSPRINGS,2.98,0.0,tip01,14.93,84Pizza,15.0
2026-08-03,2026-08-16,new01,1034,9099266,CSPRINGS,2.94,0.0,tip01,14.73,86Sandwich,15.75
2026-08-03,2026-08-16,new01,1034,9100063,CSPRINGS,46.36,0.0,tip01,232.25,5ShiftLead,20.0
2026-08-03,2026-08-16,new01,1034,9100063,CSPRINGS,33.16,0.0,tip01,166.14,80Expo,20.0
2026-08-03,2026-08-16,new01,1034,9100141,CSPRINGS,75.88,0.0,tip01,380.17,82Prep,20.0
2026-08-03,2026-08-16,new01,1034,9100269,CSPRINGS,32.81,0.0,tip01,164.38,70Server,19.0
2026-08-03,2026-08-16,new01,1034,9100269,CSPRINGS,14.73,0.0,tip01,73.80,80Expo,19.0
2026-08-03,2026-08-16,new01,1034,9100731,CSPRINGS,70.63,0.0,tip01,353.85,83Salad,18.0
2026-08-03,2026-08-16,new01,1034,9101346,CSPRINGS,62.05999999999999,0.0,tip01,310.91,70Server,18.0
2026-08-03,2026-08-16,new01,1034,9103227,CSPRINGS,9.03,0.0,tip01,45.24,70Server,16.0
2026-08-03,2026-08-16,new01,1034,9103227,CSPRINGS,27.83,0.0,tip01,139.42,81Dish,16.0
2026-08-03,2026-08-16,new01,1034,9103324,CSPRINGS,23.79,0.0,tip01,119.19,84Pizza,16.25
2026-08-03,2026-08-16,new01,1034,9103394,CSPRINGS,18.54,0.0,tip01,92.88,70Server,17.0
2026-08-03,2026-08-16,new01,1034,9103402,CSPRINGS,6.16,0.0,tip01,30.86,83Salad,16.0
2026-08-03,2026-08-16,new01,1034,9103402,CSPRINGS,6.08,0.0,tip01,30.46,84Pizza,16.0
2026-08-03,2026-08-16,new01,1034,9103402,CSPRINGS,6.21,0.0,tip01,31.11,86Sandwich,16.0
2026-08-03,2026-08-16,new01,1034,9103495 ,CSPRINGS,28.199999999999996,0.0,tip01,141.27,70Server,16.0
2026-08-03,2026-08-16,new01,1034,9103522,CSPRINGS,25.46,0.0,tip01,127.56,70Server,17.0
2026-08-03,2026-08-16,new01,1034,9103522,CSPRINGS,6.08,0.0,tip01,30.46,86Sandwich,17.0
2026-08-03,2026-08-16,new01,1034,9103760,CSPRINGS,65.27,0.0,tip01,327.00,81Dish,17.0
2026-08-03,2026-08-16,new01,1034,9103833,CSPRINGS,31.57,0.0,tip01,158.16,81Dish,16.0
2026-08-03,2026-08-16,new01,1034,9103860,CSPRINGS,35.75,0.0,tip01,179.12,70Server,18.0
2026-08-03,2026-08-16,new01,1034,9103860,CSPRINGS,7.18,0.0,tip01,35.98,80Expo,18.0
2026-08-03,2026-08-16,new01,1034,9103860,CSPRINGS,15.4,0.0,tip01,77.15,84Pizza,18.0
2026-08-03,2026-08-16,new01,1034,9104032,CSPRINGS,39.59,0.0,tip01,198.35,70Server,16.0
2026-08-03,2026-08-16,new01,1034,9104039,CSPRINGS,3.05,0.0,tip01,15.28,81Dish,16.0
2026-08-03,2026-08-16,new01,1034,9104039,CSPRINGS,3.51,0.0,tip01,17.59,84Pizza,16.0
2026-08-03,2026-08-16,new01,1034,9104039,CSPRINGS,18.659999999999997,0.0,tip01,93.48,86Sandwich,16.0
2026-08-03,2026-08-16,new01,1035,1307,MONROE,36.940000000000005,0.0,tip01,105.02,84Pizza,9.6
2026-08-03,2026-08-16,new01,1035,1518,MONROE,78.10000000000001,0.0,tip01,222.05,5ShiftLead,13.0
2026-08-03,2026-08-16,new01,1035,1802,MONROE,26.169999999999998,0.0,tip01,74.41,70Server,9.0
2026-08-03,2026-08-16,new01,1035,2433,MONROE,13.9,0.0,tip01,39.52,70Server,9.5
2026-08-03,2026-08-16,new01,1035,2433,MONROE,22.15,0.0,tip01,62.98,81Dish,0.0
2026-08-03,2026-08-16,new01,1035,2433,MONROE,17.27,0.0,tip01,49.10,84Pizza,9.5
2026-08-03,2026-08-16,new01,1035,2733,MONROE,78.56,0.0,tip01,223.35,82Prep,11.0
2026-08-03,2026-08-16,new01,1035,3022,MONROE,77.73,0.74,tip01,223.10,5ShiftLead,12.0
2026-08-03,2026-08-16,new01,1035,3140,MONROE,30.380000000000003,0.0,tip01,86.37,74DRAttend,9.0
2026-08-03,2026-08-16,new01,1035,3423,MONROE,20.39,0.0,tip01,57.97,74DRAttend,11.0
2026-08-03,2026-08-16,new01,1035,3423,MONROE,9.97,0.0,tip01,28.34,81Dish,11.0
2026-08-03,2026-08-16,new01,1035,3423,MONROE,49.64,9.120000000000001,tip01,167.06,86Sandwich,11.0
2026-08-03,2026-08-16,new01,1035,4119,MONROE,16.6,0.0,tip01,47.20,70Server,9.0
2026-08-03,2026-08-16,new01,1035,4352,MONROE,75.74,0.0,tip01,215.34,82Prep,10.25
2026-08-03,2026-08-16,new01,1035,4644,MONROE,75.15,2.24,tip01,220.03,82Prep,11.0
2026-08-03,2026-08-16,new01,1035,4857,MONROE,20.740000000000002,0.0,tip01,58.97,70Server,9.5
2026-08-03,2026-08-16,new01,1035,4962,MONROE,58.38,0.0,tip01,165.98,70Server,9.0
2026-08-03,2026-08-16,new01,1035,566,MONROE,29.18,0.0,tip01,82.96,80Expo,10.25
2026-08-03,2026-08-16,new01,1035,5703,MONROE,76.72999999999999,0.0,tip01,218.17,86Sandwich,10.25
2026-08-03,2026-08-16,new01,1035,6358,MONROE,39.47,0.0,tip01,112.22,82Prep,9.0
2026-08-03,2026-08-16,new01,1035,6370,MONROE,10.19,0.0,tip01,28.97,80Expo,9.75
2026-08-03,2026-08-16,new01,1035,6370,MONROE,51.629999999999995,0.72,tip01,148.85,86Sandwich,9.75
2026-08-03,2026-08-16,new01,1035,7097,MONROE,46.050000000000004,0.0,tip01,130.92,80Expo,10.0
2026-08-03,2026-08-16,new01,1035,7097,MONROE,4.8500000000000005,0.0,tip01,13.79,83Salad,10.0
2026-08-03,2026-08-16,new01,1035,7525,MONROE,49.550000000000004,0.0,tip01,140.87,70Server,9.0
2026-08-03,2026-08-16,new01,1035,7865,MONROE,24.380000000000003,0.0,tip01,69.32,80Expo,9.5
2026-08-03,2026-08-16,new01,1035,7927,MONROE,55.14,0.0,tip01,156.77,82Prep,9.0
2026-08-03,2026-08-16,new01,1035,80034,MONROE,28.16,0.0,tip01,80.07,84Pizza,9.5
2026-08-03,2026-08-16,new01,1035,80048,MONROE,22.380000000000003,0.0,tip01,63.63,70Server,9.5
2026-08-03,2026-08-16,new01,1035,80056,MONROE,73.37,0.0,tip01,208.61,80Expo,9.75
2026-08-03,2026-08-16,new01,1035,80058,MONROE,50.33,0.0,tip01,143.09,70Server,10.5
2026-08-03,2026-08-16,new01,1035,8763,MONROE,74.61,0.0,tip01,212.13,74DRAttend,11.0
2026-08-03,2026-08-16,new01,1035,9102,MONROE,64.29000000000002,0.0,tip01,182.79,83Salad,9.75
2026-08-03,2026-08-16,new01,1035,9258,MONROE,79.75999999999999,1.1,tip01,229.90,5ShiftLead,11.0
2026-08-03,2026-08-16,new01,1035,9516,MONROE,34.44,0.0,tip01,97.92,5ShiftLead,12.75
2026-08-03,2026-08-16,new01,1035,97340,MONROE,52.74000000000001,0.0,tip01,149.95,74DRAttend,9.3
2026-08-03,2026-08-16,new01,1035,97345,MONROE,3.43,0.0,tip01,9.75,70Server,9.25
2026-08-03,2026-08-16,new01,1035,97346,MONROE,30.15,0.0,tip01,85.72,70Server,9.25
2026-08-03,2026-08-16,new01,1035,97347,MONROE,19.82,0.0,tip01,56.35,70Server,9.25
2026-08-03,2026-08-16,new01,1035,97348,MONROE,48.28,0.0,tip01,137.26,84Pizza,9.25
2026-08-03,2026-08-16,new01,1035,97353,MONROE,55.35000000000001,0.0,tip01,157.36,74DRAttend,9.0
2026-08-03,2026-08-16,new01,1035,97354,MONROE,25.78,0.0,tip01,73.30,81Dish,9.0
2026-08-03,2026-08-16,new01,1035,97364,MONROE,55.24,0.0,tip01,157.06,70Server,9.0
2026-08-03,2026-08-16,new01,1035,97365,MONROE,3.13,0.0,tip01,8.90,70Server,9.0
2026-08-03,2026-08-16,new01,1035,97365,MONROE,10.23,0.0,tip01,29.08,80Expo,9.5
2026-08-03,2026-08-16,new01,1035,97365,MONROE,34.86,0.0,tip01,99.12,84Pizza,9.0
2026-08-03,2026-08-16,new01,1035,97365,MONROE,11.469999999999999,0.0,tip01,32.61,86Sandwich,0.0
2026-08-03,2026-08-16,new01,1035,97365,MONROE,8.85,0.0,tip01,25.17,86Sandwich,9.5
2026-08-03,2026-08-16,new01,1035,97366,MONROE,14.37,0.0,tip01,40.85,70Server,9.0
2026-08-03,2026-08-16,new01,1035,9935,MONROE,36.15,0.0,tip01,102.77,70Server,9.0
2026-08-03,2026-08-16,new01,1035,9966,MONROE,30.23,0.0,tip01,85.95,70Server,9.25
2026-08-03,2026-08-16,new01,1036,102,GPORT,41.08,0.0,tip01,184.30,70Server,11.0
2026-08-03,2026-08-16,new01,1036,1022,GPORT,22.14,0.0,tip01,99.34,70Server,10.35
2026-08-03,2026-08-16,new01,1036,1034,GPORT,13.260000000000002,0.0,tip01,59.49,86Sandwich,12.0
2026-08-03,2026-08-16,new01,1036,1079,GPORT,47.92,0.0,tip01,215.00,84Pizza,11.5
2026-08-03,2026-08-16,new01,1036,1082,GPORT,25.32,0.0,tip01,113.60,70Server,10.5
2026-08-03,2026-08-16,new01,1036,1082,GPORT,9.760000000000002,0.0,tip01,43.79,70Server,11.0
2026-08-03,2026-08-16,new01,1036,1091,GPORT,52.64000000000001,0.0,tip01,236.19,83Salad,11.5
2026-08-03,2026-08-16,new01,1036,1102,GPORT,17.46,0.0,tip01,78.34,83Salad,10.0
2026-08-03,2026-08-16,new01,1036,1113,GPORT,17.020000000000003,0.0,tip01,76.36,70Server,10.0
2026-08-03,2026-08-16,new01,1036,1113,GPORT,8.01,0.0,tip01,35.94,70Server,10.5
2026-08-03,2026-08-16,new01,1036,1128,GPORT,9.33,0.0,tip01,41.85,70Server,10.5
2026-08-03,2026-08-16,new01,1036,1132,GPORT,43.72,0.0,tip01,196.12,81Dish,10.5
2026-08-03,2026-08-16,new01,1036,1141,GPORT,33.209999999999994,0.0,tip01,149.00,70Server,11.5
2026-08-03,2026-08-16,new01,1036,1161,GPORT,49.419999999999995,0.0,tip01,221.72,81Dish,11.25
2026-08-03,2026-08-16,new01,1036,1174,GPORT,43.489999999999995,0.0,tip01,195.11,70Server,10.0
2026-08-03,2026-08-16,new01,1036,1183,GPORT,44.82,0.0,tip01,201.08,80Expo,11.75
2026-08-03,2026-08-16,new01,1036,1192,GPORT,40.209999999999994,0.0,tip01,180.39,70Server,10.0
2026-08-03,2026-08-16,new01,1036,1198,GPORT,18.9,0.0,tip01,84.80,5ShiftLead,12.5
2026-08-03,2026-08-16,new01,1036,1198,GPORT,47.50000000000001,0.0,tip01,213.12,70Server,11.0
2026-08-03,2026-08-16,new01,1036,1200,GPORT,46.010000000000005,0.0,tip01,206.44,70Server,10.0
2026-08-03,2026-08-16,new01,1036,1206,GPORT,19.57,0.0,tip01,87.80,83Salad,10.5
2026-08-03,2026-08-16,new01,1036,1208,GPORT,31.81,0.0,tip01,142.72,70Server,10.0
2026-08-03,2026-08-16,new01,1036,1209,GPORT,39.809999999999995,0.0,tip01,178.61,70Server,10.0
2026-08-03,2026-08-16,new01,1036,1215,GPORT,32.019999999999996,0.0,tip01,143.65,70Server,12.25
2026-08-03,2026-08-16,new01,1036,1219,GPORT,47.43,0.0,tip01,212.79,82Prep,12.5
2026-08-03,2026-08-16,new01,1036,1222,GPORT,5.67,0.0,tip01,25.44,70Server,9.0
2026-08-03,2026-08-16,new01,1036,1222,GPORT,23.189999999999998,0.0,tip01,104.03,70Server,9.75
2026-08-03,2026-08-16,new01,1036,1228,GPORT,35.92,0.0,tip01,161.16,70Server,10.0
2026-08-03,2026-08-16,new01,1036,1231,GPORT,16.9,0.0,tip01,75.81,70Server,9.0
2026-08-03,2026-08-16,new01,1036,1232,GPORT,42.839999999999996,0.0,tip01,192.19,84Pizza,9.5
2026-08-03,2026-08-16,new01,1036,1232,GPORT,4.22,0.0,tip01,18.93,84Pizza,10.0
2026-08-03,2026-08-16,new01,1036,1234,GPORT,44.400000000000006,0.0,tip01,199.20,86Sandwich,10.0
2026-08-03,2026-08-16,new01,1036,1236,GPORT,62.75999999999999,0.0,tip01,281.56,81Dish,10.0
2026-08-03,2026-08-16,new01,1036,1237,GPORT,36.65,0.0,tip01,164.42,83Salad,11.25
2026-08-03,2026-08-16,new01,1036,1239,GPORT,25.69,0.0,tip01,115.25,82Prep,10.0
2026-08-03,2026-08-16,new01,1036,1241,GPORT,23.79,0.0,tip01,106.73,70Server,9.5
2026-08-03,2026-08-16,new01,1036,1245,GPORT,54.34,0.0,tip01,243.78,81Dish,10.0
2026-08-03,2026-08-16,new01,1036,1246,GPORT,30.25,0.0,tip01,135.71,70Server,9.5
2026-08-03,2026-08-16,new01,1036,1247,GPORT,20.81,0.0,tip01,93.36,70Server,9.0
2026-08-03,2026-08-16,new01,1036,1249,GPORT,25.8,0.0,tip01,115.76,70Server,9.5
2026-08-03,2026-08-16,new01,1036,1250,GPORT,24.150000000000002,0.0,tip01,108.35,70Server,9.5
2026-08-03,2026-08-16,new01,1036,1251,GPORT,34.87,0.0,tip01,156.43,84Pizza,10.75
2026-08-03,2026-08-16,new01,1036,1252,GPORT,45.53,0.0,tip01,204.27,74DRAttend,10.0
2026-08-03,2026-08-16,new01,1036,1253,GPORT,43.040000000000006,0.0,tip01,193.10,70Server,10.0
2026-08-03,2026-08-16,new01,1036,1254,GPORT,28.690000000000005,0.0,tip01,128.72,70Server,9.0
2026-08-03,2026-08-16,new01,1036,1255,GPORT,32.72,0.0,tip01,146.79,70Server,9.0
2026-08-03,2026-08-16,new01,1036,1256,GPORT,9.129999999999999,0.0,tip01,40.96,86Sandwich,10.0
2026-08-03,2026-08-16,new01,1036,648,GPORT,40.37,0.0,tip01,181.12,82Prep,12.5
2026-08-03,2026-08-16,new01,1036,701,GPORT,13.5,0.0,tip01,60.56,5ShiftLead,13.0
2026-08-03,2026-08-16,new01,1036,701,GPORT,47.69,0.0,tip01,213.95,70Server,11.5
2026-08-03,2026-08-16,new01,1036,717,GPORT,51.03,0.0,tip01,228.95,80Expo,12.5
2026-08-03,2026-08-16,new01,1036,789,GPORT,58.879999999999995,0.0,tip01,264.19,86Sandwich,13.5
2026-08-03,2026-08-16,new01,1036,839,GPORT,14.129999999999999,0.0,tip01,63.39,86Sandwich,11.75
2026-08-03,2026-08-16,new01,1036,862,GPORT,62.489999999999995,0.0,tip01,280.37,80Expo,12.0
2026-08-03,2026-08-16,new01,1036,882,GPORT,20.15,0.0,tip01,90.40,86Sandwich,11.0
2026-08-03,2026-08-16,new01,1036,895,GPORT,6.37,0.0,tip01,28.58,5ShiftLead,14.0
2026-08-03,2026-08-16,new01,1036,895,GPORT,66.94000000000001,0.0,tip01,300.31,72CaterTL,13.0
2026-08-03,2026-08-16,new01,1036,913,GPORT,66.19,0.0,tip01,296.95,82Prep,13.0
2026-08-03,2026-08-16,new01,1036,937,GPORT,20.46,0.0,tip01,91.79,70Server,11.0
2026-08-03,2026-08-16,new01,1036,938,GPORT,46.870000000000005,0.0,tip01,210.27,82Prep,12.5
2026-08-03,2026-08-16,new01,1036,993,GPORT,70.47,0.0,tip01,316.16,70Server,11.65
2026-08-03,2026-08-16,new01,1037,4000062,,44.14,0.0,tip01,234.67,83Salad,14.0
2026-08-03,2026-08-16,new01,1037,8122,,52.14,0.0,tip01,277.22,82Prep,15.0
2026-08-03,2026-08-16,new01,1037,8271,,62.309999999999995,0.0,tip01,331.30,86Sandwich,16.0
2026-08-03,2026-08-16,new01,1037,9099582,,79.75,1.2,tip01,430.40,5ShiftLead,16.0
2026-08-03,2026-08-16,new01,1037,9100479,,64.57,0.0,tip01,343.29,5ShiftLead,17.0
2026-08-03,2026-08-16,new01,1037,9100479,,0.01,0.0,tip01,0.05,7CerTrainr,15.0
2026-08-03,2026-08-16,new01,1037,9100479,,6.06,0.0,tip01,32.22,80Expo,15.0
2026-08-03,2026-08-16,new01,1037,9102152,,6.35,0.0,tip01,33.76,84Pizza,15.0
2026-08-03,2026-08-16,new01,1037,9102348,,5.33,0.0,tip01,28.33,70Server,16.0
2026-08-03,2026-08-16,new01,1037,9102348,,5.2,0.0,tip01,27.65,80Expo,16.0
2026-08-03,2026-08-16,new01,1037,9102348,,12.700000000000001,0.0,tip01,67.52,83Salad,16.0
2026-08-03,2026-08-16,new01,1037,9102348,,31.430000000000003,0.0,tip01,167.11,86Sandwich,16.0
2026-08-03,2026-08-16,new01,1037,9102669,,11.870000000000001,0.0,tip01,63.11,5ShiftLead,17.0
2026-08-03,2026-08-16,new01,1037,9102669,,13.46,5.02,tip01,98.25,81Dish,17.0
2026-08-03,2026-08-16,new01,1037,9102669,,46.739999999999995,1.51,tip01,256.54,82Prep,17.0
2026-08-03,2026-08-16,new01,1037,9102669,,7.930000000000001,1.99,tip01,52.74,86Sandwich,17.0
2026-08-03,2026-08-16,new01,1037,9102818,,29.389999999999993,0.0,tip01,156.25,40Training,14.0
2026-08-03,2026-08-16,new01,1037,9103325,,48.39000000000001,0.0,tip01,257.27,84Pizza,14.0
2026-08-03,2026-08-16,new01,1037,9103389,,37.63,0.0,tip01,200.07,81Dish,15.0
2026-08-03,2026-08-16,new01,1037,9103488,,63.959999999999994,0.0,tip01,340.06,70Server,15.0
2026-08-03,2026-08-16,new01,1037,9103674,,47.45000000000001,0.0,tip01,252.29,70Server,14.0
2026-08-03,2026-08-16,new01,1037,9103709,,30.279999999999998,0.0,tip01,161.00,70Server,14.0
2026-08-03,2026-08-16,new01,1037,9103820,,58.33,0.0,tip01,310.13,70Server,14.0
2026-08-03,2026-08-16,new01,1037,9103927,,62.94999999999999,0.0,tip01,334.70,82Prep,16.0
2026-08-03,2026-08-16,new01,1037,9103944,,29.400000000000002,0.0,tip01,156.30,70Server,14.0
2026-08-03,2026-08-16,new01,1037,9103953,,49.95,0.0,tip01,265.60,84Pizza,14.0
2026-08-03,2026-08-16,new01,1037,9103990,,21.160000000000004,0.0,tip01,112.50,82Prep,14.0
2026-08-03,2026-08-16,new01,1037,9104006,,28.990000000000002,0.0,tip01,154.15,70Server,14.0
2026-08-03,2026-08-16,new01,1037,9104144,,49.69,0.0,tip01,264.19,81Dish,15.0
2026-08-03,2026-08-16,new01,1037,9104165,,41.33,0.0,tip01,219.75,70Server,15.0
2026-08-03,2026-08-16,new01,1037,9104206,,25.430000000000003,0.0,tip01,135.21,70Server,15.0
2026-08-03,2026-08-16,new01,1039,1113,BYRAM,27.8,0.0,tip01,61.86,81Dish,10.0
2026-08-03,2026-08-16,new01,1039,1114,BYRAM,5.21,0.0,tip01,11.59,83Salad,9.0
2026-08-03,2026-08-16,new01,1039,1114,BYRAM,56.4,0.0,tip01,125.46,83Salad,10.0
2026-08-03,2026-08-16,new01,1039,1116,BYRAM,51.79,0.0,tip01,115.23,82Prep,11.95
2026-08-03,2026-08-16,new01,1039,1118,BYRAM,55.849999999999994,0.0,tip01,124.27,5ShiftLead,12.5
2026-08-03,2026-08-16,new01,1039,1125,BYRAM,54.82,0.0,tip01,121.95,84Pizza,11.0
2026-08-03,2026-08-16,new01,1039,1126,BYRAM,46.510000000000005,0.0,tip01,103.50,80Expo,11.5
2026-08-03,2026-08-16,new01,1039,1128,BYRAM,69.61,0.0,tip01,154.90,5ShiftLead,13.0
2026-08-03,2026-08-16,new01,1039,1133,BYRAM,31.46,0.0,tip01,70.00,70Server,9.5
2026-08-03,2026-08-16,new01,1039,1134,BYRAM,32.28,0.0,tip01,71.81,82Prep,11.0
2026-08-03,2026-08-16,new01,1039,1144,BYRAM,30.73,0.0,tip01,68.37,5ShiftLead,12.0
2026-08-03,2026-08-16,new01,1039,1144,BYRAM,6.7,0.0,tip01,14.91,82Prep,0.0
2026-08-03,2026-08-16,new01,1039,1147,BYRAM,11.05,0.0,tip01,24.59,81Dish,10.0
2026-08-03,2026-08-16,new01,1039,1147,BYRAM,59.89,2.84,tip01,139.59,81Dish,11.0
2026-08-03,2026-08-16,new01,1039,2038,BYRAM,39.260000000000005,0.0,tip01,87.36,40Training,9.0
2026-08-03,2026-08-16,new01,1039,538,BYRAM,12.65,0.0,tip01,28.14,83Salad,11.0
2026-08-03,2026-08-16,new01,1039,557,BYRAM,61.41,0.0,tip01,136.63,82Prep,10.45
2026-08-03,2026-08-16,new01,1039,576,BYRAM,16.39,0.0,tip01,36.46,80Expo,10.45
2026-08-03,2026-08-16,new01,1039,596,BYRAM,55.67000000000001,0.0,tip01,123.87,82Prep,12.45
2026-08-03,2026-08-16,new01,1039,700,BYRAM,9.46,0.0,tip01,21.05,80Expo,10.0
2026-08-03,2026-08-16,new01,1039,701,BYRAM,4.22,0.0,tip01,9.39,80Expo,10.45
2026-08-03,2026-08-16,new01,1039,706,BYRAM,53.62,0.0,tip01,119.31,70Server,10.0
2026-08-03,2026-08-16,new01,1039,710,BYRAM,19.94,0.0,tip01,44.36,81Dish,10.0
2026-08-03,2026-08-16,new01,1039,725,BYRAM,48.52,0.0,tip01,107.96,81Dish,10.0
2026-08-03,2026-08-16,new01,1039,732,BYRAM,20.099999999999998,0.0,tip01,44.72,84Pizza,9.0
2026-08-03,2026-08-16,new01,1039,736,BYRAM,19.86,0.0,tip01,44.19,80Expo,11.0
2026-08-03,2026-08-16,new01,1039,753,BYRAM,8.37,0.0,tip01,18.62,81Dish,9.0
2026-08-03,2026-08-16,new01,1039,757,BYRAM,10.05,0.0,tip01,22.36,70Server,9.0
2026-08-03,2026-08-16,new01,1039,760,BYRAM,13.94,0.0,tip01,31.01,70Server,9.0
2026-08-03,2026-08-16,new01,1039,761,BYRAM,74.46999999999998,0.72,tip01,167.30,82Prep,10.0
2026-08-03,2026-08-16,new01,1039,7630,BYRAM,25.87,0.0,tip01,57.56,83Salad,10.0
2026-08-03,2026-08-16,new01,1039,9172,BYRAM,31.78,0.0,tip01,70.71,41Training,9.0
2026-08-03,2026-08-16,new01,1039,9755,BYRAM,59.459999999999994,0.0,tip01,132.28,41Training,9.0
2026-08-03,2026-08-16,new01,1039,9759,BYRAM,9.04,0.0,tip01,20.11,70Server,10.0
2026-08-03,2026-08-16,new01,1039,9951,BYRAM,43.53999999999999,0.0,tip01,96.88,70Server,9.0
2026-08-03,2026-08-16,new01,1039,9953,BYRAM,27.85,0.0,tip01,61.97,81Dish,9.0
2026-08-03,2026-08-16,new01,1039,9954,BYRAM,61.16,0.0,tip01,136.09,82Prep,10.0
2026-08-03,2026-08-16,new01,1039,9955,BYRAM,54.13999999999999,0.0,tip01,120.46,86Sandwich,10.0
2026-08-03,2026-08-16,new01,1039,9957,BYRAM,3.51,0.0,tip01,7.81,70Server,9.0
2026-08-03,2026-08-16,new01,1039,9960,BYRAM,14.81,0.0,tip01,32.95,70Server,9.0
2026-08-03,2026-08-16,new01,1040,1100033,Township,45.050000000000004,0.0,tip01,288.37,70Server,12.0
2026-08-03,2026-08-16,new01,1040,1100112,Township,26.06,0.0,tip01,166.81,70Server,10.0
2026-08-03,2026-08-16,new01,1040,9091056,Township,47.34,0.0,tip01,303.03,80Expo,13.0
2026-08-03,2026-08-16,new01,1040,9093368,Township,16.060000000000002,0.0,tip01,102.80,5ShiftLead,17.5
2026-08-03,2026-08-16,new01,1040,9093368,Township,2.22,0.0,tip01,14.21,82Prep,17.5
2026-08-03,2026-08-16,new01,1040,9093368,Township,21.63,0.0,tip01,138.45,83Salad,17.5
2026-08-03,2026-08-16,new01,1040,9093368,Township,27.74,0.0,tip01,177.56,86Sandwich,17.5
2026-08-03,2026-08-16,new01,1040,9093603,Township,53.17999999999999,0.0,tip01,340.41,84Pizza,10.0
2026-08-03,2026-08-16,new01,1040,9094705,Township,46.1,0.0,tip01,295.09,80Expo,17.0
2026-08-03,2026-08-16,new01,1040,9096595,Township,6.949999999999999,0.0,tip01,44.49,70Server,13.0
2026-08-03,2026-08-16,new01,1040,9096595,Township,49.35,0.0,tip01,315.89,74DRAttend,13.0
2026-08-03,2026-08-16,new01,1040,9098607,Township,78.97,0.51,tip01,508.76,80Expo,14.0
2026-08-03,2026-08-16,new01,1040,9099064,Township,17.0,0.0,tip01,108.81,70Server,12.0
2026-08-03,2026-08-16,new01,1040,9099248,Township,71.05000000000001,0.0,tip01,454.79,82Prep,16.0
2026-08-03,2026-08-16,new01,1040,9099322,Township,37.22,0.0,tip01,238.24,70Server,12.5
2026-08-03,2026-08-16,new01,1040,9099325,Township,78.42,0.0,tip01,501.98,72CaterTL,15.0
2026-08-03,2026-08-16,new01,1040,9100191,Township,7.99,0.0,tip01,51.14,83Salad,15.0
2026-08-03,2026-08-16,new01,1040,9100191,Township,48.91,0.0,tip01,313.07,86Sandwich,15.0
2026-08-03,2026-08-16,new01,1040,9100818,Township,16.42,0.0,tip01,105.10,5ShiftLead,17.0
2026-08-03,2026-08-16,new01,1040,9100818,Township,42.79,0.0,tip01,273.89,70Server,17.0
2026-08-03,2026-08-16,new01,1040,9100818,Township,8.629999999999999,0.0,tip01,55.24,84Pizza,17.0
2026-08-03,2026-08-16,new01,1040,9100818,Township,9.52,0.18,tip01,62.09,86Sandwich,17.0
2026-08-03,2026-08-16,new01,1040,9101580,Township,37.73,0.0,tip01,241.51,82Prep,15.0
2026-08-03,2026-08-16,new01,1040,9101654,Township,46.15,0.0,tip01,295.41,74DRAttend,11.0
2026-08-03,2026-08-16,new01,1040,9101816,Township,55.91000000000001,0.0,tip01,357.88,70Server,11.0
2026-08-03,2026-08-16,new01,1040,9101833,Township,50.05,0.0,tip01,320.36,83Salad,13.0
2026-08-03,2026-08-16,new01,1040,9101960,Township,7.9399999999999995,0.0,tip01,50.83,70Server,11.0
2026-08-03,2026-08-16,new01,1040,9101987,Township,69.36,0.0,tip01,443.97,82Prep,14.0
2026-08-03,2026-08-16,new01,1040,9102333,Township,36.4,0.0,tip01,232.99,70Server,11.0
2026-08-03,2026-08-16,new01,1040,9102545,Township,15.2,0.0,tip01,97.30,70Server,11.0
2026-08-03,2026-08-16,new01,1040,9102665,Township,5.23,0.0,tip01,33.48,70Server,11.0
2026-08-03,2026-08-16,new01,1040,9102717,Township,26.82,0.0,tip01,171.66,70Server,10.0
2026-08-03,2026-08-16,new01,1040,9102833,Township,59.98,0.0,tip01,383.94,70Server,11.0
2026-08-03,2026-08-16,new01,1040,9103010,Township,47.82,0.0,tip01,306.10,82Prep,12.0
2026-08-03,2026-08-16,new01,1040,9103015,Township,58.17,0.0,tip01,372.34,84Pizza,12.0
2026-08-03,2026-08-16,new01,1040,9103177,Township,19.59,0.0,tip01,125.38,70Server,11.0
2026-08-03,2026-08-16,new01,1040,9103257,Township,63.489999999999995,0.0,tip01,406.40,74DRAttend,11.0
2026-08-03,2026-08-16,new01,1040,9103331,Township,16.79,0.6,tip01,111.31,84Pizza,12.0
2026-08-03,2026-08-16,new01,1040,9103331,Township,60.970000000000006,0.0,tip01,390.25,86Sandwich,12.0
2026-08-03,2026-08-16,new01,1040,9103350,Township,38.95,0.0,tip01,249.31,70Server,10.0
2026-08-03,2026-08-16,new01,1040,9103788,Township,32.56,0.0,tip01,208.41,84Pizza,11.0
2026-08-03,2026-08-16,new01,1040,9103867,Township,29.199999999999996,0.0,tip01,186.91,70Server,10.5
2026-08-03,2026-08-16,new01,1040,9103965,Township,53.19,0.0,tip01,340.47,70Server,11.0
2026-08-03,2026-08-16,new01,1040,9104160,Township,71.93,0.0,tip01,460.43,81Dish,10.0
2026-08-03,2026-08-16,new01,1041,1055,,48.25999999999999,0.0,tip01,222.47,82Prep,14.0
2026-08-03,2026-08-16,new01,1041,1243,,65.83,0.0,tip01,303.46,81Dish,11.0
2026-08-03,2026-08-16,new01,1041,1255,,78.00999999999999,1.09,tip01,364.65,5ShiftLead,16.0
2026-08-03,2026-08-16,new01,1041,1338,,6.14,0.0,tip01,28.30,74DRAttend,12.0
2026-08-03,2026-08-16,new01,1041,1338,,5.68,0.0,tip01,26.18,81Dish,12.0
2026-08-03,2026-08-16,new01,1041,1338,,34.32,2.25,tip01,168.58,83Salad,12.0
2026-08-03,2026-08-16,new01,1041,1338,,25.39,0.0,tip01,117.05,84Pizza,12.0
2026-08-03,2026-08-16,new01,1041,1389,,48.739999999999995,0.0,tip01,224.67,82Prep,14.0
2026-08-03,2026-08-16,new01,1041,1390,,77.4,9.06,tip01,398.55,5ShiftLead,13.0
2026-08-03,2026-08-16,new01,1041,1413,,75.59,0.0,tip01,348.44,81Dish,10.0
2026-08-03,2026-08-16,new01,1041,1444,,31.79,6.44,tip01,176.22,80Expo,12.5
2026-08-03,2026-08-16,new01,1041,1444,,6.34,4.48,tip01,49.88,83Salad,12.5
2026-08-03,2026-08-16,new01,1041,1444,,18.93,0.0,tip01,87.26,84Pizza,12.5
2026-08-03,2026-08-16,new01,1041,1444,,22.94,0.0,tip01,105.75,86Sandwich,12.5
2026-08-03,2026-08-16,new01,1041,1455,,8.67,0.0,tip01,39.97,70Server,11.0
2026-08-03,2026-08-16,new01,1041,1455,,11.2,0.0,tip01,51.63,83Salad,11.0
2026-08-03,2026-08-16,new01,1041,1455,,21.72,0.0,tip01,100.12,84Pizza,11.0
2026-08-03,2026-08-16,new01,1041,1463,,48.56,0.0,tip01,223.84,74DRAttend,9.0
2026-08-03,2026-08-16,new01,1041,1464,,80.0,15.059999999999999,tip01,438.20,5ShiftLead,10.5
2026-08-03,2026-08-16,new01,1041,1482,,80.0,14.4,tip01,435.16,5ShiftLead,13.0
2026-08-03,2026-08-16,new01,1041,1492,,53.209999999999994,0.0,tip01,245.29,70Server,9.0
2026-08-03,2026-08-16,new01,1041,1493,,61.99000000000001,0.0,tip01,285.76,70Server,10.0
2026-08-03,2026-08-16,new01,1041,1493,,10.83,0.0,tip01,49.93,74DRAttend,10.0
2026-08-03,2026-08-16,new01,1041,1504,,67.19,0.0,tip01,309.74,70Server,9.0
2026-08-03,2026-08-16,new01,1041,1506,,72.71000000000001,0.31,tip01,336.59,86Sandwich,9.5
2026-08-03,2026-08-16,new01,1041,1510,,69.62,0.03,tip01,321.07,86Sandwich,9.5
2026-08-03,2026-08-16,new01,1041,1512,,40.0,7.609999999999999,tip01,219.46,70Server,9.0
2026-08-03,2026-08-16,new01,1041,1514,,61.36000000000001,0.0,tip01,282.86,74DRAttend,9.0
2026-08-03,2026-08-16,new01,1041,1519,,42.239999999999995,0.0,tip01,194.70,70Server,9.0
2026-08-03,2026-08-16,new01,1041,1526,,60.11,0.0,tip01,277.09,84Pizza,11.0
2026-08-03,2026-08-16,new01,1041,1529,,56.16000000000001,0.0,tip01,258.90,83Salad,9.0
2026-08-03,2026-08-16,new01,1041,1530,,9.98,0.0,tip01,46.00,70Server,10.0
2026-08-03,2026-08-16,new01,1041,1531,,59.18,0.0,tip01,272.81,74DRAttend,9.0
2026-08-03,2026-08-16,new01,1041,1534,,54.120000000000005,0.0,tip01,249.48,86Sandwich,9.0
2026-08-03,2026-08-16,new01,1041,1535,,70.48,0.0,tip01,324.89,82Prep,10.0
2026-08-03,2026-08-16,new01,1041,1536,,71.53000000000002,0.0,tip01,329.73,83Salad,9.0
2026-08-03,2026-08-16,new01,1041,1537,,39.050000000000004,0.0,tip01,180.00,70Server,9.0
2026-08-03,2026-08-16,new01,1041,1538,,29.93,0.0,tip01,137.97,86Sandwich,9.0
2026-08-03,2026-08-16,new01,1041,1539,,1.48,0.0,tip01,6.82,70Server,9.0
2026-08-03,2026-08-16,new01,1041,1540,,1.45,0.0,tip01,6.68,70Server,9.0
2026-08-03,2026-08-16,new01,1042,4200015,Hot Springs,44.800000000000004,0.0,tip01,178.50,82Prep,13.65
2026-08-03,2026-08-16,new01,1042,6000028,Hot Springs,20.63,0.0,tip01,82.20,70Server,15.45
2026-08-03,2026-08-16,new01,1042,6000028,Hot Springs,9.510000000000002,0.0,tip01,37.89,80Expo,15.45
2026-08-03,2026-08-16,new01,1042,6000028,Hot Springs,40.67,0.0,tip01,162.04,84Pizza,15.45
2026-08-03,2026-08-16,new01,1042,6000046,Hot Springs,61.78,0.0,tip01,246.16,70Server,13.89
2026-08-03,2026-08-16,new01,1042,6000046,Hot Springs,7.07,0.0,tip01,28.17,72CaterTL,13.89
2026-08-03,2026-08-16,new01,1042,6000046,Hot Springs,3.06,0.0,tip01,12.19,83Salad,13.89
2026-08-03,2026-08-16,new01,1042,6000050,Hot Springs,14.729999999999999,0.0,tip01,58.69,81Dish,13.89
2026-08-03,2026-08-16,new01,1042,6000050,Hot Springs,20.889999999999997,0.0,tip01,83.24,82Prep,13.89
2026-08-03,2026-08-16,new01,1042,6000050,Hot Springs,10.670000000000002,0.0,tip01,42.52,86Sandwich,13.89
2026-08-03,2026-08-16,new01,1042,6000093,Hot Springs,8.51,0.0,tip01,33.91,70Server,12.6
2026-08-03,2026-08-16,new01,1042,6000093,Hot Springs,40.599999999999994,0.0,tip01,161.78,80Expo,12.6
2026-08-03,2026-08-16,new01,1042,6000117,Hot Springs,5.43,0.0,tip01,21.64,81Dish,13.13
2026-08-03,2026-08-16,new01,1042,6000117,Hot Springs,22.009999999999998,0.0,tip01,87.71,82Prep,13.13
2026-08-03,2026-08-16,new01,1042,6000117,Hot Springs,5.45,0.0,tip01,21.72,83Salad,13.13
2026-08-03,2026-08-16,new01,1042,6000117,Hot Springs,17.95,0.0,tip01,71.53,86Sandwich,13.13
2026-08-03,2026-08-16,new01,1042,6000168,Hot Springs,11.44,0.0,tip01,45.59,70Server,11.5
2026-08-03,2026-08-16,new01,1042,6000168,Hot Springs,37.65,0.0,tip01,150.02,80Expo,11.5
2026-08-03,2026-08-16,new01,1042,6000168,Hot Springs,4.31,0.0,tip01,17.17,83Salad,11.5
2026-08-03,2026-08-16,new01,1042,6000168,Hot Springs,5.26,0.0,tip01,20.96,84Pizza,11.5
2026-08-03,2026-08-16,new01,1042,6000168,Hot Springs,11.89,0.0,tip01,47.38,86Sandwich,11.5
2026-08-03,2026-08-16,new01,1042,6000207,Hot Springs,22.560000000000002,0.0,tip01,89.89,81Dish,11.85
2026-08-03,2026-08-16,new01,1042,6000207,Hot Springs,8.09,0.0,tip01,32.24,82Prep,11.85
2026-08-03,2026-08-16,new01,1042,6000217,Hot Springs,19.009999999999998,0.0,tip01,75.75,83Salad,11.5
2026-08-03,2026-08-16,new01,1042,6000217,Hot Springs,25.48,0.0,tip01,101.53,86Sandwich,11.5
2026-08-03,2026-08-16,new01,1042,6000222,Hot Springs,19.240000000000002,0.0,tip01,76.67,80Expo,12.6
2026-08-03,2026-08-16,new01,1042,6000222,Hot Springs,14.87,0.0,tip01,59.25,82Prep,12.6
2026-08-03,2026-08-16,new01,1042,6000222,Hot Springs,3.43,0.0,tip01,13.67,83Salad,12.6
2026-08-03,2026-08-16,new01,1042,6000232,Hot Springs,3.77,0.0,tip01,15.02,70Server,11.5
2026-08-03,2026-08-16,new01,1042,6000232,Hot Springs,4.61,0.0,tip01,18.37,82Prep,11.5
2026-08-03,2026-08-16,new01,1042,6000232,Hot Springs,33.88,0.0,tip01,135.00,84Pizza,11.5
2026-08-03,2026-08-16,new01,1042,6000232,Hot Springs,8.43,0.0,tip01,33.59,86Sandwich,11.5
2026-08-03,2026-08-16,new01,1042,6000260,Hot Springs,7.85,0.0,tip01,31.27,70Server,11.55
2026-08-03,2026-08-16,new01,1042,6000260,Hot Springs,39.23,0.0,tip01,156.33,74DRAttend,11.55
2026-08-03,2026-08-16,new01,1042,6000271,Hot Springs,30.97,0.0,tip01,123.40,70Server,11.45
2026-08-03,2026-08-16,new01,1042,6000271,Hot Springs,0.0,0.0,tip01,0.00,74DRAttend,11.45
2026-08-03,2026-08-16,new01,1042,6000274,Hot Springs,40.64,0.0,tip01,161.94,80Expo,11.55
2026-08-03,2026-08-16,new01,1042,6000274,Hot Springs,23.990000000000002,0.0,tip01,95.59,86Sandwich,11.55
2026-08-03,2026-08-16,new01,1042,6000278,Hot Springs,4.04,0.0,tip01,16.10,70Server,11.33
2026-08-03,2026-08-16,new01,1042,6000278,Hot Springs,4.779999999999999,0.0,tip01,19.05,74DRAttend,11.33
2026-08-03,2026-08-16,new01,1042,6000279,Hot Springs,15.170000000000002,0.0,tip01,60.44,41Training,11.5
2026-08-03,2026-08-16,new01,1042,6000279,Hot Springs,19.810000000000002,0.0,tip01,78.93,70Server,11.5
2026-08-03,2026-08-16,new01,1042,6000279,Hot Springs,5.7,0.0,tip01,22.71,84Pizza,11.5
2026-08-03,2026-08-16,new01,1042,6000279,Hot Springs,3.72,0.0,tip01,14.82,86Sandwich,11.5
2026-08-03,2026-08-16,new01,1042,6000282,Hot Springs,30.38,0.0,tip01,121.05,70Server,11.55
2026-08-03,2026-08-16,new01,1042,6000282,Hot Springs,2.42,0.0,tip01,9.64,74DRAttend,11.55
2026-08-03,2026-08-16,new01,1042,6000283,Hot Springs,32.26,0.0,tip01,128.54,81Dish,11.55
2026-08-03,2026-08-16,new01,1042,6000283,Hot Springs,5.5,0.0,tip01,21.92,82Prep,11.55
2026-08-03,2026-08-16,new01,1042,6000286,Hot Springs,59.08,0.0,tip01,235.38,70Server,11.0
2026-08-03,2026-08-16,new01,1042,6000286,Hot Springs,5.56,0.0,tip01,22.15,82Prep,11.0
2026-08-03,2026-08-16,new01,1042,6000286,Hot Springs,5.4,0.0,tip01,21.52,84Pizza,11.0
2026-08-03,2026-08-16,new01,1042,6000288,Hot Springs,13.739999999999998,0.0,tip01,54.75,81Dish,11.0
2026-08-03,2026-08-16,new01,1042,6000289,Hot Springs,40.25,0.0,tip01,160.37,82Prep,11.0
2026-08-03,2026-08-16,new01,1042,6000294,Hot Springs,11.92,0.0,tip01,47.50,41Training,11.0
2026-08-03,2026-08-16,new01,1042,6000294,Hot Springs,4.85,0.0,tip01,19.33,81Dish,11.0
2026-08-03,2026-08-16,new01,1042,6000294,Hot Springs,42.699999999999996,0.0,tip01,170.13,84Pizza,11.0
2026-08-03,2026-08-16,new01,1042,6000294,Hot Springs,10.37,0.0,tip01,41.32,86Sandwich,11.0
2026-08-03,2026-08-16,new01,1042,6000303,Hot Springs,48.68000000000001,0.0,tip01,193.96,74DRAttend,11.0
2026-08-03,2026-08-16,new01,1042,6000304,Hot Springs,9.98,0.0,tip01,39.77,82Prep,11.0
2026-08-03,2026-08-16,new01,1042,6000304,Hot Springs,37.23,0.0,tip01,148.34,83Salad,11.0
2026-08-03,2026-08-16,new01,1042,6000305,Hot Springs,29.14,0.0,tip01,116.12,70Server,11.0
2026-08-03,2026-08-16,new01,1042,6000307,Hot Springs,12.52,0.0,tip01,49.88,83Salad,11.0
2026-08-03,2026-08-16,new01,1042,6000307,Hot Springs,33.24,0.0,tip01,132.44,86Sandwich,11.0
2026-08-03,2026-08-16,new01,1042,6000308,Hot Springs,33.22,0.0,tip01,132.38,70Server,11.0
2026-08-03,2026-08-16,new01,1042,6000308,Hot Springs,3.6599999999999997,0.0,tip01,14.58,74DRAttend,11.0
2026-08-03,2026-08-16,new01,1042,6000310,Hot Springs,8.19,0.0,tip01,32.63,70Server,11.0
2026-08-03,2026-08-16,new01,1042,6000311,Hot Springs,32.94,0.0,tip01,131.25,41Training,11.0
2026-08-03,2026-08-16,new01,1042,6000311,Hot Springs,23.37,0.0,tip01,93.11,81Dish,11.0
2026-08-03,2026-08-16,new01,1042,6000312,Hot Springs,24.660000000000004,0.0,tip01,98.26,40Training,11.0
2026-08-03,2026-08-16,new01,1042,6000312,Hot Springs,11.52,0.0,tip01,45.90,70Server,11.0
2026-08-03,2026-08-16,new01,1042,6000313,Hot Springs,31.87,0.0,tip01,126.98,70Server,11.0
2026-08-03,2026-08-16,new01,1043,1001,,74.61,0.0,tip01,427.60,80Expo,16.0
2026-08-03,2026-08-16,new01,1043,1019,,52.68000000000001,0.0,tip01,301.91,82Prep,15.0
2026-08-03,2026-08-16,new01,1043,1025,,63.760000000000005,0.0,tip01,365.41,82Prep,15.0
2026-08-03,2026-08-16,new01,1043,1054,,47.66,0.0,tip01,273.16,70Server,14.5
2026-08-03,2026-08-16,new01,1043,1068,,49.209999999999994,0.0,tip01,282.03,84Pizza,16.0
2026-08-03,2026-08-16,new01,1043,1074,,61.379999999999995,0.0,tip01,351.77,72CaterTL,15.0
2026-08-03,2026-08-16,new01,1043,1079,,6.72,0.0,tip01,38.51,81Dish,14.5
2026-08-03,2026-08-16,new01,1043,1079,,62.8,0.0,tip01,359.92,82Prep,14.5
2026-08-03,2026-08-16,new01,1043,1082,,22.36,0.0,tip01,128.14,107Utility,5.0
2026-08-03,2026-08-16,new01,1043,1092,,20.840000000000003,0.0,tip01,119.44,84Pizza,17.0
2026-08-03,2026-08-16,new01,1043,1095,,55.510000000000005,0.0,tip01,318.12,84Pizza,14.0
2026-08-03,2026-08-16,new01,1043,1096,,37.02,0.0,tip01,212.16,86Sandwich,14.0
2026-08-03,2026-08-16,new01,1043,1103,,50.49000000000001,0.0,tip01,289.36,81Dish,14.0
2026-08-03,2026-08-16,new01,1043,1105,,15.77,0.0,tip01,90.38,70Server,12.0
2026-08-03,2026-08-16,new01,1043,1113,,5.12,0.0,tip01,29.34,80Expo,16.0
2026-08-03,2026-08-16,new01,1043,1113,,28.529999999999998,0.0,tip01,163.51,81Dish,16.0
2026-08-03,2026-08-16,new01,1043,1116,,34.55,0.0,tip01,198.01,70Server,12.0
2026-08-03,2026-08-16,new01,1043,1118,,61.39,0.0,tip01,351.83,86Sandwich,16.0
2026-08-03,2026-08-16,new01,1043,1119,,42.97,0.0,tip01,246.26,70Server,12.0
2026-08-03,2026-08-16,new01,1043,1120,,20.77,0.0,tip01,119.04,80Expo,16.0
2026-08-03,2026-08-16,new01,1043,1122,,53.57000000000001,0.0,tip01,307.00,70Server,15.0
2026-08-03,2026-08-16,new01,1043,1124,,5.12,0.0,tip01,29.34,80Expo,15.0
2026-08-03,2026-08-16,new01,1043,207,,65.17000000000002,0.0,tip01,373.48,83Salad,15.0
2026-08-03,2026-08-16,new01,1043,318,,10.42,0.0,tip01,59.72,81Dish,14.5
2026-08-03,2026-08-16,new01,1043,318,,68.52000000000001,4.87,tip01,420.59,83Salad,14.5
2026-08-03,2026-08-16,new01,1043,683,,57.92,0.0,tip01,331.93,86Sandwich,15.0
2026-08-03,2026-08-16,new01,1043,713,,75.68,0.0,tip01,433.72,81Dish,13.5
2026-08-03,2026-08-16,new01,1043,823,,43.29,0.0,tip01,248.09,80Expo,16.5
2026-08-03,2026-08-16,new01,1043,823,,19.88,0.0,tip01,113.93,83Salad,16.5
2026-08-03,2026-08-16,new01,1044,,,80.0,5.25,tip01,445.69,5ShiftLead,0.0
2026-08-03,2026-08-16,new01,1044,ABOSCHE1,,35.42,0.0,tip01,185.18,70Server,11.0
2026-08-03,2026-08-16,new01,1044,AHALE38,,37.45,0.0,tip01,195.80,80Expo,13.0
2026-08-03,2026-08-16,new01,1044,CCHIANG2,,75.77000000000001,0.0,tip01,396.12,81Dish,14.0
2026-08-03,2026-08-16,new01,1044,CHORN30,,13.529999999999998,0.0,tip01,70.73,70Server,13.0
2026-08-03,2026-08-16,new01,1044,CHORN30,,13.1,0.0,tip01,68.49,83Salad,13.0
2026-08-03,2026-08-16,new01,1044,DPHIPPS10,,25.599999999999998,0.0,tip01,133.85,74DRAttend,7.75
2026-08-03,2026-08-16,new01,1044,DSLATON3,,21.589999999999996,0.0,tip01,112.88,81Dish,9.0
2026-08-03,2026-08-16,new01,1044,DSTOLBERT1,,32.910000000000004,0.0,tip01,172.05,70Server,10.0
2026-08-03,2026-08-16,new01,1044,ebarnes59,,13.989999999999998,0.0,tip01,73.14,74DRAttend,7.25
2026-08-03,2026-08-16,new01,1044,EDDAVIS18,,72.96,0.0,tip01,381.43,74DRAttend,11.5
2026-08-03,2026-08-16,new01,1044,JJAKES6,,58.550000000000004,0.0,tip01,306.09,83Salad,13.75
2026-08-03,2026-08-16,new01,1044,JSLATON9,,21.62,0.0,tip01,113.03,83Salad,9.0
2026-08-03,2026-08-16,new01,1044,KNJONES21,,20.68,0.0,tip01,108.11,83Salad,10.0
2026-08-03,2026-08-16,new01,1044,LAAUSTIB5,,35.54,0.0,tip01,185.80,7CerTrainr,12.5
2026-08-03,2026-08-16,new01,1044,MSCOTT330,,58.11999999999999,0.0,tip01,303.85,81Dish,12.0
2026-08-03,2026-08-16,new01,1044,MTURNER251,,42.15,0.0,tip01,220.36,81Dish,12.5
2026-08-03,2026-08-16,new01,1044,PCLAY5,,73.9,0.0,tip01,386.36,7CerTrainr,13.5
2026-08-03,2026-08-16,new01,1044,QJDAVIS4,,21.54,0.0,tip01,112.61,84Pizza,13.0
2026-08-03,2026-08-16,new01,1044,QJDAVIS4,,4.91,0.0,tip01,25.67,86Sandwich,13.0
2026-08-03,2026-08-16,new01,1044,REMARSH3,,24.46,0.0,tip01,127.87,81Dish,11.0
2026-08-03,2026-08-16,new01,1044,RRMCDONALD4,,46.44,0.0,tip01,242.79,70Server,10.5
2026-08-03,2026-08-16,new01,1044,SNMCDONALD2,,39.06,0.0,tip01,204.20,83Salad,11.0
2026-08-03,2026-08-16,new01,1044,TCSTANLEY2,,20.26,0.0,tip01,105.92,74DRAttend,7.5
2026-08-03,2026-08-16,new01,1044,UMWILEY,,59.230000000000004,0.0,tip01,309.67,70Server,10.5
2026-08-03,2026-08-16,new01,1044,YBARDON1,,58.50000000000001,0.0,tip01,305.85,7CerTrainr,19.0
2026-08-03,2026-08-16,new01,1046,1142,,48.71,0.0,tip01,203.50,81Dish,12.5
2026-08-03,2026-08-16,new01,1046,1265,,80.0,20.15,tip01,418.40,84Pizza,15.0
2026-08-03,2026-08-16,new01,1046,1366,,39.68,0.0,tip01,165.78,70Server,10.0
2026-08-03,2026-08-16,new01,1046,1467,,55.61,0.0,tip01,232.33,84Pizza,11.0
2026-08-03,2026-08-16,new01,1046,1573,,18.040000000000003,0.0,tip01,75.37,70Server,11.0
2026-08-03,2026-08-16,new01,1046,1804,,49.61,0.0,tip01,207.27,70Server,11.0
2026-08-03,2026-08-16,new01,1046,1912,,53.91,0.0,tip01,225.21,86Sandwich,11.0
2026-08-03,2026-08-16,new01,1046,2098,,60.93000000000001,4.3,tip01,272.52,70Server,15.0
2026-08-03,2026-08-16,new01,1046,2098,,11.07,0.0,tip01,46.25,84Pizza,15.0
2026-08-03,2026-08-16,new01,1046,2098,,8.0,3.05,tip01,46.16,86Sandwich,15.0
2026-08-03,2026-08-16,new01,1046,2817,,60.6,0.0,tip01,253.16,81Dish,12.0
2026-08-03,2026-08-16,new01,1046,3017,,77.53,0.0,tip01,323.89,80Expo,16.0
2026-08-03,2026-08-16,new01,1046,3149,,54.18,0.0,tip01,226.36,70Server,10.0
2026-08-03,2026-08-16,new01,1046,3447,,60.760000000000005,0.0,tip01,253.84,86Sandwich,12.0
2026-08-03,2026-08-16,new01,1046,3510,,20.34,0.0,tip01,84.98,70Server,10.0
2026-08-03,2026-08-16,new01,1046,3787,,80.0,13.54,tip01,390.78,70Server,13.0
2026-08-03,2026-08-16,new01,1046,3984,,80.0,20.17,tip01,418.47,84Pizza,15.0
2026-08-03,2026-08-16,new01,1046,4126,,80.0,29.4,tip01,457.03,80Expo,17.0
2026-08-03,2026-08-16,new01,1046,4393,,33.94,24.7,tip01,244.97,5ShiftLead,14.0
2026-08-03,2026-08-16,new01,1046,4393,,40.410000000000004,0.0,tip01,168.82,70Server,14.0
2026-08-03,2026-08-16,new01,1046,4393,,5.65,0.0,tip01,23.60,80Expo,14.0
2026-08-03,2026-08-16,new01,1046,4808,,3.13,0.0,tip01,13.09,107Utility,10.0
2026-08-03,2026-08-16,new01,1046,5300,,80.0,31.400000000000002,tip01,465.41,84Pizza,15.0
2026-08-03,2026-08-16,new01,1046,5640,,1.65,0.0,tip01,6.89,107Utility,10.0
2026-08-03,2026-08-16,new01,1046,5754,,46.56,0.0,tip01,194.52,70Server,10.0
2026-08-03,2026-08-16,new01,1046,5839,,67.87,0.0,tip01,283.54,81Dish,13.0
2026-08-03,2026-08-16,new01,1046,5880,,24.06,0.0,tip01,100.52,70Server,11.0
2026-08-03,2026-08-16,new01,1046,6218,,15.020000000000001,0.0,tip01,62.75,84Pizza,13.0
2026-08-03,2026-08-16,new01,1046,6218,,56.440000000000005,0.0,tip01,235.79,86Sandwich,13.0
2026-08-03,2026-08-16,new01,1046,6380,,51.15,0.0,tip01,213.68,70Server,11.0
2026-08-03,2026-08-16,new01,1046,7264,,38.01,0.0,tip01,158.80,70Server,12.0
2026-08-03,2026-08-16,new01,1046,7329,,6.640000000000001,0.0,tip01,27.75,107Utility,10.0
2026-08-03,2026-08-16,new01,1046,7404,,26.25,0.0,tip01,109.66,80Expo,14.0
2026-08-03,2026-08-16,new01,1046,7500,,49.46,0.0,tip01,206.63,70Server,10.0
2026-08-03,2026-08-16,new01,1046,8445,,26.43,0.0,tip01,110.42,70Server,12.0
2026-08-03,2026-08-16,new01,1046,9325,,72.93,0.0,tip01,304.68,70Server,10.0
2026-08-03,2026-08-16,new01,1046,9665,,72.97,0.0,tip01,304.85,84Pizza,13.0
2026-08-03,2026-08-16,new01,1046,9895,,59.269999999999996,0.0,tip01,247.61,70Server,11.0
2026-08-03,2026-08-16,new01,1048,4188,,77.64,3.51,tip01,258.63,5ShiftLead,15.0
2026-08-03,2026-08-16,new01,1048,4335,,18.77,0.0,tip01,59.82,70Server,12.0
2026-08-03,2026-08-16,new01,1048,4335,,12.71,0.0,tip01,40.51,70Server,12.25
2026-08-03,2026-08-16,new01,1048,4350,,38.28,0.0,tip01,121.99,82Prep,15.25
2026-08-03,2026-08-16,new01,1048,4350,,31.69,0.0,tip01,100.99,82Prep,15.5
2026-08-03,2026-08-16,new01,1048,4351,,40.0,5.79,tip01,145.94,72CaterTL,14.5
2026-08-03,2026-08-16,new01,1048,4351,,40.0,0.73,tip01,129.80,72CaterTL,15.0
2026-08-03,2026-08-16,new01,1048,4381,,6.35,0.0,tip01,20.24,74DRAttend,15.0
2026-08-03,2026-08-16,new01,1048,4381,,33.6,0.0,tip01,107.09,82Prep,15.0
2026-08-03,2026-08-16,new01,1048,4381,,40.0,8.92,tip01,155.91,82Prep,15.5
2026-08-03,2026-08-16,new01,1048,4566,,14.64,0.0,tip01,46.66,70Server,12.0
2026-08-03,2026-08-16,new01,1048,4566,,46.84,0.0,tip01,149.27,86Sandwich,12.0
2026-08-03,2026-08-16,new01,1048,4573,,19.770000000000003,0.0,tip01,63.00,7CerTrainr,13.25
2026-08-03,2026-08-16,new01,1048,4573,,10.91,0.0,tip01,34.77,82Prep,13.0
2026-08-03,2026-08-16,new01,1048,4573,,11.51,0.0,tip01,36.68,82Prep,13.25
2026-08-03,2026-08-16,new01,1048,4573,,5.02,0.0,tip01,16.00,83Salad,13.0
2026-08-03,2026-08-16,new01,1048,4573,,5.24,0.0,tip01,16.70,84Pizza,13.25
2026-08-03,2026-08-16,new01,1048,4573,,10.600000000000001,0.0,tip01,33.78,86Sandwich,13.0
2026-08-03,2026-08-16,new01,1048,4579,,10.98,0.0,tip01,34.99,70Server,11.5
2026-08-03,2026-08-16,new01,1048,4579,,9.58,0.0,tip01,30.53,70Server,11.75
2026-08-03,2026-08-16,new01,1048,4579,,4.95,0.0,tip01,15.78,83Salad,11.5
2026-08-03,2026-08-16,new01,1048,4579,,9.64,0.0,tip01,30.73,83Salad,11.75
2026-08-03,2026-08-16,new01,1048,4625,,31.5,0.0,tip01,100.39,74DRAttend,11.25
2026-08-03,2026-08-16,new01,1048,4625,,40.0,3.65,tip01,139.11,74DRAttend,11.75
2026-08-03,2026-08-16,new01,1048,4655,,59.22,0.0,tip01,188.74,74DRAttend,13.5
2026-08-03,2026-08-16,new01,1048,4656,,67.09,0.0,tip01,213.81,72CaterTL,13.0
2026-08-03,2026-08-16,new01,1048,4661,,39.99999999999999,15.4,tip01,176.55,83Salad,11.5
2026-08-03,2026-08-16,new01,1048,4661,,40.0,4.87,tip01,142.98,83Salad,11.75
2026-08-03,2026-08-16,new01,1048,4662,,31.940000000000005,0.0,tip01,101.79,81Dish,11.75
2026-08-03,2026-08-16,new01,1048,4662,,23.06,0.0,tip01,73.49,81Dish,12.0
2026-08-03,2026-08-16,new01,1048,4665,,0.0,6.88,tip01,21.93,74DRAttend,15.25
2026-08-03,2026-08-16,new01,1048,4665,,32.82,11.21,tip01,140.32,81Dish,15.0
2026-08-03,2026-08-16,new01,1048,4665,,40.0,4.64,tip01,142.27,81Dish,15.25
2026-08-03,2026-08-16,new01,1048,4665,,7.18,0.0,tip01,22.88,86Sandwich,15.0
2026-08-03,2026-08-16,new01,1048,4673,,61.18000000000001,0.0,tip01,194.96,86Sandwich,13.0
2026-08-03,2026-08-16,new01,1048,4678,,41.730000000000004,0.0,tip01,133.00,86Sandwich,12.25
2026-08-03,2026-08-16,new01,1048,4681,,40.0,1.7,tip01,132.90,70Server,12.0
2026-08-03,2026-08-16,new01,1048,4681,,40.0,1.1,tip01,130.99,70Server,12.25
2026-08-03,2026-08-16,new01,1048,4683,,23.0,0.0,tip01,73.30,84Pizza,12.0
2026-08-03,2026-08-16,new01,1048,4683,,31.470000000000002,0.0,tip01,100.30,84Pizza,12.5
2026-08-03,2026-08-16,new01,1048,4688,,27.91,0.0,tip01,88.94,41Training,11.25
2026-08-03,2026-08-16,new01,1048,4690,,35.4,0.0,tip01,112.82,82Prep,11.75
2026-08-03,2026-08-16,new01,1048,4690,,35.24,0.0,tip01,112.31,82Prep,12.0
2026-08-03,2026-08-16,new01,1048,4696,,22.08,0.0,tip01,70.38,70Server,11.0
2026-08-03,2026-08-16,new01,1048,4697,,31.26,0.0,tip01,99.62,70Server,11.0
2026-08-03,2026-08-16,new01,1048,4697,,6.16,0.0,tip01,19.63,83Salad,11.0
2026-08-03,2026-08-16,new01,1048,4697,,31.549999999999997,0.0,tip01,100.55,83Salad,11.25
2026-08-03,2026-08-16,new01,1048,4698,,18.89,5.37,tip01,77.32,70Server,11.75
2026-08-03,2026-08-16,new01,1048,4698,,27.89,6.04,tip01,108.14,74DRAttend,11.75
2026-08-03,2026-08-16,new01,1048,4698,,23.21,0.05,tip01,74.14,83Salad,11.75
2026-08-03,2026-08-16,new01,1048,4698,,10.01,13.31,tip01,74.31,84Pizza,11.75
2026-08-03,2026-08-16,new01,1048,4699,,10.01,0.0,tip01,31.90,70Server,11.0
2026-08-03,2026-08-16,new01,1048,4699,,26.289999999999996,0.0,tip01,83.79,70Server,11.25
2026-08-03,2026-08-16,new01,1048,4701,,28.369999999999997,0.0,tip01,90.41,74DRAttend,11.0
2026-08-03,2026-08-16,new01,1048,4701,,12.47,0.0,tip01,39.74,74DRAttend,11.25
2026-08-03,2026-08-16,new01,1048,4702,,23.83,0.0,tip01,75.95,83Salad,11.0
2026-08-03,2026-08-16,new01,1048,4706,,21.0,0.0,tip01,66.92,70Server,12.0
2026-08-03,2026-08-16,new01,1048,4708,,28.33,0.0,tip01,90.30,70Server,10.75
2026-08-03,2026-08-16,new01,1048,4708,,17.93,0.0,tip01,57.14,70Server,11.0
2026-08-03,2026-08-16,new01,1048,4709,,60.29,0.0,tip01,192.15,70Server,11.75
2026-08-03,2026-08-16,new01,1048,4710,,26.869999999999997,0.0,tip01,85.64,81Dish,11.75
2026-08-03,2026-08-16,new01,1048,4710,,20.96,0.0,tip01,66.79,81Dish,12.25
2026-08-03,2026-08-16,new01,1048,4711,,14.39,0.0,tip01,45.86,70Server,11.0
2026-08-03,2026-08-16,new01,1048,4713,,37.96,0.0,tip01,120.96,70Server,11.25
2026-08-03,2026-08-16,new01,1048,4714,,20.38,0.0,tip01,64.95,70Server,11.0
2026-08-03,2026-08-16,new01,1048,4715,,41.86,0.0,tip01,133.41,84Pizza,11.0
2026-08-03,2026-08-16,new01,1048,4716,,46.32,0.0,tip01,147.62,81Dish,10.5
2026-08-03,2026-08-16,new01,1048,4717,,53.67,0.0,tip01,171.04,86Sandwich,11.0
2026-08-03,2026-08-16,new01,1048,4718,,32.89,0.0,tip01,104.82,70Server,10.75
2026-08-03,2026-08-16,new01,1048,4719,,25.630000000000003,0.0,tip01,81.69,83Salad,10.75
2026-08-03,2026-08-16,new01,1051,9094515,Avenues,2.85,0.0,tip01,17.84,83Salad,16.75
2026-08-03,2026-08-16,new01,1051,9094515,Avenues,7.65,0.0,tip01,47.90,84Pizza,16.75
2026-08-03,2026-08-16,new01,1051,9094515,Avenues,40.29,0.0,tip01,252.27,86Sandwich,16.75
2026-08-03,2026-08-16,new01,1051,9097994,Avenues,15.920000000000002,0.0,tip01,99.68,70Server,14.0
2026-08-03,2026-08-16,new01,1051,9097994,Avenues,21.16,0.0,tip01,132.50,84Pizza,14.0
2026-08-03,2026-08-16,new01,1051,9097994,Avenues,4.35,0.0,tip01,27.24,86Sandwich,14.0
2026-08-03,2026-08-16,new01,1051,9098544,Avenues,34.07,0.0,tip01,213.32,5ShiftLead,18.0
2026-08-03,2026-08-16,new01,1051,9098544,Avenues,5.04,0.0,tip01,31.56,80Expo,18.0
2026-08-03,2026-08-16,new01,1051,9098544,Avenues,22.05,0.0,tip01,138.05,84Pizza,18.0
2026-08-03,2026-08-16,new01,1051,9098544,Avenues,8.0,0.0,tip01,50.09,86Sandwich,18.0
2026-08-03,2026-08-16,new01,1051,9100186,Avenues,3.13,0.0,tip01,19.60,70Server,15.0
2026-08-03,2026-08-16,new01,1051,9100186,Avenues,14.79,0.0,tip01,92.60,80Expo,15.0
2026-08-03,2026-08-16,new01,1051,9100186,Avenues,2.97,0.0,tip01,18.60,83Salad,15.0
2026-08-03,2026-08-16,new01,1051,9100186,Avenues,10.03,0.0,tip01,62.80,84Pizza,15.0
2026-08-03,2026-08-16,new01,1051,9100186,Avenues,23.62,0.0,tip01,147.88,86Sandwich,15.0
2026-08-03,2026-08-16,new01,1051,9101363,Avenues,46.98000000000001,0.0,tip01,294.15,82Prep,16.0
2026-08-03,2026-08-16,new01,1051,9102270,Avenues,22.400000000000002,0.0,tip01,140.26,81Dish,15.5
2026-08-03,2026-08-16,new01,1051,9102270,Avenues,2.82,0.0,tip01,17.66,84Pizza,15.5
2026-08-03,2026-08-16,new01,1051,9102270,Avenues,15.18,0.0,tip01,95.05,86Sandwich,15.5
2026-08-03,2026-08-16,new01,1051,9102400,Avenues,3.31,0.0,tip01,20.72,70Server,15.5
2026-08-03,2026-08-16,new01,1051,9102400,Avenues,5.05,0.0,tip01,31.62,80Expo,15.5
2026-08-03,2026-08-16,new01,1051,9102400,Avenues,8.73,0.0,tip01,54.67,81Dish,15.5
2026-08-03,2026-08-16,new01,1051,9102400,Avenues,2.71,0.0,tip01,16.97,84Pizza,15.5
2026-08-03,2026-08-16,new01,1051,9102400,Avenues,4.58,0.0,tip01,28.68,86Sandwich,15.5
2026-08-03,2026-08-16,new01,1051,9102635,Avenues,49.56,0.0,tip01,310.32,5ShiftLead,17.0
2026-08-03,2026-08-16,new01,1051,9102724,Avenues,17.72,0.0,tip01,110.94,70Server,14.0
2026-08-03,2026-08-16,new01,1051,9102791,Avenues,51.269999999999996,0.0,tip01,321.03,70Server,14.0
2026-08-03,2026-08-16,new01,1051,9103158,Avenues,67.09,0.0,tip01,420.06,5ShiftLead,17.0
2026-08-03,2026-08-16,new01,1051,9103272,Avenues,15.959999999999999,0.0,tip01,99.93,70Server,14.0
2026-08-03,2026-08-16,new01,1051,9103449,Avenues,43.13,0.0,tip01,270.04,81Dish,14.0
2026-08-03,2026-08-16,new01,1051,9103703,Avenues,20.230000000000004,0.0,tip01,126.66,70Server,14.0
2026-08-03,2026-08-16,new01,1051,9103704,Avenues,14.04,0.0,tip01,87.92,81Dish,14.0
2026-08-03,2026-08-16,new01,1051,9103801,Avenues,8.28,0.0,tip01,51.85,81Dish,14.0
2026-08-03,2026-08-16,new01,1051,9103906,Avenues,27.71,0.0,tip01,173.50,86Sandwich,14.0
2026-08-03,2026-08-16,new01,1051,9103919,Avenues,9.129999999999999,0.0,tip01,57.17,83Salad,14.0
2026-08-03,2026-08-16,new01,1051,9103933,Avenues,23.45,0.0,tip01,146.84,82Prep,14.0
2026-08-03,2026-08-16,new01,1051,9104053,Avenues,21.459999999999997,0.0,tip01,134.37,81Dish,15.0
2026-08-03,2026-08-16,new01,1051,9104054,Avenues,28.330000000000002,0.0,tip01,177.36,70Server,15.0
2026-08-03,2026-08-16,new01,1051,9104127,Avenues,46.379999999999995,0.0,tip01,290.37,70Server,15.0
2026-08-03,2026-08-16,new01,1051,9104149,Avenues,38.96,0.0,tip01,243.94,83Salad,15.0
2026-08-03,2026-08-16,new01,1051,9104184,Avenues,7.859999999999999,0.0,tip01,49.21,41Training,14.0
2026-08-03,2026-08-16,new01,1053,30362,,38.47,0.0,tip01,189.88,81Dish,12.5
2026-08-03,2026-08-16,new01,1053,7000098,,8.46,0.0,tip01,41.76,81Dish,12.36
2026-08-03,2026-08-16,new01,1053,7000098,,4.02,0.0,tip01,19.84,83Salad,12.36
2026-08-03,2026-08-16,new01,1053,7000098,,28.130000000000003,0.0,tip01,138.83,86Sandwich,12.36
2026-08-03,2026-08-16,new01,1053,7000099,,22.119999999999997,0.0,tip01,109.17,74DRAttend,12.5
2026-08-03,2026-08-16,new01,1053,7000121,,22.1,0.0,tip01,109.08,81Dish,12.0
2026-08-03,2026-08-16,new01,1053,7000121,,42.54999999999999,0.0,tip01,210.01,83Salad,12.0
2026-08-03,2026-08-16,new01,1053,7000130,,23.03,0.0,tip01,113.68,84Pizza,11.0
2026-08-03,2026-08-16,new01,1053,7000133,,14.440000000000001,0.0,tip01,71.27,70Server,12.0
2026-08-03,2026-08-16,new01,1053,7000133,,26.34,0.0,tip01,130.01,84Pizza,12.0
2026-08-03,2026-08-16,new01,1053,7000137,,7.609999999999999,0.0,tip01,37.56,83Salad,12.0
2026-08-03,2026-08-16,new01,1053,7000142,,45.07000000000001,0.0,tip01,222.45,70Server,12.0
2026-08-03,2026-08-16,new01,1053,7000145,,57.48,0.0,tip01,283.68,82Prep,12.0
2026-08-03,2026-08-16,new01,1053,7000149,,52.23000000000001,0.0,tip01,257.78,80Expo,12.0
2026-08-03,2026-08-16,new01,1053,7000156,,16.779999999999998,0.0,tip01,82.82,70Server,12.0
2026-08-03,2026-08-16,new01,1053,7000157,,27.17,0.0,tip01,134.10,86Sandwich,12.0
2026-08-03,2026-08-16,new01,1053,7000158,,32.97,0.0,tip01,162.73,82Prep,12.0
2026-08-03,2026-08-16,new01,1053,7000161,,64.07,0.0,tip01,316.22,70Server,12.25
2026-08-03,2026-08-16,new01,1053,7000162,,28.85,0.0,tip01,142.39,70Server,12.0
2026-08-03,2026-08-16,new01,1053,7000163,,58.169999999999995,0.0,tip01,287.12,81Dish,13.0
2026-08-03,2026-08-16,new01,1053,7000167,,29.410000000000004,0.0,tip01,145.15,82Prep,12.0
2026-08-03,2026-08-16,new01,1053,7000169,,15.61,0.0,tip01,77.05,41Training,12.0
2026-08-03,2026-08-16,new01,1053,7000171,,11.049999999999999,0.0,tip01,54.54,70Server,12.0
2026-08-03,2026-08-16,new01,1053,7000172,,36.169999999999995,0.0,tip01,178.51,83Salad,12.0
2026-08-03,2026-08-16,new01,1053,7000174,,7.790000000000001,0.0,tip01,38.45,70Server,11.25
2026-08-03,2026-08-16,new01,1053,7000175,,25.360000000000007,0.0,tip01,125.16,82Prep,11.25
2026-08-03,2026-08-16,new01,1053,7000176,,23.759999999999998,0.0,tip01,117.26,70Server,11.0
2026-08-03,2026-08-16,new01,1054,9096499,,51.330000000000005,0.0,tip01,211.75,5ShiftLead,14.5
2026-08-03,2026-08-16,new01,1054,9096499,,5.64,0.0,tip01,23.27,80Expo,14.5
2026-08-03,2026-08-16,new01,1054,9100905,,63.940000000000005,0.0,tip01,263.79,5ShiftLead,15.5
2026-08-03,2026-08-16,new01,1054,9100917,,4.2299999999999995,0.0,tip01,17.45,70Server,14.0
2026-08-03,2026-08-16,new01,1054,9100917,,10.41,0.0,tip01,42.94,80Expo,14.0
2026-08-03,2026-08-16,new01,1054,9100917,,16.14,0.0,tip01,66.58,83Salad,14.0
2026-08-03,2026-08-16,new01,1054,9100917,,42.18,0.0,tip01,174.01,86Sandwich,14.0
2026-08-03,2026-08-16,new01,1054,9101255,,42.06,0.0,tip01,173.52,84Pizza,14.0
2026-08-03,2026-08-16,new01,1054,9101298,,43.15,0.0,tip01,178.03,83Salad,13.5
2026-08-03,2026-08-16,new01,1054,9101318,,33.5,0.0,tip01,138.19,83Salad,13.5
2026-08-03,2026-08-16,new01,1054,9101318,,22.18,0.0,tip01,91.49,86Sandwich,13.5
2026-08-03,2026-08-16,new01,1054,9101419,,71.32000000000001,0.0,tip01,294.19,84Pizza,16.0
2026-08-03,2026-08-16,new01,1054,9101528,,53.47,0.0,tip01,220.60,81Dish,13.75
2026-08-03,2026-08-16,new01,1054,9103226,,40.39,0.0,tip01,166.62,70Server,11.5
2026-08-03,2026-08-16,new01,1054,9103683,,1.61,0.0,tip01,6.64,83Salad,11.0
2026-08-03,2026-08-16,new01,1054,9103683,,31.62,0.0,tip01,130.44,84Pizza,11.0
2026-08-03,2026-08-16,new01,1054,9103683,,3.77,0.0,tip01,15.55,86Sandwich,11.0
2026-08-03,2026-08-16,new01,1054,9103773,,79.50999999999999,0.0,tip01,328.01,86Sandwich,12.75
2026-08-03,2026-08-16,new01,1054,9103794,,56.839999999999996,0.0,tip01,234.49,81Dish,13.0
2026-08-03,2026-08-16,new01,1054,9103868,,61.81000000000001,0.0,tip01,254.98,5ShiftLead,13.0
2026-08-03,2026-08-16,new01,1054,9104115,,18.95,0.0,tip01,78.17,84Pizza,11.0
2026-08-03,2026-08-16,new01,1056,9097674,Parkway,26.32,0.0,tip01,106.19,70Server,14.5
2026-08-03,2026-08-16,new01,1056,9097674,Parkway,30.08,0.0,tip01,121.35,70Server,15.5
2026-08-03,2026-08-16,new01,1056,9097674,Parkway,2.35,0.0,tip01,9.48,74DRAttend,14.5
2026-08-03,2026-08-16,new01,1056,9100128,Parkway,14.04,0.0,tip01,56.64,81Dish,14.0
2026-08-03,2026-08-16,new01,1056,9100720,Parkway,14.219999999999999,0.0,tip01,57.37,70Server,14.25
2026-08-03,2026-08-16,new01,1056,9100720,Parkway,9.4,0.0,tip01,37.92,70Server,14.75
2026-08-03,2026-08-16,new01,1056,9100720,Parkway,3.06,0.0,tip01,12.35,74DRAttend,14.25
2026-08-03,2026-08-16,new01,1056,9100720,Parkway,8.32,0.0,tip01,33.56,83Salad,14.75
2026-08-03,2026-08-16,new01,1056,9100720,Parkway,2.6,0.0,tip01,10.49,86Sandwich,14.25
2026-08-03,2026-08-16,new01,1056,9100720,Parkway,7.48,0.0,tip01,30.18,86Sandwich,14.75
2026-08-03,2026-08-16,new01,1056,9101732,Parkway,52.760000000000005,0.0,tip01,212.84,81Dish,14.5
2026-08-03,2026-08-16,new01,1056,9101732,Parkway,10.32,0.0,tip01,41.63,83Salad,14.5
2026-08-03,2026-08-16,new01,1056,9102433,Parkway,4.46,0.0,tip01,17.99,74DRAttend,14.75
2026-08-03,2026-08-16,new01,1056,9102433,Parkway,60.74,0.0,tip01,245.06,82Prep,14.75
2026-08-03,2026-08-16,new01,1056,9102721,Parkway,78.41,0.0,tip01,316.36,5ShiftLead,16.5
2026-08-03,2026-08-16,new01,1056,9102745,Parkway,5.390000000000001,0.0,tip01,21.75,84Pizza,14.0
2026-08-03,2026-08-16,new01,1056,9102745,Parkway,7.7700000000000005,0.0,tip01,31.35,84Pizza,15.0
2026-08-03,2026-08-16,new01,1056,9102751,Parkway,48.940000000000005,0.0,tip01,197.44,86Sandwich,14.5
2026-08-03,2026-08-16,new01,1056,9103092,Parkway,18.63,0.0,tip01,75.16,83Salad,14.25
2026-08-03,2026-08-16,new01,1056,9103092,Parkway,13.86,0.0,tip01,55.92,86Sandwich,14.25
2026-08-03,2026-08-16,new01,1056,9103125,Parkway,52.300000000000004,0.0,tip01,211.03,86Sandwich,14.25
2026-08-03,2026-08-16,new01,1056,9103193,Parkway,9.91,0.0,tip01,39.98,5ShiftLead,15.5
2026-08-03,2026-08-16,new01,1056,9103193,Parkway,5.51,0.0,tip01,22.23,70Server,14.5
2026-08-03,2026-08-16,new01,1056,9103193,Parkway,6.43,0.0,tip01,25.94,83Salad,14.5
2026-08-03,2026-08-16,new01,1056,9103193,Parkway,2.94,0.0,tip01,11.86,83Salad,15.5
2026-08-03,2026-08-16,new01,1056,9103193,Parkway,3.27,0.0,tip01,13.19,84Pizza,14.5
2026-08-03,2026-08-16,new01,1056,9103193,Parkway,7.41,0.0,tip01,29.90,86Sandwich,14.5
2026-08-03,2026-08-16,new01,1056,9103417,Parkway,58.809999999999995,0.0,tip01,237.29,80Expo,14.5
2026-08-03,2026-08-16,new01,1056,9103417,Parkway,3.82,0.0,tip01,15.41,83Salad,14.5
2026-08-03,2026-08-16,new01,1056,9103417,Parkway,5.36,0.0,tip01,21.62,86Sandwich,14.5
2026-08-03,2026-08-16,new01,1056,9103420,Parkway,9.889999999999999,0.0,tip01,39.90,70Server,14.5
2026-08-03,2026-08-16,new01,1056,9103420,Parkway,5.15,0.0,tip01,20.77,80Expo,14.5
2026-08-03,2026-08-16,new01,1056,9103420,Parkway,3.09,0.0,tip01,12.47,81Dish,14.5
2026-08-03,2026-08-16,new01,1056,9103420,Parkway,5.9,0.0,tip01,23.80,84Pizza,14.5
2026-08-03,2026-08-16,new01,1056,9103420,Parkway,23.08,0.0,tip01,93.12,86Sandwich,14.5
2026-08-03,2026-08-16,new01,1056,9103498,Parkway,69.1,0.0,tip01,278.77,5ShiftLead,15.25
2026-08-03,2026-08-16,new01,1056,9103583,Parkway,4.58,0.0,tip01,18.48,74DRAttend,14.5
2026-08-03,2026-08-16,new01,1056,9103583,Parkway,34.14,0.0,tip01,137.72,82Prep,14.5
2026-08-03,2026-08-16,new01,1056,9103583,Parkway,3.18,0.0,tip01,12.83,83Salad,14.5
2026-08-03,2026-08-16,new01,1056,9103583,Parkway,2.83,0.0,tip01,11.42,84Pizza,14.5
2026-08-03,2026-08-16,new01,1056,9103827,Parkway,6.42,0.0,tip01,25.90,70Server,14.0
2026-08-03,2026-08-16,new01,1056,9103827,Parkway,6.369999999999999,0.0,tip01,25.70,74DRAttend,14.0
2026-08-03,2026-08-16,new01,1056,9103827,Parkway,39.550000000000004,0.0,tip01,159.57,81Dish,14.0
2026-08-03,2026-08-16,new01,1056,9103831,Parkway,24.5,0.0,tip01,98.83,70Server,14.0
2026-08-03,2026-08-16,new01,1056,9103891,Parkway,9.99,0.0,tip01,40.30,70Server,14.0
2026-08-03,2026-08-16,new01,1056,9104040,Parkway,26.03,0.0,tip01,105.02,70Server,14.0
2026-08-03,2026-08-16,new01,1056,9104040,Parkway,19.749999999999996,0.0,tip01,79.69,70Server,15.0
2026-08-03,2026-08-16,new01,1056,9104102,Parkway,27.179999999999996,0.0,tip01,109.66,83Salad,14.0
2026-08-03,2026-08-16,new01,1056,9104148,Parkway,3.09,0.0,tip01,12.47,84Pizza,14.0
2026-08-03,2026-08-16,new01,1056,9104148,Parkway,2.05,0.0,tip01,8.27,84Pizza,15.0
2026-08-03,2026-08-16,new01,1056,9104159,Parkway,9.74,0.0,tip01,39.29,70Server,0.0
2026-08-03,2026-08-16,new01,1056,9104159,Parkway,15.329999999999998,0.0,tip01,61.86,70Server,14.0
2026-08-03,2026-08-16,new01,1056,9104178,Parkway,4.18,0.0,tip01,16.86,70Server,14.0
2026-08-03,2026-08-16,new01,1056,9104178,Parkway,4.359999999999999,0.0,tip01,17.59,83Salad,14.0
2026-08-03,2026-08-16,new01,1056,9104187,Parkway,6.800000000000001,0.0,tip01,27.44,83Salad,14.0
2026-08-03,2026-08-16,new01,1057,9099361,,4.3,0.0,tip01,18.09,70Server,13.0
2026-08-03,2026-08-16,new01,1057,9099361,,26.449999999999996,0.0,tip01,111.28,80Expo,13.0
2026-08-03,2026-08-16,new01,1057,9099361,,17.31,0.0,tip01,72.82,86Sandwich,13.0
2026-08-03,2026-08-16,new01,1057,9099388,,8.95,0.0,tip01,37.65,80Expo,14.0
2026-08-03,2026-08-16,new01,1057,9099388,,45.699999999999996,0.0,tip01,192.26,82Prep,14.0
2026-08-03,2026-08-16,new01,1057,9099392,,64.81,0.0,tip01,272.66,107Utility,14.0
2026-08-03,2026-08-16,new01,1057,9099564,,34.29,0.0,tip01,144.26,7CerTrainr,15.0
2026-08-03,2026-08-16,new01,1057,9101930,,7.859999999999999,0.0,tip01,33.07,83Salad,13.0
2026-08-03,2026-08-16,new01,1057,9101930,,35.510000000000005,0.0,tip01,149.39,86Sandwich,13.0
2026-08-03,2026-08-16,new01,1057,9102210,,41.55,0.0,tip01,174.79,80Expo,14.0
2026-08-03,2026-08-16,new01,1057,9102210,,7.539999999999999,0.0,tip01,31.72,81Dish,14.0
2026-08-03,2026-08-16,new01,1057,9102210,,9.370000000000001,0.0,tip01,39.42,84Pizza,14.0
2026-08-03,2026-08-16,new01,1057,9102210,,19.310000000000002,0.26,tip01,82.33,86Sandwich,14.0
2026-08-03,2026-08-16,new01,1057,9102451,,69.76,0.0,tip01,293.48,7CerTrainr,14.0
2026-08-03,2026-08-16,new01,1057,9102485,,7.99,0.0,tip01,33.62,81Dish,13.0
2026-08-03,2026-08-16,new01,1057,9102485,,23.66,0.0,tip01,99.54,83Salad,13.0
2026-08-03,2026-08-16,new01,1057,9102485,,18.91,0.0,tip01,79.55,84Pizza,13.0
2026-08-03,2026-08-16,new01,1057,9102616,,12.799999999999999,0.0,tip01,53.85,74DRAttend,13.0
2026-08-03,2026-08-16,new01,1057,9102616,,3.5,0.0,tip01,14.72,81Dish,13.0
2026-08-03,2026-08-16,new01,1057,9102616,,10.74,0.0,tip01,45.18,86Sandwich,13.0
2026-08-03,2026-08-16,new01,1057,9102683,,8.97,0.0,tip01,37.74,70Server,12.5
2026-08-03,2026-08-16,new01,1057,9102683,,10.84,0.0,tip01,45.61,84Pizza,12.5
2026-08-03,2026-08-16,new01,1057,9102701,,15.05,0.0,tip01,63.32,107Utility,12.0
2026-08-03,2026-08-16,new01,1057,9102701,,9.42,0.0,tip01,39.63,74DRAttend,12.0
2026-08-03,2026-08-16,new01,1057,9102701,,11.32,0.0,tip01,47.62,81Dish,12.0
2026-08-03,2026-08-16,new01,1057,9102701,,30.12,0.0,tip01,126.72,86Sandwich,12.0
2026-08-03,2026-08-16,new01,1057,9102718,,10.95,0.0,tip01,46.07,74DRAttend,11.5
2026-08-03,2026-08-16,new01,1057,9102722,,9.64,0.0,tip01,40.55,81Dish,12.0
2026-08-03,2026-08-16,new01,1057,9102722,,9.17,0.0,tip01,38.58,83Salad,12.0
2026-08-03,2026-08-16,new01,1057,9103154,,4.79,0.0,tip01,20.15,70Server,12.0
2026-08-03,2026-08-16,new01,1057,9103154,,20.599999999999998,0.0,tip01,86.67,81Dish,12.0
2026-08-03,2026-08-16,new01,1057,9103154,,36.17,0.0,tip01,152.17,84Pizza,12.0
2026-08-03,2026-08-16,new01,1057,9103904,,50.76,0.0,tip01,213.54,70Server,11.0
2026-08-03,2026-08-16,new01,1057,9103962,,41.95,0.0,tip01,176.48,82Prep,13.0
2026-08-03,2026-08-16,new01,1057,9103962,,12.51,0.0,tip01,52.63,83Salad,13.0
2026-08-03,2026-08-16,new01,1057,9103962,,4.43,0.0,tip01,18.64,84Pizza,13.0
2026-08-03,2026-08-16,new01,1057,9103986,,60.019999999999996,0.0,tip01,252.50,5ShiftLead,17.0
2026-08-03,2026-08-16,new01,1057,9104014,,15.87,0.0,tip01,66.76,40Training,12.0
2026-08-03,2026-08-16,new01,1057,9104014,,4.28,0.0,tip01,18.01,41Training,12.0
2026-08-03,2026-08-16,new01,1057,9104014,,47.65,0.0,tip01,200.46,70Server,12.0
2026-08-03,2026-08-16,new01,1057,9104014,,4.61,0.0,tip01,19.39,86Sandwich,12.0
2026-08-03,2026-08-16,new01,1057,9104015,,32.2,0.0,tip01,135.46,83Salad,11.0
2026-08-03,2026-08-16,new01,1057,9104130,,66.78999999999999,0.0,tip01,280.99,70Server,12.0
2026-08-03,2026-08-16,new01,1057,9104182,,59.09,0.0,tip01,248.58,82Prep,11.0
2026-08-03,2026-08-16,new01,1057,9104195,,14.79,0.0,tip01,62.22,70Server,11.0
2026-08-03,2026-08-16,new01,1060,9100210,,25.9,0.0,tip01,102.34,70Server,11.0
2026-08-03,2026-08-16,new01,1060,9100227,,28.36,0.0,tip01,112.06,5ShiftLead,15.0
2026-08-03,2026-08-16,new01,1060,9100227,,2.97,0.0,tip01,11.74,70Server,15.0
2026-08-03,2026-08-16,new01,1060,9100227,,21.7,0.0,tip01,85.75,86Sandwich,15.0
2026-08-03,2026-08-16,new01,1060,9100230,,14.59,0.0,tip01,57.66,70Server,11.0
2026-08-03,2026-08-16,new01,1060,9100230,,3.54,0.0,tip01,13.99,80Expo,11.0
2026-08-03,2026-08-16,new01,1060,9100230,,19.369999999999997,0.0,tip01,76.55,83Salad,11.0
2026-08-03,2026-08-16,new01,1060,9100230,,2.45,0.0,tip01,9.68,84Pizza,11.0
2026-08-03,2026-08-16,new01,1060,9100230,,9.07,0.0,tip01,35.85,86Sandwich,11.0
2026-08-03,2026-08-16,new01,1060,9100235,,13.929999999999998,0.0,tip01,55.05,80Expo,11.0
2026-08-03,2026-08-16,new01,1060,9100247,,20.98,0.0,tip01,82.90,81Dish,12.5
2026-08-03,2026-08-16,new01,1060,9100247,,58.94,2.77,tip01,243.86,86Sandwich,12.5
2026-08-03,2026-08-16,new01,1060,9100778,,53.99999999999999,0.0,tip01,213.37,5ShiftLead,15.0
2026-08-03,2026-08-16,new01,1060,9101333,,54.11,0.0,tip01,213.83,82Prep,12.0
2026-08-03,2026-08-16,new01,1060,9101334,,40.699999999999996,0.0,tip01,160.83,80Expo,11.0
2026-08-03,2026-08-16,new01,1060,9101334,,3.51,0.0,tip01,13.87,86Sandwich,11.0
2026-08-03,2026-08-16,new01,1060,9101961,,15.600000000000001,0.0,tip01,61.64,70Server,11.0
2026-08-03,2026-08-16,new01,1060,9101961,,53.36999999999999,0.0,tip01,210.89,83Salad,11.0
2026-08-03,2026-08-16,new01,1060,9102935,,62.03999999999999,0.0,tip01,245.15,5ShiftLead,15.0
2026-08-03,2026-08-16,new01,1060,9102997,,29.060000000000002,0.0,tip01,114.84,81Dish,10.0
2026-08-03,2026-08-16,new01,1060,9103210,,19.419999999999998,0.0,tip01,76.73,86Sandwich,10.0
2026-08-03,2026-08-16,new01,1060,9103285,,3.41,0.0,tip01,13.47,81Dish,10.0
2026-08-03,2026-08-16,new01,1060,9103285,,27.51,0.0,tip01,108.71,84Pizza,10.0
2026-08-03,2026-08-16,new01,1060,9103367,,23.64,0.0,tip01,93.41,81Dish,11.0
2026-08-03,2026-08-16,new01,1060,9103410,,31.109999999999996,0.0,tip01,122.95,70Server,11.0
2026-08-03,2026-08-16,new01,1060,9103410,,18.849999999999998,0.0,tip01,74.48,83Salad,11.0
2026-08-03,2026-08-16,new01,1060,9103737,,34.07,0.0,tip01,134.63,80Expo,10.0
2026-08-03,2026-08-16,new01,1060,9103878,,31.220000000000002,0.0,tip01,123.37,82Prep,12.0
2026-08-03,2026-08-16,new01,1060,9103931,,17.91,0.0,tip01,70.77,84Pizza,10.0
2026-08-03,2026-08-16,new01,1060,9103950,,20.06,0.0,tip01,79.26,70Server,10.0
2026-08-03,2026-08-16,new01,1060,9104009,,33.5,0.0,tip01,132.37,70Server,10.0
2026-08-03,2026-08-16,new01,1060,9104086,,16.08,0.0,tip01,63.55,70Server,10.0
2026-08-03,2026-08-16,new01,1060,9104120,,15.68,0.0,tip01,61.96,81Dish,10.0
2026-08-03,2026-08-16,new01,1060,9104138,,14.92,0.0,tip01,58.95,81Dish,10.0
2026-08-03,2026-08-16,new01,1060,9104205,,6.880000000000001,0.0,tip01,27.19,81Dish,10.0
2026-08-03,2026-08-16,new01,1061,9100458,,68.08,0.0,tip01,390.67,5ShiftLead,17.5
2026-08-03,2026-08-16,new01,1061,9100459,,38.58,0.0,tip01,221.38,70Server,13.0
2026-08-03,2026-08-16,new01,1061,9100464,,50.64,0.0,tip01,290.61,84Pizza,12.75
2026-08-03,2026-08-16,new01,1061,9100466,,45.54,0.0,tip01,261.35,5ShiftLead,17.5
2026-08-03,2026-08-16,new01,1061,9100466,,6.87,0.0,tip01,39.42,72CaterTL,17.5
2026-08-03,2026-08-16,new01,1061,9100473,,5.68,0.0,tip01,32.59,5ShiftLead,15.25
2026-08-03,2026-08-16,new01,1061,9100473,,39.4,0.0,tip01,226.10,82Prep,15.25
2026-08-03,2026-08-16,new01,1061,9100473,,3.89,0.0,tip01,22.32,83Salad,15.25
2026-08-03,2026-08-16,new01,1061,9100473,,7.84,0.0,tip01,44.99,84Pizza,15.25
2026-08-03,2026-08-16,new01,1061,9100476,,4.98,0.0,tip01,28.58,5ShiftLead,16.5
2026-08-03,2026-08-16,new01,1061,9100476,,19.18,0.0,tip01,110.07,83Salad,16.5
2026-08-03,2026-08-16,new01,1061,9100476,,3.72,0.0,tip01,21.35,84Pizza,16.5
2026-08-03,2026-08-16,new01,1061,9100476,,36.03,0.0,tip01,206.76,86Sandwich,16.5
2026-08-03,2026-08-16,new01,1061,9100680,,27.389999999999997,0.0,tip01,157.18,70Server,16.0
2026-08-03,2026-08-16,new01,1061,9100680,,24.74,0.0,tip01,141.97,83Salad,16.0
2026-08-03,2026-08-16,new01,1061,9100680,,8.64,0.0,tip01,49.58,86Sandwich,16.0
2026-08-03,2026-08-16,new01,1061,9100899,,10.469999999999999,0.0,tip01,60.08,81Dish,14.5
2026-08-03,2026-08-16,new01,1061,9100899,,58.54,0.0,tip01,335.94,86Sandwich,14.5
2026-08-03,2026-08-16,new01,1061,9101159,,52.61000000000001,0.0,tip01,301.90,84Pizza,13.5
2026-08-03,2026-08-16,new01,1061,9101239,,40.43,0.0,tip01,232.00,70Server,13.0
2026-08-03,2026-08-16,new01,1061,9101239,,12.47,0.0,tip01,71.56,83Salad,13.0
2026-08-03,2026-08-16,new01,1061,9101756,,3.5300000000000002,0.0,tip01,20.26,107Utility,11.0
2026-08-03,2026-08-16,new01,1061,9102034,,37.39,0.0,tip01,214.57,70Server,12.5
2026-08-03,2026-08-16,new01,1061,9102589,,36.01,0.0,tip01,206.63,70Server,13.0
2026-08-03,2026-08-16,new01,1061,9102589,,24.810000000000002,0.0,tip01,142.37,81Dish,13.0
2026-08-03,2026-08-16,new01,1061,9103343,,14.86,0.0,tip01,85.27,70Server,11.5
2026-08-03,2026-08-16,new01,1061,9103462,,44.78,0.0,tip01,256.99,82Prep,12.5
2026-08-03,2026-08-16,new01,1061,9103531,,12.37,0.0,tip01,70.98,83Salad,14.5
2026-08-03,2026-08-16,new01,1061,9103531,,30.97,0.0,tip01,177.72,84Pizza,14.5
2026-08-03,2026-08-16,new01,1061,9103627,,36.489999999999995,0.0,tip01,209.40,81Dish,11.5
2026-08-03,2026-08-16,new01,1061,9103631,,36.42,0.0,tip01,208.99,70Server,11.5
2026-08-03,2026-08-16,new01,1061,9103638,,70.99000000000001,0.0,tip01,407.38,81Dish,12.0
2026-08-03,2026-08-16,new01,1061,9103701,,6.85,0.0,tip01,39.31,70Server,11.5
2026-08-03,2026-08-16,new01,1061,9103918,,27.609999999999996,0.0,tip01,158.45,70Server,11.5
2026-08-03,2026-08-16,new01,1061,9104028,,29.68,0.0,tip01,170.32,70Server,11.5
2026-08-03,2026-08-16,new01,1061,9104190,,6.02,0.0,tip01,34.55,40Training,12.0
2026-08-03,2026-08-16,new01,1061,9104190,,5.45,0.0,tip01,31.27,70Server,12.0
2026-08-03,2026-08-16,new01,1062,1793,MONTG,76.34,3.72,tip01,101.52,84Pizza,12.5
2026-08-03,2026-08-16,new01,1062,1803,MONTG,28.25,0.0,tip01,35.83,84Pizza,11.0
2026-08-03,2026-08-16,new01,1062,1812,MONTG,78.80000000000001,0.0,tip01,99.91,82Prep,11.75
2026-08-03,2026-08-16,new01,1062,1813,MONTG,31.36,0.0,tip01,39.76,81Dish,11.0
2026-08-03,2026-08-16,new01,1062,1823,MONTG,59.19,0.0,tip01,75.05,84Pizza,11.25
2026-08-03,2026-08-16,new01,1062,1843,MONTG,50.06,0.0,tip01,63.49,82Prep,11.5
2026-08-03,2026-08-16,new01,1062,1858,MONTG,12.58,0.0,tip01,15.95,70Server,11.0
2026-08-03,2026-08-16,new01,1062,1865,MONTG,17.19,0.0,tip01,21.79,86Sandwich,10.5
2026-08-03,2026-08-16,new01,1062,1870,MONTG,18.81,0.0,tip01,23.86,83Salad,11.5
2026-08-03,2026-08-16,new01,1062,1870,MONTG,23.939999999999998,0.0,tip01,30.36,84Pizza,11.5
2026-08-03,2026-08-16,new01,1062,1870,MONTG,16.31,0.0,tip01,20.68,86Sandwich,11.5
2026-08-03,2026-08-16,new01,1062,1878,MONTG,80.00000000000001,17.48,tip01,123.61,5ShiftLead,19.0
2026-08-03,2026-08-16,new01,1062,1882,MONTG,14.91,0.0,tip01,18.91,83Salad,11.25
2026-08-03,2026-08-16,new01,1062,1884,MONTG,47.11,0.0,tip01,59.74,70Server,11.0
2026-08-03,2026-08-16,new01,1062,1891,MONTG,72.26,1.81,tip01,93.91,70Server,11.0
2026-08-03,2026-08-16,new01,1062,1895,MONTG,52.43,0.0,tip01,66.47,83Salad,11.0
2026-08-03,2026-08-16,new01,1062,1896,MONTG,80.0,32.62,tip01,142.79,5ShiftLead,19.0
2026-08-03,2026-08-16,new01,1062,1898,MONTG,20.64,0.0,tip01,26.16,86Sandwich,11.0
2026-08-03,2026-08-16,new01,1062,1903,MONTG,13.54,0.0,tip01,17.17,70Server,11.0
2026-08-03,2026-08-16,new01,1062,1906,MONTG,51.599999999999994,0.0,tip01,65.42,81Dish,11.0
2026-08-03,2026-08-16,new01,1062,1907,MONTG,47.65,0.0,tip01,60.41,84Pizza,11.0
2026-08-03,2026-08-16,new01,1062,1909,MONTG,33.769999999999996,0.0,tip01,42.81,83Salad,11.0
2026-08-03,2026-08-16,new01,1062,1910,MONTG,45.230000000000004,0.0,tip01,57.34,86Sandwich,11.0
2026-08-03,2026-08-16,new01,1062,1912,MONTG,23.65,0.0,tip01,29.99,70Server,11.0
2026-08-03,2026-08-16,new01,1062,1913,MONTG,14.04,0.0,tip01,17.80,81Dish,11.0
2026-08-03,2026-08-16,new01,1062,2016,MONTG,12.42,0.0,tip01,15.75,72CaterTL,0.0
2026-08-03,2026-08-16,new01,1062,2091,MONTG,70.55,12.97,tip01,105.90,5ShiftLead,18.22
2026-08-03,2026-08-16,new01,1062,4238,MONTG,79.99999999999999,16.74,tip01,122.66,5ShiftLead,20.24
2026-08-03,2026-08-16,new01,1063,,,67.41999999999999,0.0,tip01,334.34,7CerTrainr,17.0
2026-08-03,2026-08-16,new01,1063,141,,19.37,0.0,tip01,96.06,7CerTrainr,16.15
2026-08-03,2026-08-16,new01,1063,3864,,41.14,0.0,tip01,204.02,81Dish,15.0
2026-08-03,2026-08-16,new01,1063,536,,68.23,0.0,tip01,338.35,81Dish,15.25
2026-08-03,2026-08-16,new01,1063,546,,7.88,0.0,tip01,39.08,86Sandwich,16.0
2026-08-03,2026-08-16,new01,1063,582,,48.989999999999995,0.0,tip01,242.94,70Server,15.0
2026-08-03,2026-08-16,new01,1063,594,,45.910000000000004,0.0,tip01,227.67,7CerTrainr,15.65
2026-08-03,2026-08-16,new01,1063,650,,17.16,0.0,tip01,85.10,81Dish,15.0
2026-08-03,2026-08-16,new01,1063,655,,37.23,0.0,tip01,184.63,84Pizza,15.0
2026-08-03,2026-08-16,new01,1063,689,,4.51,0.0,tip01,22.36,70Server,15.0
2026-08-03,2026-08-16,new01,1063,689,,4.85,0.0,tip01,24.05,70Server,15.5
2026-08-03,2026-08-16,new01,1063,701,,4.32,0.0,tip01,21.43,70Server,15.0
2026-08-03,2026-08-16,new01,1063,731,,31.14,0.0,tip01,154.42,70Server,15.0
2026-08-03,2026-08-16,new01,1063,732,,35.02,0.0,tip01,173.66,7CerTrainr,15.5
2026-08-03,2026-08-16,new01,1063,733,,14.24,0.0,tip01,70.62,70Server,15.0
2026-08-03,2026-08-16,new01,1063,757,,17.86,0.0,tip01,88.56,81Dish,15.0
2026-08-03,2026-08-16,new01,1063,767,,17.409999999999997,0.0,tip01,86.34,70Server,14.5
2026-08-03,2026-08-16,new01,1063,768,,50.53,0.0,tip01,250.60,82Prep,15.5
2026-08-03,2026-08-16,new01,1063,782,,51.83,0.0,tip01,257.05,70Server,15.5
2026-08-03,2026-08-16,new01,1063,783,,12.469999999999999,0.0,tip01,61.84,70Server,15.0
2026-08-03,2026-08-16,new01,1063,784,,38.96,0.0,tip01,193.20,81Dish,15.0
2026-08-03,2026-08-16,new01,1063,787,,24.85,0.0,tip01,123.24,41Training,16.0
2026-08-03,2026-08-16,new01,1063,791,,63.459999999999994,0.0,tip01,314.70,70Server,14.5
2026-08-03,2026-08-16,new01,1063,795,,30.89,0.0,tip01,153.18,86Sandwich,15.0
2026-08-03,2026-08-16,new01,1063,798,,35.809999999999995,0.0,tip01,177.57,84Pizza,15.0
2026-08-03,2026-08-16,new01,1063,799,,23.76,0.0,tip01,117.83,70Server,14.5
2026-08-03,2026-08-16,new01,1063,800,,26.689999999999998,0.0,tip01,132.37,70Server,14.5
2026-08-03,2026-08-16,new01,1063,801,,15.79,0.0,tip01,78.31,86Sandwich,14.5
2026-08-03,2026-08-16,new01,1063,802,,3.07,0.0,tip01,15.22,70Server,14.5
2026-08-03,2026-08-16,new01,1063,803,,5.9399999999999995,0.0,tip01,29.45,83Salad,14.5
2026-08-03,2026-08-16,new01,1063,804,,7.57,0.0,tip01,37.54,83Salad,14.5
2026-08-03,2026-08-16,new01,1063,805,,14.619999999999997,0.0,tip01,72.49,70Server,14.5
2026-08-03,2026-08-16,new01,1063,806,,19.81,0.0,tip01,98.24,82Prep,15.0
2026-08-03,2026-08-16,new01,1063,807,,11.14,0.0,tip01,55.24,72CaterTL,15.5
2026-08-03,2026-08-16,new01,1063,808,,7.8500000000000005,0.0,tip01,38.92,81Dish,15.0
2026-08-03,2026-08-16,new01,1068,101,OPE,79.99999999999999,26.630000000000003,tip01,358.22,5ShiftLead,22.5
2026-08-03,2026-08-16,new01,1068,102,OPE,63.49,0.0,tip01,213.28,82Prep,13.5
2026-08-03,2026-08-16,new01,1068,2002,OPE,44.550000000000004,0.0,tip01,149.64,82Prep,12.5
2026-08-03,2026-08-16,new01,1068,2016,OPE,9.309999999999999,0.0,tip01,31.27,72CaterTL,0.0
2026-08-03,2026-08-16,new01,1068,2277,OPE,67.14,0.0,tip01,225.53,81Dish,13.0
2026-08-03,2026-08-16,new01,1068,2397,OPE,62.28,0.0,tip01,209.20,82Prep,13.5
2026-08-03,2026-08-16,new01,1068,3574,OPE,78.39,5.05,tip01,280.29,5ShiftLead,20.67
2026-08-03,2026-08-16,new01,1068,3610,OPE,38.84,0.0,tip01,130.48,81Dish,11.0
2026-08-03,2026-08-16,new01,1068,3642,OPE,64.00999999999998,0.0,tip01,215.00,83Salad,12.0
2026-08-03,2026-08-16,new01,1068,3657,OPE,76.03,2.38,tip01,263.39,5ShiftLead,16.5
2026-08-03,2026-08-16,new01,1068,3681,OPE,80.00000000000001,8.94,tip01,298.76,5ShiftLead,16.0
2026-08-03,2026-08-16,new01,1068,3685,OPE,29.119999999999997,0.0,tip01,97.81,81Dish,11.0
2026-08-03,2026-08-16,new01,1068,3689,OPE,54.699999999999996,0.0,tip01,183.75,70Server,11.0
2026-08-03,2026-08-16,new01,1068,3695,OPE,44.54999999999999,0.0,tip01,149.67,74DRAttend,11.0
2026-08-03,2026-08-16,new01,1068,3708,OPE,56.15,0.0,tip01,188.62,84Pizza,11.5
2026-08-03,2026-08-16,new01,1068,3717,OPE,43.47,0.0,tip01,146.02,70Server,11.0
2026-08-03,2026-08-16,new01,1068,3718,OPE,4.14,0.0,tip01,13.91,84Pizza,13.0
2026-08-03,2026-08-16,new01,1068,3718,OPE,41.989999999999995,0.0,tip01,141.06,86Sandwich,13.0
2026-08-03,2026-08-16,new01,1068,3719,OPE,26.380000000000003,0.0,tip01,88.62,70Server,11.0
2026-08-03,2026-08-16,new01,1068,3721,OPE,36.82,0.0,tip01,123.68,74DRAttend,11.0
2026-08-03,2026-08-16,new01,1068,3722,OPE,56.87,0.0,tip01,191.04,86Sandwich,11.0
2026-08-03,2026-08-16,new01,1068,3723,OPE,35.99,0.0,tip01,120.89,70Server,12.0
2026-08-03,2026-08-16,new01,1068,3725,OPE,22.16,0.0,tip01,74.44,74DRAttend,11.0
2026-08-03,2026-08-16,new01,1068,3729,OPE,48.09,0.0,tip01,161.54,70Server,11.0
2026-08-03,2026-08-16,new01,1068,3730,OPE,21.119999999999997,0.0,tip01,70.94,70Server,11.0
2026-08-03,2026-08-16,new01,1068,3731,OPE,31.52,0.0,tip01,105.89,86Sandwich,11.0
2026-08-03,2026-08-16,new01,1068,3733,OPE,54.2,0.0,tip01,182.06,70Server,11.0
2026-08-03,2026-08-16,new01,1068,3734,OPE,4.45,0.0,tip01,14.95,84Pizza,13.0
2026-08-03,2026-08-16,new01,1068,3736,OPE,3.0,0.0,tip01,10.08,70Server,11.0
2026-08-03,2026-08-16,new01,1068,3738,OPE,28.79,0.0,tip01,96.73,84Pizza,13.0
2026-08-03,2026-08-16,new01,1068,9996,OPE,60.789999999999985,0.0,tip01,204.19,83Salad,11.5
2026-08-03,2026-08-16,new01,1069,3000369,S. University,7.99,0.0,tip01,28.04,70Server,11.0
2026-08-03,2026-08-16,new01,1069,3000369,S. University,13.860000000000001,0.0,tip01,48.64,84Pizza,11.0
2026-08-03,2026-08-16,new01,1069,4000013,S. University,23.06,0.0,tip01,80.93,80Expo,12.98
2026-08-03,2026-08-16,new01,1069,4000039,S. University,18.23,0.0,tip01,63.98,80Expo,13.04
2026-08-03,2026-08-16,new01,1069,4000039,S. University,16.36,0.0,tip01,57.41,83Salad,13.04
2026-08-03,2026-08-16,new01,1069,4000095,S. University,66.23,0.0,tip01,232.47,86Sandwich,12.25
2026-08-03,2026-08-16,new01,1069,4000114,S. University,19.259999999999998,0.0,tip01,67.61,80Expo,12.48
2026-08-03,2026-08-16,new01,1069,4000114,S. University,3.37,0.0,tip01,11.83,84Pizza,12.48
2026-08-03,2026-08-16,new01,1069,4000114,S. University,8.86,0.0,tip01,31.09,86Sandwich,12.48
2026-08-03,2026-08-16,new01,1069,4000124,S. University,75.67000000000002,0.0,tip01,265.59,5ShiftLead,0.0
2026-08-03,2026-08-16,new01,1069,4000176,S. University,41.11,0.0,tip01,144.28,72CaterTL,12.0
2026-08-03,2026-08-16,new01,1069,4000176,S. University,23.490000000000002,0.0,tip01,82.45,81Dish,12.0
2026-08-03,2026-08-16,new01,1069,4000196,S. University,16.9,0.0,tip01,59.31,70Server,11.33
2026-08-03,2026-08-16,new01,1069,4000199,S. University,4.94,0.0,tip01,17.34,80Expo,13.65
2026-08-03,2026-08-16,new01,1069,4000199,S. University,13.690000000000001,0.0,tip01,48.05,83Salad,13.65
2026-08-03,2026-08-16,new01,1069,4000199,S. University,12.69,0.0,tip01,44.55,84Pizza,13.65
2026-08-03,2026-08-16,new01,1069,4000199,S. University,24.26,0.0,tip01,85.14,86Sandwich,13.65
2026-08-03,2026-08-16,new01,1069,4000204,S. University,14.379999999999999,0.0,tip01,50.47,80Expo,12.5
2026-08-03,2026-08-16,new01,1069,4000204,S. University,13.07,0.0,tip01,45.87,86Sandwich,12.5
2026-08-03,2026-08-16,new01,1069,4000205,S. University,49.3,0.0,tip01,173.02,7CerTrainr,12.5
2026-08-03,2026-08-16,new01,1069,4000211,S. University,23.6,0.0,tip01,82.83,70Server,11.5
2026-08-03,2026-08-16,new01,1069,4000211,S. University,30.05,0.0,tip01,105.46,80Expo,11.5
2026-08-03,2026-08-16,new01,1069,4000216,S. University,32.900000000000006,0.0,tip01,115.47,81Dish,11.0
2026-08-03,2026-08-16,new01,1069,4000220,S. University,51.980000000000004,0.0,tip01,182.45,84Pizza,11.0
2026-08-03,2026-08-16,new01,1069,4000220,S. University,7.9,0.0,tip01,27.72,86Sandwich,11.0
2026-08-03,2026-08-16,new01,1069,4000226,S. University,20.020000000000003,0.0,tip01,70.27,41Training,11.0
2026-08-03,2026-08-16,new01,1069,4000226,S. University,11.87,0.0,tip01,41.66,74DRAttend,11.0
2026-08-03,2026-08-16,new01,1069,4000236,S. University,53.03,0.0,tip01,186.11,70Server,11.0
2026-08-03,2026-08-16,new01,1069,4000238,S. University,20.75,0.0,tip01,72.82,40Training,11.0
2026-08-03,2026-08-16,new01,1069,4000238,S. University,20.400000000000002,0.0,tip01,71.59,83Salad,11.0
2026-08-03,2026-08-16,new01,1069,4000241,S. University,34.239999999999995,0.0,tip01,120.16,72CaterTL,11.0
2026-08-03,2026-08-16,new01,1069,4000244,S. University,56.83,0.0,tip01,199.44,86Sandwich,11.0
2026-08-03,2026-08-16,new01,1069,4000246,S. University,28.82,0.0,tip01,101.15,81Dish,11.0
2026-08-03,2026-08-16,new01,1069,4000247,S. University,34.48,0.0,tip01,121.01,83Salad,11.0
2026-08-03,2026-08-16,new01,1069,4000248,S. University,57.21,0.0,tip01,200.77,70Server,11.0
2026-08-03,2026-08-16,new01,1069,4000248,S. University,46.31,0.0,tip01,162.54,81Dish,11.0
2026-08-03,2026-08-16,new01,1069,6000144,S. University,48.85,0.0,tip01,171.45,70Server,13.66
2026-08-03,2026-08-16,new01,1069,6000144,S. University,15.11,0.0,tip01,53.04,83Salad,13.66
2026-08-03,2026-08-16,new01,1069,6001170,S. University,65.28,0.0,tip01,229.10,82Prep,13.72
2026-08-03,2026-08-16,new01,1072,AKPOST,,31.29,0.0,tip01,143.22,86Sandwich,10.0
2026-08-03,2026-08-16,new01,1072,ALACY20,,2.49,0.0,tip01,11.40,70Server,11.5
2026-08-03,2026-08-16,new01,1072,ALACY20,,16.82,0.0,tip01,76.99,83Salad,11.5
2026-08-03,2026-08-16,new01,1072,ALACY20,,8.969999999999999,0.0,tip01,41.06,84Pizza,11.5
2026-08-03,2026-08-16,new01,1072,APYOUNG1,,48.839999999999996,0.0,tip01,223.56,72CaterTL,15.0
2026-08-03,2026-08-16,new01,1072,BLEWIS302,,67.34,1.53,tip01,315.24,70Server,10.0
2026-08-03,2026-08-16,new01,1072,CLBANKS5,,16.11,0.0,tip01,73.74,83Salad,10.0
2026-08-03,2026-08-16,new01,1072,CSANDERS223,,33.42,0.0,tip01,152.97,82Prep,7.25
2026-08-03,2026-08-16,new01,1072,DBROWN1262,,76.32999999999998,1.55,tip01,356.49,81Dish,10.5
2026-08-03,2026-08-16,new01,1072,DMARCUS4,,13.100000000000001,0.0,tip01,59.96,84Pizza,11.0
2026-08-03,2026-08-16,new01,1072,DMARCUS4,,42.08,0.0,tip01,192.62,86Sandwich,11.0
2026-08-03,2026-08-16,new01,1072,ELKELSEY,,31.97,0.0,tip01,146.33,82Prep,10.0
2026-08-03,2026-08-16,new01,1072,GESMITH21,,33.82000000000001,0.0,tip01,154.81,81Dish,10.0
2026-08-03,2026-08-16,new01,1072,JAJONES118,,10.32,0.0,tip01,47.24,81Dish,10.0
2026-08-03,2026-08-16,new01,1072,JDSWEENEY,,3.72,0.0,tip01,17.03,70Server,13.0
2026-08-03,2026-08-16,new01,1072,JGPOSEY,,46.31999999999999,0.0,tip01,212.02,70Server,9.0
2026-08-03,2026-08-16,new01,1072,JKMIXON,,34.1,0.0,tip01,156.08,70Server,11.0
2026-08-03,2026-08-16,new01,1072,JKMIXON,,4.54,0.0,tip01,20.78,83Salad,11.0
2026-08-03,2026-08-16,new01,1072,JLBALDWIN6,,80.0,0.67,tip01,369.27,7CerTrainr,13.0
2026-08-03,2026-08-16,new01,1072,JLMAXWELL4,,9.74,0.0,tip01,44.58,82Prep,10.0
2026-08-03,2026-08-16,new01,1072,JNHUDSON4,,35.67,0.0,tip01,163.27,84Pizza,14.0
2026-08-03,2026-08-16,new01,1072,KRUSS4,,4.54,0.0,tip01,20.78,84Pizza,14.0
2026-08-03,2026-08-16,new01,1072,KRUSS4,,45.06999999999999,0.0,tip01,206.30,86Sandwich,14.0
2026-08-03,2026-08-16,new01,1072,LFRAZIER49,,74.48,0.0,tip01,340.93,5ShiftLead,0.0
2026-08-03,2026-08-16,new01,1072,MFISHER94,,16.65,0.0,tip01,76.20,74DRAttend,9.5
2026-08-03,2026-08-16,new01,1072,MJMARTIN23,,11.24,0.0,tip01,51.45,70Server,10.0
2026-08-03,2026-08-16,new01,1072,NJHARRELL2,,21.77,0.0,tip01,99.64,86Sandwich,10.0
2026-08-03,2026-08-16,new01,1072,NJONES359,,41.61,0.0,tip01,190.47,83Salad,12.0
2026-08-03,2026-08-16,new01,1072,RGOLSTON3,,61.72999999999999,0.0,tip01,282.54,82Prep,11.0
2026-08-03,2026-08-16,new01,1072,RPEREZ352,,59.459999999999994,0.0,tip01,272.17,82Prep,15.0
2026-08-03,2026-08-16,new01,1072,RSAMUEL23,,24.14,0.0,tip01,110.50,86Sandwich,10.0
2026-08-03,2026-08-16,new01,1072,SCAU,,47.67,0.0,tip01,218.20,74DRAttend,10.0
2026-08-03,2026-08-16,new01,1072,SLHARRIS30,,24.32,0.0,tip01,111.31,81Dish,12.25
2026-08-03,2026-08-16,new01,1072,SMOODY34,,13.61,0.0,tip01,62.30,74DRAttend,7.25
2026-08-03,2026-08-16,new01,1072,TELLIS104,,75.74,0.0,tip01,346.68,7CerTrainr,14.5
2026-08-03,2026-08-16,new01,1072,WHYMAN4,,13.100000000000001,0.0,tip01,59.96,74DRAttend,7.25
2026-08-03,2026-08-16,new01,1072,WLIAN,,25.95,0.0,tip01,118.78,70Server,10.0
2026-08-03,2026-08-16,new01,1072,WLIAN,,4.98,0.0,tip01,22.80,84Pizza,10.25
2026-08-03,2026-08-16,new01,1073,,,9.06,0.0,tip01,37.61,5ShiftLead,0.0
2026-08-03,2026-08-16,new01,1073,,,30.77,0.0,tip01,127.76,70Server,12.0
2026-08-03,2026-08-16,new01,1073,8000002,,34.36,0.0,tip01,142.66,70Server,13.75
2026-08-03,2026-08-16,new01,1073,8000003,,55.62,0.0,tip01,230.92,74DRAttend,12.0
2026-08-03,2026-08-16,new01,1073,8000005,,10.36,0.0,tip01,43.02,70Server,12.0
2026-08-03,2026-08-16,new01,1073,8000006,,15.579999999999998,0.0,tip01,64.68,86Sandwich,13.25
2026-08-03,2026-08-16,new01,1073,8000007,,79.44,0.0,tip01,329.83,82Prep,14.0
2026-08-03,2026-08-16,new01,1073,8000009,,43.53,0.71,tip01,183.68,5ShiftLead,0.0
2026-08-03,2026-08-16,new01,1073,8000009,,35.06,0.0,tip01,145.57,83Salad,12.0
2026-08-03,2026-08-16,new01,1073,8000010,,80.0,0.41,tip01,333.86,82Prep,14.0
2026-08-03,2026-08-16,new01,1073,8000013,,60.419999999999995,0.0,tip01,250.85,72CaterTL,12.0
2026-08-03,2026-08-16,new01,1073,8000015,,39.709999999999994,0.0,tip01,164.87,83Salad,14.25
2026-08-03,2026-08-16,new01,1073,8000016,,25.92,0.0,tip01,107.61,70Server,12.0
2026-08-03,2026-08-16,new01,1073,8000018,,13.850000000000001,0.0,tip01,57.50,70Server,12.0
2026-08-03,2026-08-16,new01,1073,8000020,,60.370000000000005,0.0,tip01,250.65,74DRAttend,14.0
2026-08-03,2026-08-16,new01,1073,8000023,,14.690000000000001,0.0,tip01,60.99,81Dish,12.0
2026-08-03,2026-08-16,new01,1073,8000023,,12.07,0.0,tip01,50.11,83Salad,12.0
2026-08-03,2026-08-16,new01,1073,8000023,,5.32,0.0,tip01,22.09,86Sandwich,12.0
2026-08-03,2026-08-16,new01,1073,8000024,,65.99,0.0,tip01,273.97,70Server,12.0
2026-08-03,2026-08-16,new01,1073,8000025,,27.240000000000002,0.0,tip01,113.10,70Server,12.0
2026-08-03,2026-08-16,new01,1073,8000026,,5.84,0.0,tip01,24.25,70Server,11.0
2026-08-03,2026-08-16,new01,1073,8000026,,5.51,0.0,tip01,22.88,86Sandwich,11.0
2026-08-03,2026-08-16,new01,1073,8000028,,47.580000000000005,0.0,tip01,197.53,86Sandwich,11.0
2026-08-03,2026-08-16,new01,1073,8000029,,48.96,0.0,tip01,203.28,70Server,11.0
2026-08-03,2026-08-16,new01,1073,8000032,,9.47,0.0,tip01,39.31,84Pizza,11.0
2026-08-03,2026-08-16,new01,1073,8000034,,9.879999999999999,0.0,tip01,41.02,70Server,11.0
2026-08-03,2026-08-16,new01,1075,9100531 ,,4.1899999999999995,0.0,tip01,22.55,80Expo,14.0
2026-08-03,2026-08-16,new01,1075,9100531 ,,2.63,0.0,tip01,14.15,84Pizza,14.0
2026-08-03,2026-08-16,new01,1075,9100531 ,,1.96,0.0,tip01,10.55,86Sandwich,14.0
2026-08-03,2026-08-16,new01,1075,9100543 ,,9.67,0.0,tip01,52.02,5ShiftLead,16.0
2026-08-03,2026-08-16,new01,1075,9100543 ,,10.26,0.0,tip01,55.20,83Salad,16.0
2026-08-03,2026-08-16,new01,1075,9100543 ,,10.899999999999999,0.0,tip01,58.65,84Pizza,16.0
2026-08-03,2026-08-16,new01,1075,9100543 ,,8.73,0.0,tip01,46.97,86Sandwich,16.0
2026-08-03,2026-08-16,new01,1075,9100544,,35.24,0.0,tip01,189.60,80Expo,14.0
2026-08-03,2026-08-16,new01,1075,9100544,,15.16,0.0,tip01,81.56,83Salad,14.0
2026-08-03,2026-08-16,new01,1075,9100548 ,,3.86,0.0,tip01,20.77,80Expo,15.0
2026-08-03,2026-08-16,new01,1075,9100548 ,,1.87,0.0,tip01,10.06,81Dish,15.0
2026-08-03,2026-08-16,new01,1075,9100548 ,,26.58,0.0,tip01,143.01,82Prep,15.0
2026-08-03,2026-08-16,new01,1075,9100548 ,,5.02,0.0,tip01,27.01,84Pizza,15.0
2026-08-03,2026-08-16,new01,1075,9100548 ,,8.280000000000001,0.0,tip01,44.55,86Sandwich,15.0
2026-08-03,2026-08-16,new01,1075,9100909,,29.63,0.0,tip01,159.42,84Pizza,16.0
2026-08-03,2026-08-16,new01,1075,9101412,,28.379999999999995,0.0,tip01,152.70,5ShiftLead,16.0
2026-08-03,2026-08-16,new01,1075,9101412,,3.98,0.0,tip01,21.41,80Expo,16.0
2026-08-03,2026-08-16,new01,1075,9101412,,7.5,0.0,tip01,40.35,84Pizza,16.0
2026-08-03,2026-08-16,new01,1075,9101412,,2.57,0.0,tip01,13.83,86Sandwich,16.0
2026-08-03,2026-08-16,new01,1075,9101676 ,,57.279999999999994,0.0,tip01,308.19,82Prep,15.0
2026-08-03,2026-08-16,new01,1075,9101701 ,,46.220000000000006,0.0,tip01,248.65,81Dish,14.0
2026-08-03,2026-08-16,new01,1075,9101783 ,,52.5,0.0,tip01,282.47,74DRAttend,15.0
2026-08-03,2026-08-16,new01,1075,9102402 ,,43.22,0.0,tip01,232.55,70Server,14.0
2026-08-03,2026-08-16,new01,1075,9102650 ,,6.34,0.0,tip01,34.11,81Dish,14.0
2026-08-03,2026-08-16,new01,1075,9102650 ,,14.34,0.0,tip01,77.15,82Prep,14.0
2026-08-03,2026-08-16,new01,1075,9102650 ,,45.74,0.0,tip01,246.13,86Sandwich,14.0
2026-08-03,2026-08-16,new01,1075,9103634,,23.939999999999998,0.0,tip01,128.79,70Server,15.0
2026-08-03,2026-08-16,new01,1075,9103680,,18.61,0.0,tip01,100.13,70Server,14.0
2026-08-03,2026-08-16,new01,1075,9103740,,20.82,0.0,tip01,112.02,70Server,14.0
2026-08-03,2026-08-16,new01,1075,9103786,,55.940000000000005,0.0,tip01,300.98,86Sandwich,14.0
2026-08-03,2026-08-16,new01,1075,9103943,,27.859999999999996,0.0,tip01,149.91,70Server,14.0
2026-08-03,2026-08-16,new01,1075,9103966,,17.6,0.0,tip01,94.70,70Server,14.0
2026-08-03,2026-08-16,new01,1075,9104002,,25.560000000000002,0.0,tip01,137.52,81Dish,15.0
2026-08-03,2026-08-16,new01,1075,9104084,,20.259999999999998,0.0,tip01,109.01,70Server,14.0
2026-08-03,2026-08-16,new01,1075,9104087,,12.379999999999999,0.0,tip01,66.61,70Server,14.5
2026-08-03,2026-08-16,new01,1075,9104110,,30.259999999999998,0.0,tip01,162.82,70Server,14.0
2026-08-03,2026-08-16,new01,1075,9104118,,23.749999999999996,0.0,tip01,127.80,81Dish,14.0
2026-08-03,2026-08-16,new01,1076,,West Monroe,57.699999999999996,5.17,tip01,173.55,74DRAttend,10.0
2026-08-03,2026-08-16,new01,1076,1017,West Monroe,78.80999999999999,1.45,tip01,221.57,82Prep,12.25
2026-08-03,2026-08-16,new01,1076,11,West Monroe,72.29,0.0,tip01,199.56,5ShiftLead,12.0
2026-08-03,2026-08-16,new01,1076,1244,West Monroe,11.76,0.0,tip01,32.47,74DRAttend,9.0
2026-08-03,2026-08-16,new01,1076,1722,West Monroe,27.130000000000006,0.0,tip01,74.90,70Server,9.75
2026-08-03,2026-08-16,new01,1076,1780,West Monroe,11.169999999999998,0.0,tip01,30.84,70Server,9.25
2026-08-03,2026-08-16,new01,1076,2016,West Monroe,25.339999999999996,0.0,tip01,69.95,70Server,9.25
2026-08-03,2026-08-16,new01,1076,2242,West Monroe,76.99000000000001,0.11,tip01,212.86,7CerTrainr,14.0
2026-08-03,2026-08-16,new01,1076,2357,West Monroe,2.38,0.0,tip01,6.57,70Server,10.5
2026-08-03,2026-08-16,new01,1076,2608,West Monroe,64.22,0.0,tip01,177.29,5ShiftLead,12.0
2026-08-03,2026-08-16,new01,1076,2869,West Monroe,30.700000000000003,0.0,tip01,84.76,84Pizza,9.0
2026-08-03,2026-08-16,new01,1076,3002,West Monroe,12.660000000000002,0.0,tip01,34.96,74DRAttend,9.0
2026-08-03,2026-08-16,new01,1076,3197,West Monroe,11.379999999999999,0.0,tip01,31.42,70Server,10.5
2026-08-03,2026-08-16,new01,1076,3197,West Monroe,66.74,2.39,tip01,190.84,83Salad,10.5
2026-08-03,2026-08-16,new01,1076,3369,West Monroe,59.089999999999996,0.0,tip01,163.12,74DRAttend,10.0
2026-08-03,2026-08-16,new01,1076,3413,West Monroe,26.89,0.0,tip01,74.22,70Server,9.0
2026-08-03,2026-08-16,new01,1076,3522,West Monroe,28.269999999999996,0.0,tip01,78.04,86Sandwich,9.0
2026-08-03,2026-08-16,new01,1076,3972,West Monroe,11.04,0.0,tip01,30.48,70Server,10.75
2026-08-03,2026-08-16,new01,1076,3972,West Monroe,51.13999999999999,0.0,tip01,141.17,80Expo,10.75
2026-08-03,2026-08-16,new01,1076,3972,West Monroe,8.99,0.0,tip01,24.82,84Pizza,10.75
2026-08-03,2026-08-16,new01,1076,4470,West Monroe,0.46,0.0,tip01,1.27,70Server,11.25
2026-08-03,2026-08-16,new01,1076,4470,West Monroe,72.19,0.0,tip01,199.28,80Expo,11.25
2026-08-03,2026-08-16,new01,1076,481,West Monroe,3.01,0.0,tip01,8.31,70Server,10.5
2026-08-03,2026-08-16,new01,1076,481,West Monroe,5.08,0.0,tip01,14.02,83Salad,10.5
2026-08-03,2026-08-16,new01,1076,5208,West Monroe,7.35,0.0,tip01,20.29,70Server,9.0
2026-08-03,2026-08-16,new01,1076,5208,West Monroe,43.800000000000004,0.0,tip01,120.93,86Sandwich,9.0
2026-08-03,2026-08-16,new01,1076,528,West Monroe,6.279999999999999,0.0,tip01,17.33,70Server,9.0
2026-08-03,2026-08-16,new01,1076,528,West Monroe,4.0,0.0,tip01,11.04,86Sandwich,9.0
2026-08-03,2026-08-16,new01,1076,5472,West Monroe,14.31,0.0,tip01,39.50,70Server,9.0
2026-08-03,2026-08-16,new01,1076,5477,West Monroe,10.200000000000001,0.0,tip01,28.16,70Server,10.25
2026-08-03,2026-08-16,new01,1076,5477,West Monroe,5.31,0.0,tip01,14.66,80Expo,10.25
2026-08-03,2026-08-16,new01,1076,5477,West Monroe,49.13000000000001,0.0,tip01,135.62,84Pizza,10.25
2026-08-03,2026-08-16,new01,1076,5723,West Monroe,13.909999999999998,0.0,tip01,38.39,70Server,9.0
2026-08-03,2026-08-16,new01,1076,581,West Monroe,13.52,0.0,tip01,37.32,70Server,10.0
2026-08-03,2026-08-16,new01,1076,581,West Monroe,3.48,0.0,tip01,9.61,74DRAttend,10.0
2026-08-03,2026-08-16,new01,1076,5915,West Monroe,27.22,0.0,tip01,75.13,70Server,9.0
2026-08-03,2026-08-16,new01,1076,5915,West Monroe,3.64,0.0,tip01,10.05,86Sandwich,9.0
2026-08-03,2026-08-16,new01,1076,6145,West Monroe,67.25000000000001,0.0,tip01,185.65,82Prep,9.0
2026-08-03,2026-08-16,new01,1076,6359,West Monroe,10.71,0.0,tip01,29.56,83Salad,9.0
2026-08-03,2026-08-16,new01,1076,6359,West Monroe,36.36,0.0,tip01,100.38,84Pizza,9.0
2026-08-03,2026-08-16,new01,1076,6693,West Monroe,51.25,0.0,tip01,141.49,86Sandwich,9.75
2026-08-03,2026-08-16,new01,1076,6789,West Monroe,56.4,0.0,tip01,155.69,5ShiftLead,14.5
2026-08-03,2026-08-16,new01,1076,6935,West Monroe,40.55,0.0,tip01,111.96,82Prep,9.25
2026-08-03,2026-08-16,new01,1076,709,West Monroe,68.87,1.7,tip01,194.84,86Sandwich,10.5
2026-08-03,2026-08-16,new01,1076,712,West Monroe,45.4,0.0,tip01,125.34,82Prep,9.0
2026-08-03,2026-08-16,new01,1076,7126,West Monroe,28.959999999999997,0.0,tip01,79.94,70Server,9.5
2026-08-03,2026-08-16,new01,1076,7512,West Monroe,11.8,0.0,tip01,32.58,70Server,9.25
2026-08-03,2026-08-16,new01,1076,7512,West Monroe,10.030000000000001,0.0,tip01,27.69,84Pizza,9.25
2026-08-03,2026-08-16,new01,1076,7597,West Monroe,32.540000000000006,0.0,tip01,89.84,74DRAttend,9.0
2026-08-03,2026-08-16,new01,1076,7621,West Monroe,17.77,0.0,tip01,49.06,83Salad,9.0
2026-08-03,2026-08-16,new01,1076,7835,West Monroe,30.95,0.0,tip01,85.44,82Prep,9.0
2026-08-03,2026-08-16,new01,1076,7872,West Monroe,22.25,0.0,tip01,61.43,82Prep,9.0
2026-08-03,2026-08-16,new01,1076,7964,West Monroe,29.090000000000003,0.0,tip01,80.32,70Server,9.25
2026-08-03,2026-08-16,new01,1076,79995,West Monroe,69.28,0.0,tip01,191.26,5ShiftLead,12.75
2026-08-03,2026-08-16,new01,1076,80041,West Monroe,25.95,0.0,tip01,71.63,84Pizza,10.0
2026-08-03,2026-08-16,new01,1076,80041,West Monroe,4.13,0.0,tip01,11.40,86Sandwich,10.0
2026-08-03,2026-08-16,new01,1076,8100,West Monroe,64.42,0.0,tip01,177.84,81Dish,9.25
2026-08-03,2026-08-16,new01,1076,8173,West Monroe,8.68,0.0,tip01,23.96,70Server,9.0
2026-08-03,2026-08-16,new01,1076,8173,West Monroe,13.45,0.0,tip01,37.13,84Pizza,9.0
2026-08-03,2026-08-16,new01,1076,835,West Monroe,35.900000000000006,0.0,tip01,99.11,84Pizza,9.0
2026-08-03,2026-08-16,new01,1076,8698,West Monroe,20.2,0.0,tip01,55.77,84Pizza,9.25
2026-08-03,2026-08-16,new01,1076,8811,West Monroe,31.669999999999998,0.0,tip01,87.43,70Server,9.25
2026-08-03,2026-08-16,new01,1076,8908,West Monroe,51.28999999999999,0.0,tip01,141.59,81Dish,13.0
2026-08-03,2026-08-16,new01,1076,898,West Monroe,42.91,0.0,tip01,118.47,70Server,9.0
2026-08-03,2026-08-16,new01,1076,97341,West Monroe,44.379999999999995,0.0,tip01,122.52,74DRAttend,9.75
2026-08-03,2026-08-16,new01,1076,97341,West Monroe,17.07,5.03,tip01,61.00,81Dish,9.75
2026-08-03,2026-08-16,new01,1076,97349,West Monroe,30.17,0.0,tip01,83.29,86Sandwich,9.75
2026-08-03,2026-08-16,new01,1076,97359,West Monroe,28.4,0.0,tip01,78.39,70Server,9.25
2026-08-03,2026-08-16,new01,1076,97359,West Monroe,3.19,0.0,tip01,8.81,84Pizza,9.25
2026-08-03,2026-08-16,new01,1076,97359,West Monroe,11.959999999999999,0.0,tip01,33.02,86Sandwich,9.25
2026-08-03,2026-08-16,new01,1079,0907,Ruston,57.07,0.0,tip01,176.65,70Server,9.0
2026-08-03,2026-08-16,new01,1079,124,Ruston,6.25,0.0,tip01,19.35,70Server,11.0
2026-08-03,2026-08-16,new01,1079,124,Ruston,55.339999999999996,0.0,tip01,171.31,86Sandwich,11.0
2026-08-03,2026-08-16,new01,1079,1511,Ruston,17.05,0.0,tip01,52.78,82Prep,9.0
2026-08-03,2026-08-16,new01,1079,1988,Ruston,13.41,0.0,tip01,41.52,74DRAttend,10.0
2026-08-03,2026-08-16,new01,1079,1988,Ruston,25.370000000000005,0.0,tip01,78.53,81Dish,10.0
2026-08-03,2026-08-16,new01,1079,2162,Ruston,45.62,0.0,tip01,141.21,5ShiftLead,13.0
2026-08-03,2026-08-16,new01,1079,2162,Ruston,11.86,0.0,tip01,36.71,80Expo,13.0
2026-08-03,2026-08-16,new01,1079,2162,Ruston,11.239999999999998,0.0,tip01,34.79,84Pizza,13.0
2026-08-03,2026-08-16,new01,1079,2162,Ruston,6.79,0.0,tip01,21.02,86Sandwich,13.0
2026-08-03,2026-08-16,new01,1079,2579,Ruston,31.35,0.0,tip01,97.04,70Server,10.0
2026-08-03,2026-08-16,new01,1079,2703,Ruston,55.150000000000006,0.0,tip01,170.71,83Salad,9.0
2026-08-03,2026-08-16,new01,1079,305,Ruston,46.85,0.0,tip01,145.02,82Prep,10.0
2026-08-03,2026-08-16,new01,1079,3375,Ruston,45.24,0.0,tip01,140.02,84Pizza,11.0
2026-08-03,2026-08-16,new01,1079,4236,Ruston,77.03999999999999,3.77,tip01,250.14,72CaterTL,13.0
2026-08-03,2026-08-16,new01,1079,4444,Ruston,24.369999999999997,0.0,tip01,75.43,80Expo,12.0
2026-08-03,2026-08-16,new01,1079,4444,Ruston,4.72,0.0,tip01,14.61,84Pizza,12.0
2026-08-03,2026-08-16,new01,1079,4444,Ruston,2.99,0.0,tip01,9.26,86Sandwich,12.0
2026-08-03,2026-08-16,new01,1079,4609,Ruston,59.45,0.0,tip01,184.04,74DRAttend,11.0
2026-08-03,2026-08-16,new01,1079,4699,Ruston,42.77,0.0,tip01,132.39,70Server,9.0
2026-08-03,2026-08-16,new01,1079,5005,Ruston,12.11,0.0,tip01,37.49,70Server,10.0
2026-08-03,2026-08-16,new01,1079,5005,Ruston,17.869999999999997,0.0,tip01,55.31,82Prep,10.0
2026-08-03,2026-08-16,new01,1079,5119,Ruston,39.690000000000005,0.0,tip01,122.85,74DRAttend,9.0
2026-08-03,2026-08-16,new01,1079,5229,Ruston,25.909999999999997,0.0,tip01,80.20,83Salad,10.0
2026-08-03,2026-08-16,new01,1079,5229,Ruston,10.969999999999999,0.0,tip01,33.95,86Sandwich,10.0
2026-08-03,2026-08-16,new01,1079,599,Ruston,3.83,0.0,tip01,11.86,74DRAttend,10.0
2026-08-03,2026-08-16,new01,1079,599,Ruston,38.67,0.0,tip01,119.70,81Dish,10.0
2026-08-03,2026-08-16,new01,1079,6126,Ruston,14.299999999999999,0.0,tip01,44.27,70Server,10.0
2026-08-03,2026-08-16,new01,1079,6126,Ruston,5.84,0.0,tip01,18.08,81Dish,10.0
2026-08-03,2026-08-16,new01,1079,6126,Ruston,34.11,0.0,tip01,105.59,86Sandwich,10.0
2026-08-03,2026-08-16,new01,1079,6237,Ruston,8.49,0.0,tip01,26.28,70Server,9.0
2026-08-03,2026-08-16,new01,1079,6424,Ruston,11.54,0.0,tip01,35.72,82Prep,12.0
2026-08-03,2026-08-16,new01,1079,6424,Ruston,51.29,0.0,tip01,158.76,83Salad,12.0
2026-08-03,2026-08-16,new01,1079,6486,Ruston,15.790000000000001,0.0,tip01,48.87,84Pizza,9.0
2026-08-03,2026-08-16,new01,1079,6514,Ruston,5.52,0.0,tip01,17.09,70Server,9.5
2026-08-03,2026-08-16,new01,1079,6514,Ruston,24.87,0.0,tip01,76.99,84Pizza,9.5
2026-08-03,2026-08-16,new01,1079,6514,Ruston,19.33,0.0,tip01,59.84,86Sandwich,9.5
2026-08-03,2026-08-16,new01,1079,6593,Ruston,25.649999999999995,0.0,tip01,79.40,70Server,9.0
2026-08-03,2026-08-16,new01,1079,6786,Ruston,29.92,0.0,tip01,92.61,5ShiftLead,12.0
2026-08-03,2026-08-16,new01,1079,6786,Ruston,34.83,0.0,tip01,107.81,80Expo,12.0
2026-08-03,2026-08-16,new01,1079,6854,Ruston,53.35,1.95,tip01,171.17,5ShiftLead,13.0
2026-08-03,2026-08-16,new01,1079,6854,Ruston,16.119999999999997,0.0,tip01,49.89,80Expo,13.0
2026-08-03,2026-08-16,new01,1079,6854,Ruston,4.3,0.0,tip01,13.31,84Pizza,13.0
2026-08-03,2026-08-16,new01,1079,6982,Ruston,36.67,0.0,tip01,113.50,5ShiftLead,12.0
2026-08-03,2026-08-16,new01,1079,6982,Ruston,38.85,2.25,tip01,127.23,80Expo,12.0
2026-08-03,2026-08-16,new01,1079,7112,Ruston,61.01,0.0,tip01,188.85,70Server,12.0
2026-08-03,2026-08-16,new01,1079,7192,Ruston,39.519999999999996,0.0,tip01,122.33,70Server,9.0
2026-08-03,2026-08-16,new01,1079,7851,Ruston,71.19,12.3,tip01,258.43,5ShiftLead,14.0
2026-08-03,2026-08-16,new01,1079,7851,Ruston,8.81,0.0,tip01,27.27,82Prep,14.0
2026-08-03,2026-08-16,new01,1079,7952,Ruston,25.270000000000003,0.0,tip01,78.22,70Server,10.0
2026-08-03,2026-08-16,new01,1079,7952,Ruston,18.93,0.0,tip01,58.59,82Prep,10.0
2026-08-03,2026-08-16,new01,1079,7952,Ruston,7.44,0.0,tip01,23.03,84Pizza,10.0
2026-08-03,2026-08-16,new01,1079,79990,Ruston,14.62,0.0,tip01,45.25,70Server,12.0
2026-08-03,2026-08-16,new01,1079,79990,Ruston,28.82,0.0,tip01,89.22,80Expo,12.0
2026-08-03,2026-08-16,new01,1079,79999,Ruston,5.67,0.0,tip01,17.55,74DRAttend,11.0
2026-08-03,2026-08-16,new01,1079,79999,Ruston,12.64,0.0,tip01,39.12,81Dish,11.0
2026-08-03,2026-08-16,new01,1079,8506,Ruston,62.42000000000001,3.01,tip01,202.53,70Server,9.0
2026-08-03,2026-08-16,new01,1079,8697,Ruston,28.57,0.0,tip01,88.44,82Prep,9.0
2026-08-03,2026-08-16,new01,1079,97361,Ruston,18.740000000000002,0.0,tip01,58.00,70Server,10.0
2026-08-03,2026-08-16,new01,1079,97362,Ruston,4.82,0.0,tip01,14.92,70Server,9.0
2026-08-03,2026-08-16,new01,1079,9899,Ruston,48.6,0.0,tip01,150.45,86Sandwich,10.0
2026-08-03,2026-08-16,new01,1085,,,37.44,0.0,tip01,134.59,74DRAttend,10.0
2026-08-03,2026-08-16,new01,1085,7752,,64.02,0.0,tip01,230.15,86Sandwich,10.0
2026-08-03,2026-08-16,new01,1085,DABARCA2,,64.56,0.0,tip01,232.08,81Dish,12.0
2026-08-03,2026-08-16,new01,1085,DEGLOVER1,,79.61999999999999,2.75,tip01,296.11,5ShiftLead,0.0
2026-08-03,2026-08-16,new01,1085,DLEIVA7,,59.67,0.0,tip01,214.50,81Dish,10.0
2026-08-03,2026-08-16,new01,1085,DNVALLADARES,,63.019999999999996,0.0,tip01,226.54,82Prep,11.5
2026-08-03,2026-08-16,new01,1085,ELOPEZGONZALEZ1,,50.88,0.0,tip01,182.92,81Dish,10.0
2026-08-03,2026-08-16,new01,1085,GVBUCIO1,,80.0,25.360000000000003,tip01,378.75,5ShiftLead,0.0
2026-08-03,2026-08-16,new01,1085,KHERNANDEZ224,,63.190000000000005,1.95,tip01,234.19,81Dish,12.0
2026-08-03,2026-08-16,new01,1085,MCASTREJON2,,55.58,0.0,tip01,199.83,70Server,11.0
2026-08-03,2026-08-16,new01,1085,MLOPEZ697,,80.00000000000001,10.95,tip01,326.96,5ShiftLead,0.0
2026-08-03,2026-08-16,new01,1085,MREYES257,,39.89,0.0,tip01,143.40,83Salad,13.0
2026-08-03,2026-08-16,new01,1085,RGARCIA650,,37.63,0.0,tip01,135.28,70Server,10.0
2026-08-03,2026-08-16,new01,1087,9093741,Corporate,52.389999999999986,0.0,tip01,271.54,81Dish,11.75
2026-08-03,2026-08-16,new01,1087,9098073,Corporate,4.38,0.0,tip01,22.70,82Prep,11.5
2026-08-03,2026-08-16,new01,1087,9098073,Corporate,38.39,0.0,tip01,198.97,84Pizza,11.5
2026-08-03,2026-08-16,new01,1087,9098073,Corporate,26.659999999999997,0.0,tip01,138.18,86Sandwich,11.5
2026-08-03,2026-08-16,new01,1087,9098834,Corporate,35.28,0.0,tip01,182.86,81Dish,11.0
2026-08-03,2026-08-16,new01,1087,9098887,Corporate,70.08999999999999,0.0,tip01,363.26,80Expo,13.5
2026-08-03,2026-08-16,new01,1087,9100648,Corporate,49.36999999999999,0.0,tip01,255.88,5ShiftLead,16.0
2026-08-03,2026-08-16,new01,1087,9100648,Corporate,21.92,0.0,tip01,113.60,72CaterTL,15.0
2026-08-03,2026-08-16,new01,1087,9101074,Corporate,36.06,0.0,tip01,186.88,5ShiftLead,15.0
2026-08-03,2026-08-16,new01,1087,9101074,Corporate,5.59,0.0,tip01,28.97,82Prep,12.0
2026-08-03,2026-08-16,new01,1087,9101100,Corporate,2.28,0.0,tip01,11.82,5ShiftLead,15.0
2026-08-03,2026-08-16,new01,1087,9101100,Corporate,5.63,0.0,tip01,29.18,7CerTrainr,12.0
2026-08-03,2026-08-16,new01,1087,9101100,Corporate,17.55,0.0,tip01,90.96,80Expo,12.0
2026-08-03,2026-08-16,new01,1087,9101100,Corporate,5.09,0.0,tip01,26.38,83Salad,12.0
2026-08-03,2026-08-16,new01,1087,9101230,Corporate,47.300000000000004,0.0,tip01,245.15,5ShiftLead,15.0
2026-08-03,2026-08-16,new01,1087,9101230,Corporate,8.280000000000001,0.0,tip01,42.91,82Prep,15.0
2026-08-03,2026-08-16,new01,1087,9102122,Corporate,21.770000000000003,0.0,tip01,112.83,5ShiftLead,15.0
2026-08-03,2026-08-16,new01,1087,9102122,Corporate,40.730000000000004,0.0,tip01,211.09,82Prep,12.0
2026-08-03,2026-08-16,new01,1087,9102441,Corporate,4.94,0.0,tip01,25.60,70Server,10.0
2026-08-03,2026-08-16,new01,1087,9102441,Corporate,9.07,0.0,tip01,47.00,84Pizza,10.0
2026-08-03,2026-08-16,new01,1087,9102645,Corporate,8.39,0.0,tip01,43.48,72CaterTL,11.0
2026-08-03,2026-08-16,new01,1087,9102645,Corporate,10.34,0.0,tip01,53.59,82Prep,11.0
2026-08-03,2026-08-16,new01,1087,9102645,Corporate,4.42,0.0,tip01,22.91,84Pizza,11.0
2026-08-03,2026-08-16,new01,1087,9102655,Corporate,19.94,0.0,tip01,103.34,74DRAttend,11.0
2026-08-03,2026-08-16,new01,1087,9102655,Corporate,16.22,0.0,tip01,84.07,83Salad,11.0
2026-08-03,2026-08-16,new01,1087,9103008,Corporate,3.04,0.0,tip01,15.76,84Pizza,11.0
2026-08-03,2026-08-16,new01,1087,9103008,Corporate,62.230000000000004,0.0,tip01,322.51,86Sandwich,11.0
2026-08-03,2026-08-16,new01,1087,9103503,Corporate,19.88,0.0,tip01,103.04,74DRAttend,10.0
2026-08-03,2026-08-16,new01,1087,9103597,Corporate,36.97,0.0,tip01,191.61,74DRAttend,10.5
2026-08-03,2026-08-16,new01,1087,9103597,Corporate,3.25,0.0,tip01,16.84,81Dish,10.5
2026-08-03,2026-08-16,new01,1087,9103690,Corporate,14.379999999999999,0.0,tip01,74.52,74DRAttend,10.0
2026-08-03,2026-08-16,new01,1087,9103708,Corporate,9.3,0.0,tip01,48.20,70Server,10.0
2026-08-03,2026-08-16,new01,1087,9103708,Corporate,21.42,0.0,tip01,111.02,74DRAttend,10.0
2026-08-03,2026-08-16,new01,1087,9103708,Corporate,3.8,0.0,tip01,19.69,83Salad,10.0
2026-08-03,2026-08-16,new01,1087,9103733,Corporate,39.410000000000004,0.0,tip01,204.26,70Server,10.0
2026-08-03,2026-08-16,new01,1087,9103733,Corporate,7.28,0.0,tip01,37.73,83Salad,10.0
2026-08-03,2026-08-16,new01,1087,9103766,Corporate,14.719999999999999,0.0,tip01,76.30,70Server,10.5
2026-08-03,2026-08-16,new01,1087,9103766,Corporate,25.11,0.0,tip01,130.15,74DRAttend,10.5
2026-08-03,2026-08-16,new01,1087,9103766,Corporate,17.380000000000003,0.0,tip01,90.07,81Dish,10.5
2026-08-03,2026-08-16,new01,1087,9103775,Corporate,15.95,0.0,tip01,82.66,74DRAttend,10.0
2026-08-03,2026-08-16,new01,1087,9103912,Corporate,23.25,0.0,tip01,120.49,70Server,10.0
2026-08-03,2026-08-16,new01,1087,9103992,Corporate,39.55,0.0,tip01,204.97,70Server,10.0
2026-08-03,2026-08-16,new01,1087,9104021,Corporate,11.29,0.0,tip01,58.51,83Salad,10.0
2026-08-03,2026-08-16,new01,1087,9104033,Corporate,49.96000000000001,0.0,tip01,258.95,84Pizza,10.0
2026-08-03,2026-08-16,new01,1087,9104090,Corporate,20.25,0.0,tip01,104.95,70Server,10.0
2026-08-03,2026-08-16,new01,1087,9104174,Corporate,8.36,0.0,tip01,43.33,70Server,10.0
2026-08-03,2026-08-16,new01,1087,9104174,Corporate,19.35,0.0,tip01,100.29,86Sandwich,10.0
2026-08-03,2026-08-16,new01,1088,163,Perimeter Mall,75.29999999999998,0.0,tip01,331.05,86Sandwich,18.0
2026-08-03,2026-08-16,new01,1088,183,Perimeter Mall,64.03999999999999,0.0,tip01,281.56,83Salad,15.0
2026-08-03,2026-08-16,new01,1088,204,Perimeter Mall,69.78,0.0,tip01,306.78,82Prep,18.0
2026-08-03,2026-08-16,new01,1088,207,Perimeter Mall,66.72,0.0,tip01,293.32,82Prep,18.0
2026-08-03,2026-08-16,new01,1088,226,Perimeter Mall,67.09,0.0,tip01,294.98,84Pizza,17.0
2026-08-03,2026-08-16,new01,1088,261,Perimeter Mall,23.57,0.0,tip01,103.62,81Dish,15.0
2026-08-03,2026-08-16,new01,1088,378,Perimeter Mall,31.25,0.0,tip01,137.40,84Pizza,14.0
2026-08-03,2026-08-16,new01,1088,385,Perimeter Mall,28.32,0.0,tip01,124.50,82Prep,17.0
2026-08-03,2026-08-16,new01,1088,422,Perimeter Mall,51.39999999999999,0.0,tip01,225.99,5ShiftLead,17.0
2026-08-03,2026-08-16,new01,1088,483,Perimeter Mall,44.36,0.0,tip01,195.04,74DRAttend,15.0
2026-08-03,2026-08-16,new01,1088,510,Perimeter Mall,42.71999999999999,0.0,tip01,187.83,80Expo,15.0
2026-08-03,2026-08-16,new01,1088,528,Perimeter Mall,66.64,0.0,tip01,293.00,84Pizza,17.0
2026-08-03,2026-08-16,new01,1088,534,Perimeter Mall,59.02,0.0,tip01,259.49,81Dish,16.0
2026-08-03,2026-08-16,new01,1088,535,Perimeter Mall,2.14,0.0,tip01,9.41,107Utility,5.0
2026-08-03,2026-08-16,new01,1088,542,Perimeter Mall,52.42,0.0,tip01,230.46,74DRAttend,17.0
2026-08-03,2026-08-16,new01,1088,542,Perimeter Mall,7.42,0.0,tip01,32.62,86Sandwich,17.0
2026-08-03,2026-08-16,new01,1088,551,Perimeter Mall,67.9,0.0,tip01,298.53,5ShiftLead,16.5
2026-08-03,2026-08-16,new01,1088,551,Perimeter Mall,1.92,0.0,tip01,8.44,70Server,16.5
2026-08-03,2026-08-16,new01,1088,552,Perimeter Mall,34.95,0.0,tip01,153.67,84Pizza,14.5
2026-08-03,2026-08-16,new01,1088,555,Perimeter Mall,15.57,0.0,tip01,68.46,70Server,13.0
2026-08-03,2026-08-16,new01,1088,556,Perimeter Mall,68.19000000000001,0.0,tip01,299.81,81Dish,14.5
2026-08-03,2026-08-16,new01,1088,558,Perimeter Mall,17.080000000000002,0.0,tip01,75.11,107Utility,5.0
2026-08-03,2026-08-16,new01,1088,563,Perimeter Mall,14.31,0.0,tip01,62.91,70Server,13.5
2026-08-03,2026-08-16,new01,1088,563,Perimeter Mall,12.24,0.0,tip01,53.82,84Pizza,13.5
2026-08-03,2026-08-16,new01,1088,563,Perimeter Mall,18.67,0.0,tip01,82.09,86Sandwich,13.5
2026-08-03,2026-08-16,new01,1088,564,Perimeter Mall,52.99,0.0,tip01,232.97,70Server,13.0
2026-08-03,2026-08-16,new01,1088,564,Perimeter Mall,16.86,0.0,tip01,74.13,80Expo,13.0
2026-08-03,2026-08-16,new01,1088,564,Perimeter Mall,0.0,0.0,tip01,0.00,81Dish,13.0
2026-08-03,2026-08-16,new01,1088,566,Perimeter Mall,6.25,0.0,tip01,27.48,70Server,13.0
2026-08-03,2026-08-16,new01,1088,568,Perimeter Mall,9.41,0.0,tip01,41.37,107Utility,2.13
2026-08-03,2026-08-16,new01,1088,569,Perimeter Mall,18.23,0.0,tip01,80.15,70Server,11.0
2026-08-03,2026-08-16,new01,1088,570,Perimeter Mall,37.34,0.0,tip01,164.17,70Server,12.0
2026-08-03,2026-08-16,new01,1088,571,Perimeter Mall,32.68,0.0,tip01,143.68,86Sandwich,14.0
2026-08-03,2026-08-16,new01,1088,572,Perimeter Mall,24.299999999999997,0.0,tip01,106.85,81Dish,14.0
2026-08-03,2026-08-16,new01,1088,573,Perimeter Mall,20.89,0.0,tip01,91.84,107Utility,2.13
2026-08-03,2026-08-16,new01,1090,,,72.72999999999999,0.0,tip01,250.40,5ShiftLead,15.0
2026-08-03,2026-08-16,new01,1090,,,74.23,0.0,tip01,255.57,5ShiftLead,16.0
2026-08-03,2026-08-16,new01,1090,,,70.56,0.0,tip01,242.93,5ShiftLead,17.0
2026-08-03,2026-08-16,new01,1090,,,99.78999999999999,0.0,tip01,343.58,70Server,11.0
2026-08-03,2026-08-16,new01,1090,,,38.79,0.0,tip01,133.56,70Server,11.5
2026-08-03,2026-08-16,new01,1090,,,32.239999999999995,0.0,tip01,110.99,70Server,12.5
2026-08-03,2026-08-16,new01,1090,,,14.78,0.0,tip01,50.88,70Server,13.0
2026-08-03,2026-08-16,new01,1090,,,59.06,0.0,tip01,203.33,7CerTrainr,13.5
2026-08-03,2026-08-16,new01,1090,,,64.27,0.0,tip01,221.28,7CerTrainr,14.0
2026-08-03,2026-08-16,new01,1090,,,5.26,0.0,tip01,18.11,80Expo,13.0
2026-08-03,2026-08-16,new01,1090,,,39.01,0.0,tip01,134.30,80Expo,13.5
2026-08-03,2026-08-16,new01,1090,,,86.05000000000001,0.0,tip01,296.27,81Dish,12.0
2026-08-03,2026-08-16,new01,1090,,,60.52000000000001,0.0,tip01,208.36,82Prep,12.0
2026-08-03,2026-08-16,new01,1090,,,16.630000000000003,0.0,tip01,57.25,82Prep,13.0
2026-08-03,2026-08-16,new01,1090,,,67.94,0.0,tip01,233.91,82Prep,15.0
2026-08-03,2026-08-16,new01,1090,,,20.259999999999998,0.0,tip01,69.76,83Salad,11.0
2026-08-03,2026-08-16,new01,1090,,,57.55,0.0,tip01,198.15,83Salad,12.5
2026-08-03,2026-08-16,new01,1090,,,60.78999999999999,0.0,tip01,209.31,83Salad,14.0
2026-08-03,2026-08-16,new01,1090,,,62.89000000000001,0.0,tip01,216.53,84Pizza,12.0
2026-08-03,2026-08-16,new01,1090,,,62.099999999999994,0.0,tip01,213.82,86Sandwich,11.5
2026-08-03,2026-08-16,new01,1090,9093,,33.04,0.0,tip01,113.77,81Dish,12.0
2026-08-03,2026-08-16,new01,1094,,Norcross,40.0,13.08,tip01,18.35,5ShiftLead,19.5
2026-08-03,2026-08-16,new01,1094,098,Norcross,61.85,0.0,tip01,21.38,84Pizza,18.0
2026-08-03,2026-08-16,new01,1094,313,Norcross,31.48,0.0,tip01,10.87,72CaterTL,19.5
2026-08-03,2026-08-16,new01,1094,578,Norcross,80.0,27.93,tip01,37.29,5ShiftLead,21.5
2026-08-03,2026-08-16,new01,1094,641,Norcross,77.31,28.569999999999997,tip01,36.59,5ShiftLead,24.5
2026-08-03,2026-08-16,new01,1094,713,Norcross,73.67,4.92,tip01,27.17,82Prep,16.25
2026-08-03,2026-08-16,new01,1094,719,Norcross,36.519999999999996,0.0,tip01,12.62,84Pizza,16.5
2026-08-03,2026-08-16,new01,1094,724,Norcross,80.0,2.33,tip01,28.47,72CaterTL,19.0
2026-08-03,2026-08-16,new01,1094,727,Norcross,80.0,23.580000000000002,tip01,35.80,5ShiftLead,20.0
2026-08-03,2026-08-16,new01,1094,731,Norcross,71.01,0.0,tip01,24.52,84Pizza,17.25
2026-08-03,2026-08-16,new01,1094,744,Norcross,6.0,0.0,tip01,2.08,107Utility,7.3
2026-08-03,2026-08-16,new01,1094,757,Norcross,72.66,0.0,tip01,25.10,83Salad,18.0
2026-08-03,2026-08-16,new01,1094,773,Norcross,79.86,5.14,tip01,29.39,82Prep,16.5
2026-08-03,2026-08-16,new01,1094,778,Norcross,76.16,0.0,tip01,26.31,82Prep,15.0
2026-08-03,2026-08-16,new01,1094,778,Norcross,2.09,2.25,tip01,1.50,83Salad,15.0
2026-08-03,2026-08-16,new01,1094,786,Norcross,45.480000000000004,0.0,tip01,15.73,80Expo,14.0
2026-08-03,2026-08-16,new01,1094,795,Norcross,14.13,0.0,tip01,4.87,107Utility,15.5
2026-08-03,2026-08-16,new01,1094,795,Norcross,22.7,0.0,tip01,7.85,70Server,13.5
2026-08-03,2026-08-16,new01,1094,795,Norcross,8.52,0.0,tip01,2.95,70Server,14.0
2026-08-03,2026-08-16,new01,1094,795,Norcross,6.26,0.0,tip01,2.16,81Dish,13.5
2026-08-03,2026-08-16,new01,1094,797,Norcross,49.949999999999996,0.0,tip01,17.26,72CaterTL,16.5
2026-08-03,2026-08-16,new01,1094,808,Norcross,8.940000000000001,0.0,tip01,3.09,107Utility,13.5
2026-08-03,2026-08-16,new01,1094,808,Norcross,56.54,0.0,tip01,19.54,81Dish,12.5
2026-08-03,2026-08-16,new01,1094,819,Norcross,80.0,21.560000000000002,tip01,35.08,5ShiftLead,21.0
2026-08-03,2026-08-16,new01,1094,826,Norcross,67.93,0.0,tip01,23.48,72CaterTL,19.0
2026-08-03,2026-08-16,new01,1094,831,Norcross,28.8,0.0,tip01,9.96,107Utility,16.5
2026-08-03,2026-08-16,new01,1094,831,Norcross,6.16,0.0,tip01,2.13,81Dish,15.5
2026-08-03,2026-08-16,new01,1094,837,Norcross,22.82,0.0,tip01,7.88,107Utility,15.5
2026-08-03,2026-08-16,new01,1094,839,Norcross,80.0,21.61,tip01,35.11,5ShiftLead,22.5
2026-08-03,2026-08-16,new01,1094,852,Norcross,50.60000000000001,0.0,tip01,17.49,5ShiftLead,18.5
2026-08-03,2026-08-16,new01,1094,860,Norcross,51.089999999999996,0.0,tip01,17.65,70Server,13.0
2026-08-03,2026-08-16,new01,1094,865,Norcross,5.11,0.0,tip01,1.77,70Server,13.5
2026-08-03,2026-08-16,new01,1094,865,Norcross,25.14,0.0,tip01,8.69,84Pizza,13.5
2026-08-03,2026-08-16,new01,1094,879,Norcross,42.19,0.0,tip01,14.59,84Pizza,14.0
2026-08-03,2026-08-16,new01,1094,879,Norcross,30.06,0.0,tip01,10.39,84Pizza,15.0
2026-08-03,2026-08-16,new01,1094,881,Norcross,10.639999999999999,0.0,tip01,3.68,72CaterTL,16.0
2026-08-03,2026-08-16,new01,1094,884,Norcross,29.650000000000002,0.0,tip01,10.24,70Server,12.0
2026-08-03,2026-08-16,new01,1094,885,Norcross,34.220000000000006,0.0,tip01,11.83,70Server,13.0
2026-08-03,2026-08-16,new01,1094,887,Norcross,62.59,0.0,tip01,21.63,83Salad,12.0
2026-08-03,2026-08-16,new01,1094,890,Norcross,81.75,2.85,tip01,29.21,81Dish,14.0
2026-08-03,2026-08-16,new01,1094,891,Norcross,28.339999999999996,0.0,tip01,9.79,70Server,12.5
2026-08-03,2026-08-16,new01,1094,892,Norcross,26.79,0.0,tip01,9.25,70Server,15.0
2026-08-03,2026-08-16,new01,1094,892,Norcross,0.0,0.0,tip01,0.00,72CaterTL,15.0
2026-08-03,2026-08-16,new01,1094,892,Norcross,14.72,0.0,tip01,5.09,86Sandwich,15.0
2026-08-03,2026-08-16,new01,1094,893,Norcross,25.130000000000003,0.0,tip01,8.68,84Pizza,14.0
2026-08-03,2026-08-16,new01,1094,894,Norcross,21.62,0.0,tip01,7.46,81Dish,13.0
2026-08-03,2026-08-16,new01,1097,115,,55.129999999999995,0.0,tip01,252.66,74DRAttend,13.0
2026-08-03,2026-08-16,new01,1097,176,,67.91,0.0,tip01,311.23,72CaterTL,16.0
2026-08-03,2026-08-16,new01,1097,184,,51.879999999999995,0.0,tip01,237.76,72CaterTL,16.0
2026-08-03,2026-08-16,new01,1097,267,,65.13,0.0,tip01,298.50,5ShiftLead,20.0
2026-08-03,2026-08-16,new01,1097,374,,41.29,0.0,tip01,189.25,70Server,15.0
2026-08-03,2026-08-16,new01,1097,417,,70.28,0.0,tip01,322.11,5ShiftLead,18.0
2026-08-03,2026-08-16,new01,1097,460,,65.80999999999999,0.0,tip01,301.60,5ShiftLead,18.0
2026-08-03,2026-08-16,new01,1097,504,,7.619999999999999,0.0,tip01,34.92,70Server,13.0
2026-08-03,2026-08-16,new01,1097,526,,43.12,0.0,tip01,197.61,72CaterTL,13.0
2026-08-03,2026-08-16,new01,1097,535,,25.97,0.0,tip01,119.02,86Sandwich,16.0
2026-08-03,2026-08-16,new01,1097,537,,63.629999999999995,0.0,tip01,291.62,82Prep,18.0
2026-08-03,2026-08-16,new01,1097,577,,51.800000000000004,0.0,tip01,237.40,86Sandwich,12.0
2026-08-03,2026-08-16,new01,1097,584,,62.76,0.0,tip01,287.63,84Pizza,14.0
2026-08-03,2026-08-16,new01,1097,586,,5.15,0.0,tip01,23.60,70Server,12.0
2026-08-03,2026-08-16,new01,1097,590,,21.77,0.0,tip01,99.77,5ShiftLead,18.0
2026-08-03,2026-08-16,new01,1097,602,,56.7,0.0,tip01,259.86,81Dish,14.0
2026-08-03,2026-08-16,new01,1097,611,,54.04,0.0,tip01,247.65,70Server,11.0
2026-08-03,2026-08-16,new01,1097,617,,33.720000000000006,0.0,tip01,154.52,70Server,11.0
2026-08-03,2026-08-16,new01,1097,618,,55.870000000000005,0.0,tip01,256.05,86Sandwich,12.0
2026-08-03,2026-08-16,new01,1097,619,,31.360000000000007,0.0,tip01,143.70,70Server,11.0
2026-08-03,2026-08-16,new01,1097,620,,64.00999999999999,0.0,tip01,293.36,70Server,11.0
2026-08-03,2026-08-16,new01,1097,622,,25.4,0.0,tip01,116.42,70Server,11.0
2026-08-03,2026-08-16,new01,1097,625,,62.1,0.0,tip01,284.59,81Dish,12.0
2026-08-03,2026-08-16,new01,1097,629,,41.62,0.0,tip01,190.73,86Sandwich,10.0
2026-08-03,2026-08-16,new01,1097,630,,55.379999999999995,0.0,tip01,253.82,70Server,13.0
2026-08-03,2026-08-16,new01,1097,631,,65.42,0.0,tip01,299.83,82Prep,16.0
2026-08-03,2026-08-16,new01,1097,632,,48.849999999999994,0.0,tip01,223.88,74DRAttend,10.0
2026-08-03,2026-08-16,new01,1097,633,,40.32000000000001,0.0,tip01,184.77,82Prep,16.0
2026-08-03,2026-08-16,new01,1097,634,,22.790000000000003,0.0,tip01,104.45,70Server,10.0
2026-08-03,2026-08-16,new01,1097,635,,39.77,0.0,tip01,182.27,70Server,10.0
2026-08-03,2026-08-16,new01,1097,636,,24.939999999999998,0.0,tip01,114.30,70Server,10.0
2026-08-03,2026-08-16,new01,1097,637,,9.64,0.0,tip01,44.18,70Server,10.0
2026-08-03,2026-08-16,new01,1097,638,,43.169999999999995,0.0,tip01,197.84,70Server,10.0
2026-08-03,2026-08-16,new01,1097,639,,27.660000000000004,0.0,tip01,126.76,70Server,10.0
2026-08-03,2026-08-16,new01,1097,641,,25.9,0.0,tip01,118.71,74DRAttend,10.0
2026-08-03,2026-08-16,new01,1097,643,,43.05,0.0,tip01,197.29,70Server,10.0
2026-08-03,2026-08-16,new01,1097,645,,33.18,0.0,tip01,152.06,74DRAttend,10.0
2026-08-03,2026-08-16,new01,1097,646,,32.099999999999994,0.0,tip01,147.11,86Sandwich,10.0
2026-08-03,2026-08-16,new01,1097,647,,37.81999999999999,0.0,tip01,173.32,86Sandwich,12.0
2026-08-03,2026-08-16,new01,1097,648,,48.52,0.0,tip01,222.36,70Server,10.0
2026-08-03,2026-08-16,new01,1097,650,,12.02,0.0,tip01,55.09,70Server,10.0
2026-08-03,2026-08-16,new01,1099,9091674,McGowin,33.07,0.0,tip01,175.73,74DRAttend,10.5
2026-08-03,2026-08-16,new01,1099,9092747,McGowin,59.989999999999995,0.0,tip01,318.79,82Prep,13.0
2026-08-03,2026-08-16,new01,1099,9095223,McGowin,42.03,0.0,tip01,223.35,81Dish,12.0
2026-08-03,2026-08-16,new01,1099,9097367,McGowin,16.83,0.0,tip01,89.44,83Salad,14.5
2026-08-03,2026-08-16,new01,1099,9097367,McGowin,47.03,0.0,tip01,249.91,84Pizza,14.5
2026-08-03,2026-08-16,new01,1099,9097367,McGowin,1.6,0.0,tip01,8.50,86Sandwich,14.5
2026-08-03,2026-08-16,new01,1099,9098237,McGowin,42.83,0.0,tip01,227.60,81Dish,12.0
2026-08-03,2026-08-16,new01,1099,9098268,McGowin,61.8,0.0,tip01,328.42,80Expo,15.5
2026-08-03,2026-08-16,new01,1099,9100056,McGowin,30.3,0.0,tip01,161.02,82Prep,14.5
2026-08-03,2026-08-16,new01,1099,9100056,McGowin,23.31,0.0,tip01,123.88,86Sandwich,14.5
2026-08-03,2026-08-16,new01,1099,9100300,McGowin,52.669999999999995,0.0,tip01,279.90,80Expo,13.0
2026-08-03,2026-08-16,new01,1099,9100300,McGowin,7.46,0.0,tip01,39.64,84Pizza,13.0
2026-08-03,2026-08-16,new01,1099,9100741,McGowin,78.63,0.0,tip01,417.84,5ShiftLead,16.0
2026-08-03,2026-08-16,new01,1099,9101698,McGowin,41.3,0.0,tip01,219.46,80Expo,10.5
2026-08-03,2026-08-16,new01,1099,9101794,McGowin,62.669999999999995,0.0,tip01,333.04,82Prep,13.5
2026-08-03,2026-08-16,new01,1099,9101806,McGowin,5.48,0.0,tip01,29.12,74DRAttend,11.5
2026-08-03,2026-08-16,new01,1099,9101806,McGowin,41.00000000000001,0.0,tip01,217.88,86Sandwich,11.5
2026-08-03,2026-08-16,new01,1099,9102350,McGowin,8.74,0.0,tip01,46.44,70Server,9.0
2026-08-03,2026-08-16,new01,1099,9102405,McGowin,27.95,0.0,tip01,148.53,70Server,9.0
2026-08-03,2026-08-16,new01,1099,9102529,McGowin,46.85,0.0,tip01,248.96,70Server,9.0
2026-08-03,2026-08-16,new01,1099,9102620,McGowin,8.780000000000001,0.0,tip01,46.66,83Salad,10.5
2026-08-03,2026-08-16,new01,1099,9102620,McGowin,15.61,0.0,tip01,82.95,84Pizza,10.5
2026-08-03,2026-08-16,new01,1099,9102748,McGowin,2.89,0.0,tip01,15.36,70Server,11.0
2026-08-03,2026-08-16,new01,1099,9102748,McGowin,13.73,0.0,tip01,72.96,83Salad,11.0
2026-08-03,2026-08-16,new01,1099,9103006,McGowin,47.18,0.0,tip01,250.71,86Sandwich,12.25
2026-08-03,2026-08-16,new01,1099,9103032,McGowin,48.980000000000004,0.0,tip01,260.27,70Server,13.25
2026-08-03,2026-08-16,new01,1099,9103032,McGowin,30.330000000000002,2.66,tip01,175.31,84Pizza,13.25
2026-08-03,2026-08-16,new01,1099,9103230,McGowin,11.51,0.0,tip01,61.16,81Dish,9.5
2026-08-03,2026-08-16,new01,1099,9103502,McGowin,27.889999999999997,0.0,tip01,148.22,70Server,9.5
2026-08-03,2026-08-16,new01,1099,9103594,McGowin,36.720000000000006,0.0,tip01,195.12,70Server,9.0
2026-08-03,2026-08-16,new01,1099,9103684,McGowin,24.67,0.0,tip01,131.10,70Server,8.5
2026-08-03,2026-08-16,new01,1099,9103774,McGowin,64.08999999999999,0.0,tip01,340.59,70Server,10.5
2026-08-03,2026-08-16,new01,1099,9104008,McGowin,45.63000000000001,0.0,tip01,242.48,86Sandwich,12.0
2026-08-03,2026-08-16,new01,1099,9104126,McGowin,57.029999999999994,0.0,tip01,303.05,83Salad,11.0
2026-08-03,2026-08-16,new01,1099,9104143,McGowin,24.759999999999998,0.0,tip01,131.57,81Dish,9.0
2026-08-03,2026-08-16,new01,1099,9104173,McGowin,29.869999999999997,0.0,tip01,158.73,70Server,10.0
2026-08-03,2026-08-16,new01,1099,9104188,McGowin,18.7,0.0,tip01,99.38,41Training,9.0
2026-08-03,2026-08-16,new01,1099,9104188,McGowin,16.7,0.0,tip01,88.75,84Pizza,9.0
2026-08-03,2026-08-16,new01,1104,,Westgate,26.770000000000003,0.0,tip01,95.52,5ShiftLead,15.0
2026-08-03,2026-08-16,new01,1104,,Westgate,7.21,0.0,tip01,25.73,83Salad,15.0
2026-08-03,2026-08-16,new01,1104,9093199,Westgate,73.11,0.05,tip01,261.07,5ShiftLead,15.0
2026-08-03,2026-08-16,new01,1104,9093229,Westgate,39.58,0.0,tip01,141.24,82Prep,14.0
2026-08-03,2026-08-16,new01,1104,9098401,Westgate,54.51,0.0,tip01,194.50,84Pizza,11.0
2026-08-03,2026-08-16,new01,1104,9100062,Westgate,9.29,0.0,tip01,33.14,70Server,11.0
2026-08-03,2026-08-16,new01,1104,9100062,Westgate,5.21,0.0,tip01,18.59,82Prep,11.0
2026-08-03,2026-08-16,new01,1104,9100062,Westgate,25.569999999999993,0.0,tip01,91.25,83Salad,11.0
2026-08-03,2026-08-16,new01,1104,9100062,Westgate,8.91,0.0,tip01,31.79,84Pizza,11.0
2026-08-03,2026-08-16,new01,1104,9100205,Westgate,42.019999999999996,0.0,tip01,149.93,82Prep,13.0
2026-08-03,2026-08-16,new01,1104,9100205,Westgate,3.89,0.0,tip01,13.88,86Sandwich,13.0
2026-08-03,2026-08-16,new01,1104,9100728,Westgate,14.909999999999998,0.0,tip01,53.21,70Server,12.0
2026-08-03,2026-08-16,new01,1104,9100728,Westgate,24.98,0.0,tip01,89.12,83Salad,12.0
2026-08-03,2026-08-16,new01,1104,9101636,Westgate,4.83,0.0,tip01,17.23,82Prep,13.0
2026-08-03,2026-08-16,new01,1104,9101636,Westgate,25.03,0.0,tip01,89.31,83Salad,13.0
2026-08-03,2026-08-16,new01,1104,9101636,Westgate,18.729999999999997,0.0,tip01,66.83,84Pizza,13.0
2026-08-03,2026-08-16,new01,1104,9101636,Westgate,12.370000000000001,0.0,tip01,44.15,86Sandwich,13.0
2026-08-03,2026-08-16,new01,1104,9102103,Westgate,56.76,0.0,tip01,202.54,5ShiftLead,15.0
2026-08-03,2026-08-16,new01,1104,9102604,Westgate,33.36,0.0,tip01,119.04,81Dish,10.5
2026-08-03,2026-08-16,new01,1104,9102802,Westgate,4.01,0.0,tip01,14.31,86Sandwich,13.0
2026-08-03,2026-08-16,new01,1104,9103373,Westgate,7.9,0.0,tip01,28.19,70Server,10.5
2026-08-03,2026-08-16,new01,1104,9103373,Westgate,3.07,0.0,tip01,10.95,84Pizza,10.5
2026-08-03,2026-08-16,new01,1104,9103373,Westgate,33.91,0.0,tip01,121.00,86Sandwich,10.5
2026-08-03,2026-08-16,new01,1104,9103450,Westgate,57.04000000000001,0.0,tip01,203.52,70Server,10.0
2026-08-03,2026-08-16,new01,1104,9103577,Westgate,17.380000000000003,0.0,tip01,62.02,70Server,10.5
2026-08-03,2026-08-16,new01,1104,9103577,Westgate,16.58,0.0,tip01,59.16,70Server,11.0
2026-08-03,2026-08-16,new01,1104,9103577,Westgate,6.32,0.0,tip01,22.55,84Pizza,10.5
2026-08-03,2026-08-16,new01,1104,9103577,Westgate,5.78,0.0,tip01,20.62,84Pizza,11.0
2026-08-03,2026-08-16,new01,1104,9103578,Westgate,12.860000000000001,0.0,tip01,45.89,70Server,10.0
2026-08-03,2026-08-16,new01,1104,9103578,Westgate,18.169999999999998,0.0,tip01,64.84,82Prep,10.0
2026-08-03,2026-08-16,new01,1104,9103578,Westgate,13.079999999999998,0.0,tip01,46.67,83Salad,10.0
2026-08-03,2026-08-16,new01,1104,9103756,Westgate,36.14,0.0,tip01,128.95,81Dish,11.0
2026-08-03,2026-08-16,new01,1104,9103886,Westgate,61.05,0.0,tip01,217.85,86Sandwich,11.0
2026-08-03,2026-08-16,new01,1104,9103913,Westgate,58.39000000000001,0.0,tip01,208.34,70Server,10.0
2026-08-03,2026-08-16,new01,1104,9104146,Westgate,6.9399999999999995,0.0,tip01,24.77,84Pizza,9.5
2026-08-03,2026-08-16,new01,1104,9104146,Westgate,18.75,0.0,tip01,66.90,86Sandwich,9.5
2026-08-03,2026-08-16,new01,1104,9104147,Westgate,32.13,0.0,tip01,114.65,81Dish,9.5
2026-08-03,2026-08-16,new01,1118,9096876,MNORTH,4.13,0.0,tip01,18.94,70Server,13.5
2026-08-03,2026-08-16,new01,1118,9096878,MNORTH,72.74,0.0,tip01,333.63,82Prep,18.0
2026-08-03,2026-08-16,new01,1118,9096922,MNORTH,47.309999999999995,0.0,tip01,216.97,82Prep,13.0
2026-08-03,2026-08-16,new01,1118,9097359,MNORTH,6.55,0.0,tip01,30.04,5ShiftLead,16.5
2026-08-03,2026-08-16,new01,1118,9097359,MNORTH,5.12,0.0,tip01,23.48,74DRAttend,16.5
2026-08-03,2026-08-16,new01,1118,9097359,MNORTH,7.02,0.0,tip01,32.20,80Expo,16.5
2026-08-03,2026-08-16,new01,1118,9097359,MNORTH,3.93,0.0,tip01,18.03,83Salad,16.5
2026-08-03,2026-08-16,new01,1118,9097359,MNORTH,5.19,0.0,tip01,23.80,86Sandwich,16.5
2026-08-03,2026-08-16,new01,1118,9098413,MNORTH,21.979999999999997,0.0,tip01,100.81,74DRAttend,11.5
2026-08-03,2026-08-16,new01,1118,9098413,MNORTH,3.83,0.0,tip01,17.57,86Sandwich,11.5
2026-08-03,2026-08-16,new01,1118,9098464,MNORTH,44.91,0.0,tip01,205.97,5ShiftLead,16.75
2026-08-03,2026-08-16,new01,1118,9098464,MNORTH,4.47,0.0,tip01,20.50,83Salad,16.75
2026-08-03,2026-08-16,new01,1118,9098944,MNORTH,6.14,0.0,tip01,28.16,5ShiftLead,15.5
2026-08-03,2026-08-16,new01,1118,9098944,MNORTH,4.86,0.0,tip01,22.29,70Server,15.5
2026-08-03,2026-08-16,new01,1118,9098944,MNORTH,13.440000000000001,0.0,tip01,61.64,83Salad,15.5
2026-08-03,2026-08-16,new01,1118,9099770,MNORTH,36.79,0.0,tip01,168.75,5ShiftLead,16.0
2026-08-03,2026-08-16,new01,1118,9101128,MNORTH,13.670000000000002,0.0,tip01,62.70,81Dish,15.0
2026-08-03,2026-08-16,new01,1118,9101128,MNORTH,3.4,0.0,tip01,15.59,82Prep,15.0
2026-08-03,2026-08-16,new01,1118,9101128,MNORTH,4.74,0.0,tip01,21.74,83Salad,15.0
2026-08-03,2026-08-16,new01,1118,9101128,MNORTH,27.41,0.0,tip01,125.72,86Sandwich,15.0
2026-08-03,2026-08-16,new01,1118,9101448,MNORTH,3.07,0.0,tip01,14.08,7CerTrainr,15.0
2026-08-03,2026-08-16,new01,1118,9101448,MNORTH,27.92,0.0,tip01,128.06,82Prep,15.0
2026-08-03,2026-08-16,new01,1118,9101448,MNORTH,13.91,0.0,tip01,63.80,83Salad,15.0
2026-08-03,2026-08-16,new01,1118,9101448,MNORTH,3.14,0.0,tip01,14.40,84Pizza,15.0
2026-08-03,2026-08-16,new01,1118,9101448,MNORTH,5.35,0.0,tip01,24.54,86Sandwich,15.0
2026-08-03,2026-08-16,new01,1118,9101814,MNORTH,12.45,0.0,tip01,57.10,81Dish,10.0
2026-08-03,2026-08-16,new01,1118,9102045,MNORTH,13.43,0.0,tip01,61.60,5ShiftLead,15.0
2026-08-03,2026-08-16,new01,1118,9102045,MNORTH,5.36,0.0,tip01,24.58,70Server,15.0
2026-08-03,2026-08-16,new01,1118,9102045,MNORTH,4.04,0.0,tip01,18.53,80Expo,15.0
2026-08-03,2026-08-16,new01,1118,9102045,MNORTH,3.83,0.0,tip01,17.57,83Salad,15.0
2026-08-03,2026-08-16,new01,1118,9102045,MNORTH,24.849999999999998,0.0,tip01,113.98,86Sandwich,15.0
2026-08-03,2026-08-16,new01,1118,9102086,MNORTH,17.990000000000002,0.0,tip01,82.52,81Dish,9.0
2026-08-03,2026-08-16,new01,1118,9102882,MNORTH,15.809999999999999,0.0,tip01,72.52,70Server,10.25
2026-08-03,2026-08-16,new01,1118,9103096,MNORTH,73.26,0.0,tip01,336.00,74DRAttend,16.0
2026-08-03,2026-08-16,new01,1118,9103188,MNORTH,31.92,0.0,tip01,146.39,74DRAttend,11.0
2026-08-03,2026-08-16,new01,1118,9103341,MNORTH,3.09,0.0,tip01,14.17,74DRAttend,10.25
2026-08-03,2026-08-16,new01,1118,9103345,MNORTH,28.5,0.0,tip01,130.71,74DRAttend,10.0
2026-08-03,2026-08-16,new01,1118,9103411,MNORTH,26.96,0.0,tip01,123.66,74DRAttend,10.25
2026-08-03,2026-08-16,new01,1118,9103816,MNORTH,22.180000000000003,0.0,tip01,101.73,74DRAttend,9.0
2026-08-03,2026-08-16,new01,1118,9103845,MNORTH,12.11,0.0,tip01,55.55,81Dish,13.0
2026-08-03,2026-08-16,new01,1118,9104025,MNORTH,24.06,0.0,tip01,110.36,81Dish,11.0
2026-08-03,2026-08-16,new01,1118,9104071,MNORTH,3.54,0.0,tip01,16.24,70Server,8.75
2026-08-03,2026-08-16,new01,1118,9104071,MNORTH,5.58,0.0,tip01,25.59,74DRAttend,8.75
2026-08-03,2026-08-16,new01,1118,9104121,MNORTH,21.84,0.0,tip01,100.17,41Training,13.0
2026-08-03,2026-08-16,new01,1118,9104121,MNORTH,8.25,0.0,tip01,37.84,70Server,13.0
2026-08-03,2026-08-16,new01,1118,9104155,MNORTH,4.66,0.0,tip01,21.37,74DRAttend,10.0
2026-08-03,2026-08-16,new01,1118,9104158,MNORTH,22.689999999999998,0.0,tip01,104.08,74DRAttend,8.5
2026-08-03,2026-08-16,new01,1119,9099379,,78.82000000000001,2.3,tip01,300.12,5ShiftLead,13.25
2026-08-03,2026-08-16,new01,1119,9099381,,77.52000000000001,1.18,tip01,291.15,5ShiftLead,13.0
2026-08-03,2026-08-16,new01,1119,9099385,,50.44,0.0,tip01,186.61,83Salad,12.0
2026-08-03,2026-08-16,new01,1119,9099445,,24.38,0.0,tip01,90.20,81Dish,12.0
2026-08-03,2026-08-16,new01,1119,9099445,,24.060000000000002,0.0,tip01,89.01,86Sandwich,12.0
2026-08-03,2026-08-16,new01,1119,9100104,,26.6,0.0,tip01,98.42,70Server,11.75
2026-08-03,2026-08-16,new01,1119,9101993,,17.41,0.0,tip01,64.40,81Dish,10.7
2026-08-03,2026-08-16,new01,1119,9102385,,21.36,0.0,tip01,79.02,70Server,11.25
2026-08-03,2026-08-16,new01,1119,9102737,,21.99,0.0,tip01,81.35,70Server,11.0
2026-08-03,2026-08-16,new01,1119,9103207,,18.95,0.0,tip01,70.10,81Dish,11.75
2026-08-03,2026-08-16,new01,1119,9103207,,55.19,0.0,tip01,204.18,82Prep,11.75
2026-08-03,2026-08-16,new01,1119,9103380,,27.85,0.0,tip01,103.05,70Server,10.5
2026-08-03,2026-08-16,new01,1119,9103807,,23.300000000000004,0.0,tip01,86.20,84Pizza,10.5
2026-08-03,2026-08-16,new01,1119,9103807,,26.64,0.0,tip01,98.55,86Sandwich,10.5
2026-08-03,2026-08-16,new01,1119,9103808,,44.35999999999999,0.0,tip01,164.11,84Pizza,10.55
2026-08-03,2026-08-16,new01,1119,9103843,,23.409999999999997,0.0,tip01,86.59,70Server,10.25
2026-08-03,2026-08-16,new01,1119,9103901,,43.18,0.0,tip01,159.75,81Dish,10.5
2026-08-03,2026-08-16,new01,1119,9104047,,32.31999999999999,0.0,tip01,119.55,70Server,10.25
2026-08-03,2026-08-16,new01,1119,9104114,,47.77,0.0,tip01,176.73,82Prep,10.5
2026-08-03,2026-08-16,new01,1119,9104117,,16.27,0.0,tip01,60.19,70Server,10.25
2026-08-03,2026-08-16,new01,1119,9104123,,13.870000000000001,0.0,tip01,51.32,70Server,10.25
2026-08-03,2026-08-16,new01,1119,9104128,,16.630000000000003,0.0,tip01,61.53,70Server,10.25
2026-08-03,2026-08-16,new01,1119,9104132,,43.980000000000004,0.0,tip01,162.70,84Pizza,10.25
2026-08-03,2026-08-16,new01,1119,9104167,,25.07,0.0,tip01,92.75,70Server,10.25
2026-08-03,2026-08-16,new01,1119,9104168,,25.450000000000003,0.0,tip01,94.15,70Server,10.25
2026-08-03,2026-08-16,new01,1120,,,70.87,0.0,tip01,215.66,70Server,11.0
2026-08-03,2026-08-16,new01,1120,,,8.23,0.0,tip01,25.04,81Dish,11.0
2026-08-03,2026-08-16,new01,1120,9000006,,40.63999999999999,0.0,tip01,123.65,70Server,12.0
2026-08-03,2026-08-16,new01,1120,9000007,,71.51,0.0,tip01,217.58,86Sandwich,14.0
2026-08-03,2026-08-16,new01,1120,9000008,,60.980000000000004,0.0,tip01,185.54,84Pizza,13.5
2026-08-03,2026-08-16,new01,1120,9000009,,51.43,0.0,tip01,156.47,82Prep,15.0
2026-08-03,2026-08-16,new01,1120,9000013,,51.47,0.0,tip01,156.60,82Prep,15.0
2026-08-03,2026-08-16,new01,1120,9000014,,44.739999999999995,0.0,tip01,136.13,83Salad,12.0
2026-08-03,2026-08-16,new01,1120,9000015,,37.66000000000001,0.0,tip01,114.59,74DRAttend,13.0
2026-08-03,2026-08-16,new01,1120,9000016,,40.41,0.0,tip01,122.96,80Expo,13.0
2026-08-03,2026-08-16,new01,1120,9000017,,34.13,0.0,tip01,103.84,86Sandwich,12.0
2026-08-03,2026-08-16,new01,1120,9000022,,58.599999999999994,0.0,tip01,178.30,70Server,12.0
2026-08-03,2026-08-16,new01,1120,9000027,,43.95,0.0,tip01,133.73,84Pizza,12.0
2026-08-03,2026-08-16,new01,1120,9000030,,30.03,0.0,tip01,91.37,5ShiftLead,0.0
2026-08-03,2026-08-16,new01,1120,9000030,,4.9,0.0,tip01,14.91,70Server,12.0
2026-08-03,2026-08-16,new01,1120,9000032,,54.83,0.0,tip01,166.81,86Sandwich,12.0
2026-08-03,2026-08-16,new01,1120,9000034,,12.14,0.0,tip01,36.94,70Server,11.0
2026-08-03,2026-08-16,new01,1120,9000044,,3.28,0.0,tip01,9.98,84Pizza,11.0
2026-08-03,2026-08-16,new01,1120,9000044,,49.940000000000005,0.0,tip01,151.96,86Sandwich,11.0
2026-08-03,2026-08-16,new01,1120,9000046,,16.509999999999998,0.0,tip01,50.23,81Dish,11.0
2026-08-03,2026-08-16,new01,1120,9000047,,34.89,0.0,tip01,106.15,70Server,11.0
2026-08-03,2026-08-16,new01,1120,9000048,,8.989999999999998,0.0,tip01,27.35,86Sandwich,11.0
2026-08-03,2026-08-16,new01,1120,9000049,,19.15,0.0,tip01,58.27,74DRAttend,11.0
2026-08-03,2026-08-16,new01,1120,9000050,,7.24,0.0,tip01,22.03,70Server,11.0
2026-08-03,2026-08-16,new01,1120,9000053,,40.31,0.0,tip01,122.65,83Salad,11.0
2026-08-03,2026-08-16,new01,1120,9000054,,14.21,0.0,tip01,43.24,70Server,11.0
2026-08-03,2026-08-16,new01,1120,9000055,,34.769999999999996,0.0,tip01,105.79,70Server,11.0
2026-08-03,2026-08-16,new01,1120,9000057,,69.21,0.0,tip01,210.60,70Server,11.0
2026-08-03,2026-08-16,new01,1120,9000058,,17.85,0.0,tip01,54.31,83Salad,11.0
2026-08-03,2026-08-16,new01,1120,9000059,,52.75999999999999,0.0,tip01,160.53,83Salad,11.0
2026-08-03,2026-08-16,new01,1120,9000060,,46.26,0.0,tip01,140.76,86Sandwich,11.0
2026-08-03,2026-08-16,new01,1120,9000061,,37.410000000000004,0.0,tip01,113.85,86Sandwich,11.0
2026-08-03,2026-08-16,new01,1120,9000062,,13.08,0.0,tip01,39.80,84Pizza,11.0
2026-08-03,2026-08-16,new01,1120,9000062,,13.71,0.0,tip01,41.71,86Sandwich,11.0
2026-08-03,2026-08-16,new01,1120,9000064,,26.369999999999997,0.0,tip01,80.23,74DRAttend,11.0
2026-08-03,2026-08-16,new01,1120,9000066,,21.68,0.0,tip01,65.97,83Salad,11.0
2026-08-03,2026-08-16,new01,1127,,,64.5,0.0,tip01,246.79,70Server,13.0
2026-08-03,2026-08-16,new01,1127,2000006,,72.53999999999999,0.0,tip01,277.57,80Expo,16.6
2026-08-03,2026-08-16,new01,1127,2000097,,36.709999999999994,0.0,tip01,140.48,74DRAttend,14.85
2026-08-03,2026-08-16,new01,1127,2000156,,43.84,0.0,tip01,167.76,81Dish,15.19
2026-08-03,2026-08-16,new01,1127,2000256,,10.190000000000001,0.0,tip01,39.00,81Dish,12.88
2026-08-03,2026-08-16,new01,1127,2000256,,5.96,0.0,tip01,22.81,84Pizza,12.88
2026-08-03,2026-08-16,new01,1127,2000291,,45.589999999999996,0.0,tip01,174.43,82Prep,15.07
2026-08-03,2026-08-16,new01,1127,2000291,,12.350000000000001,0.0,tip01,47.26,83Salad,15.07
2026-08-03,2026-08-16,new01,1127,2000412,,50.54,0.0,tip01,193.39,70Server,12.59
2026-08-03,2026-08-16,new01,1127,2000412,,6.91,0.0,tip01,26.44,80Expo,12.59
2026-08-03,2026-08-16,new01,1127,2000465,,12.629999999999999,0.0,tip01,48.33,82Prep,12.44
2026-08-03,2026-08-16,new01,1127,2000465,,51.129999999999995,0.0,tip01,195.65,86Sandwich,12.44
2026-08-03,2026-08-16,new01,1127,2000483,,6.02,0.0,tip01,23.04,80Expo,12.5
2026-08-03,2026-08-16,new01,1127,2000483,,13.16,0.0,tip01,50.36,82Prep,12.5
2026-08-03,2026-08-16,new01,1127,2000483,,44.34,0.0,tip01,169.67,83Salad,12.5
2026-08-03,2026-08-16,new01,1127,2000497,,3.09,0.0,tip01,11.82,70Server,12.13
2026-08-03,2026-08-16,new01,1127,2000497,,21.3,0.0,tip01,81.51,80Expo,12.13
2026-08-03,2026-08-16,new01,1127,2000497,,4.18,0.0,tip01,15.99,81Dish,12.13
2026-08-03,2026-08-16,new01,1127,2000497,,15.75,0.0,tip01,60.27,83Salad,12.13
2026-08-03,2026-08-16,new01,1127,2000500,,15.91,0.0,tip01,60.89,74DRAttend,12.02
2026-08-03,2026-08-16,new01,1127,2000515,,22.87,0.0,tip01,87.51,70Server,12.02
2026-08-03,2026-08-16,new01,1127,2000515,,3.88,0.0,tip01,14.85,74DRAttend,12.02
2026-08-03,2026-08-16,new01,1127,2000530,,3.73,0.0,tip01,14.27,74DRAttend,11.67
2026-08-03,2026-08-16,new01,1127,2000530,,5.05,0.0,tip01,19.32,80Expo,11.67
2026-08-03,2026-08-16,new01,1127,2000530,,16.91,0.0,tip01,64.71,81Dish,11.67
2026-08-03,2026-08-16,new01,1127,2000530,,31.43,0.0,tip01,120.27,83Salad,11.67
2026-08-03,2026-08-16,new01,1127,2000530,,4.82,0.0,tip01,18.44,84Pizza,11.67
2026-08-03,2026-08-16,new01,1127,2000544,,31.57,0.0,tip01,120.80,5ShiftLead,0.0
2026-08-03,2026-08-16,new01,1127,2000544,,5.0,0.0,tip01,19.13,84Pizza,11.67
2026-08-03,2026-08-16,new01,1127,2000544,,25.290000000000003,0.0,tip01,96.78,86Sandwich,11.67
2026-08-03,2026-08-16,new01,1127,2000554,,36.32,0.0,tip01,138.97,70Server,11.67
2026-08-03,2026-08-16,new01,1127,2000572,,11.64,0.0,tip01,44.54,86Sandwich,11.33
2026-08-03,2026-08-16,new01,1127,2000572,,20.08,0.0,tip01,76.83,86Sandwich,11.67
2026-08-03,2026-08-16,new01,1127,2000590,,45.64,0.0,tip01,174.64,70Server,11.33
2026-08-03,2026-08-16,new01,1127,2000590,,14.92,0.0,tip01,57.09,80Expo,11.33
2026-08-03,2026-08-16,new01,1127,2000599,,30.569999999999997,0.0,tip01,116.98,84Pizza,11.33
2026-08-03,2026-08-16,new01,1127,2000601,,4.38,0.0,tip01,16.76,84Pizza,11.33
2026-08-03,2026-08-16,new01,1127,2000601,,39.33,0.0,tip01,150.49,86Sandwich,11.33
2026-08-03,2026-08-16,new01,1127,2000603,,60.67,0.0,tip01,232.16,70Server,11.5
2026-08-03,2026-08-16,new01,1127,2000620,,66.52,0.0,tip01,254.53,82Prep,11.0
2026-08-03,2026-08-16,new01,1127,2000628,,46.33,0.0,tip01,177.29,86Sandwich,11.33
2026-08-03,2026-08-16,new01,1127,2000630,,47.5,0.0,tip01,181.76,70Server,11.33
2026-08-03,2026-08-16,new01,1127,2000630,,3.86,0.0,tip01,14.77,74DRAttend,11.33
2026-08-03,2026-08-16,new01,1127,2000635,,35.53,0.0,tip01,135.94,70Server,11.33
2026-08-03,2026-08-16,new01,1127,2000635,,4.78,0.0,tip01,18.29,74DRAttend,11.33
2026-08-03,2026-08-16,new01,1127,2000639,,46.67999999999999,0.0,tip01,178.63,83Salad,11.0
2026-08-03,2026-08-16,new01,1127,2000641,,4.98,0.0,tip01,19.06,70Server,11.0
2026-08-03,2026-08-16,new01,1127,2000641,,40.809999999999995,0.0,tip01,156.15,80Expo,11.0
2026-08-03,2026-08-16,new01,1127,2000645,,56.93999999999999,0.0,tip01,217.87,70Server,11.0
2026-08-03,2026-08-16,new01,1127,2000646,,17.38,0.0,tip01,66.51,70Server,11.0
2026-08-03,2026-08-16,new01,1127,2000652,,41.279999999999994,0.0,tip01,157.97,81Dish,11.0
2026-08-03,2026-08-16,new01,1127,2000653,,13.969999999999999,0.0,tip01,53.45,70Server,11.0
2026-08-03,2026-08-16,new01,1127,2000653,,4.05,0.0,tip01,15.50,74DRAttend,11.0
2026-08-03,2026-08-16,new01,1127,2000655,,7.449999999999999,0.0,tip01,28.50,84Pizza,11.0
2026-08-03,2026-08-16,new01,1127,2000655,,12.629999999999999,0.0,tip01,48.33,86Sandwich,11.0
2026-08-03,2026-08-16,new01,1127,2000657,,11.7,0.0,tip01,44.77,70Server,11.0
2026-08-03,2026-08-16,new01,1127,2000657,,40.75000000000001,0.0,tip01,155.93,81Dish,11.0
2026-08-03,2026-08-16,new01,1127,2000669,,30.299999999999997,0.0,tip01,115.94,86Sandwich,11.0
2026-08-03,2026-08-16,new01,1127,2000677,,60.699999999999996,0.0,tip01,232.28,86Sandwich,11.0
2026-08-03,2026-08-16,new01,1127,2000689,,28.98,0.0,tip01,110.90,70Server,11.0
2026-08-03,2026-08-16,new01,1127,2000690,,57.900000000000006,0.0,tip01,221.54,84Pizza,11.0
2026-08-03,2026-08-16,new01,1127,2000692,,51.239999999999995,0.0,tip01,196.08,70Server,11.0
2026-08-03,2026-08-16,new01,1127,2000693,,33.46,0.0,tip01,128.05,82Prep,11.0
2026-08-03,2026-08-16,new01,1127,2000694,,57.06000000000001,0.0,tip01,218.35,70Server,11.0
2026-08-03,2026-08-16,new01,1127,2000695,,34.87,0.0,tip01,133.44,84Pizza,11.0
2026-08-03,2026-08-16,new01,1129,292,,15.45,0.0,tip01,58.25,81Dish,13.5
2026-08-03,2026-08-16,new01,1129,294,,79.03,0.0,tip01,298.00,82Prep,16.5
2026-08-03,2026-08-16,new01,1129,313,,77.82,0.0,tip01,293.42,80Expo,16.0
2026-08-03,2026-08-16,new01,1129,319,,76.54,0.0,tip01,288.59,84Pizza,13.0
2026-08-03,2026-08-16,new01,1129,355,,76.3,0.0,tip01,287.70,81Dish,15.0
2026-08-03,2026-08-16,new01,1129,429,,57.30000000000001,0.0,tip01,216.05,70Server,12.5
2026-08-03,2026-08-16,new01,1129,432,,5.55,0.0,tip01,20.93,84Pizza,14.0
2026-08-03,2026-08-16,new01,1129,432,,5.54,0.0,tip01,20.89,86Sandwich,14.0
2026-08-03,2026-08-16,new01,1129,443,,10.17,0.0,tip01,38.35,86Sandwich,14.25
2026-08-03,2026-08-16,new01,1129,448,,25.980000000000004,0.0,tip01,97.96,70Server,13.0
2026-08-03,2026-08-16,new01,1129,465,,4.23,0.0,tip01,15.95,80Expo,16.0
2026-08-03,2026-08-16,new01,1129,465,,41.22,0.0,tip01,155.41,86Sandwich,16.0
2026-08-03,2026-08-16,new01,1129,467,,30.480000000000004,0.0,tip01,114.92,5ShiftLead,15.0
2026-08-03,2026-08-16,new01,1129,467,,8.18,0.0,tip01,30.85,70Server,14.5
2026-08-03,2026-08-16,new01,1129,467,,9.02,0.0,tip01,34.01,80Expo,14.5
2026-08-03,2026-08-16,new01,1129,472,,79.07000000000001,0.0,tip01,298.14,81Dish,13.0
2026-08-03,2026-08-16,new01,1129,482,,28.64,0.0,tip01,107.99,70Server,13.0
2026-08-03,2026-08-16,new01,1129,482,,8.8,0.0,tip01,33.18,80Expo,13.0
2026-08-03,2026-08-16,new01,1129,500,,68.72,0.0,tip01,259.11,80Expo,15.5
2026-08-03,2026-08-16,new01,1129,503,,13.84,0.0,tip01,52.19,74DRAttend,11.0
2026-08-03,2026-08-16,new01,1129,505,,26.279999999999998,0.0,tip01,99.09,70Server,13.0
2026-08-03,2026-08-16,new01,1129,505,,4.83,0.0,tip01,18.21,80Expo,13.0
2026-08-03,2026-08-16,new01,1129,514,,9.879999999999999,0.0,tip01,37.25,5ShiftLead,15.0
2026-08-03,2026-08-16,new01,1129,514,,32.83,0.0,tip01,123.79,80Expo,14.5
2026-08-03,2026-08-16,new01,1129,514,,16.87,0.0,tip01,63.60,84Pizza,14.5
2026-08-03,2026-08-16,new01,1129,514,,9.530000000000001,0.0,tip01,35.93,86Sandwich,14.5
2026-08-03,2026-08-16,new01,1129,516,,15.440000000000001,0.0,tip01,58.21,70Server,12.0
2026-08-03,2026-08-16,new01,1129,518,,71.13,0.0,tip01,268.19,81Dish,12.5
2026-08-03,2026-08-16,new01,1129,520,,13.57,0.0,tip01,51.16,70Server,12.5
2026-08-03,2026-08-16,new01,1129,520,,20.38,0.0,tip01,76.84,80Expo,12.5
2026-08-03,2026-08-16,new01,1129,521,,33.07,0.0,tip01,124.68,70Server,12.5
2026-08-03,2026-08-16,new01,1129,522,,4.02,0.0,tip01,15.16,81Dish,12.0
2026-08-03,2026-08-16,new01,1129,522,,55.339999999999996,0.0,tip01,208.65,83Salad,12.0
2026-08-03,2026-08-16,new01,1129,522,,9.86,0.0,tip01,37.18,86Sandwich,12.0
2026-08-03,2026-08-16,new01,1129,524,,60.97,0.0,tip01,229.90,82Prep,14.75
2026-08-03,2026-08-16,new01,1129,528,,54.16999999999999,0.0,tip01,204.24,83Salad,13.5
2026-08-03,2026-08-16,new01,1129,531,,41.2,0.0,tip01,155.34,70Server,11.5
2026-08-03,2026-08-16,new01,1129,532,,3.36,0.0,tip01,12.67,70Server,12.5
2026-08-03,2026-08-16,new01,1129,533,,15.229999999999999,0.0,tip01,57.43,70Server,11.5
2026-08-03,2026-08-16,new01,1129,534,,8.16,0.0,tip01,30.77,70Server,12.0
2026-08-03,2026-08-16,new01,1130,9091531,Butler Point,42.95,0.0,tip01,228.11,81Dish,15.0
2026-08-03,2026-08-16,new01,1130,9094540,Butler Point,36.16,0.0,tip01,192.05,5ShiftLead,17.0
2026-08-03,2026-08-16,new01,1130,9094540,Butler Point,6.59,0.0,tip01,35.00,82Prep,17.0
2026-08-03,2026-08-16,new01,1130,9094540,Butler Point,3.85,0.0,tip01,20.45,86Sandwich,17.0
2026-08-03,2026-08-16,new01,1130,9094787,Butler Point,36.24,0.0,tip01,192.48,5ShiftLead,17.0
2026-08-03,2026-08-16,new01,1130,9094787,Butler Point,27.95,0.0,tip01,148.45,72CaterTL,17.0
2026-08-03,2026-08-16,new01,1130,9098722,Butler Point,9.52,0.0,tip01,50.57,81Dish,14.0
2026-08-03,2026-08-16,new01,1130,9098722,Butler Point,7.09,0.0,tip01,37.66,81Dish,15.0
2026-08-03,2026-08-16,new01,1130,9099117,Butler Point,74.54999999999998,0.0,tip01,395.94,5ShiftLead,17.0
2026-08-03,2026-08-16,new01,1130,9102185,Butler Point,23.48,0.0,tip01,124.70,5ShiftLead,16.0
2026-08-03,2026-08-16,new01,1130,9102185,Butler Point,10.41,0.0,tip01,55.28,70Server,16.0
2026-08-03,2026-08-16,new01,1130,9102185,Butler Point,27.7,0.0,tip01,147.12,80Expo,16.0
2026-08-03,2026-08-16,new01,1130,9102189,Butler Point,36.72,0.0,tip01,195.03,7CerTrainr,15.5
2026-08-03,2026-08-16,new01,1130,9102962,Butler Point,16.88,0.0,tip01,89.66,70Server,14.0
2026-08-03,2026-08-16,new01,1130,9102962,Butler Point,15.55,0.0,tip01,82.58,70Server,15.25
2026-08-03,2026-08-16,new01,1130,9102964,Butler Point,1.17,0.0,tip01,6.21,70Server,15.0
2026-08-03,2026-08-16,new01,1130,9102964,Butler Point,35.72,0.0,tip01,189.70,83Salad,15.0
2026-08-03,2026-08-16,new01,1130,9102964,Butler Point,9.97,0.0,tip01,52.95,86Sandwich,15.0
2026-08-03,2026-08-16,new01,1130,9103427,Butler Point,24.080000000000002,0.0,tip01,127.90,5ShiftLead,16.5
2026-08-03,2026-08-16,new01,1130,9103427,Butler Point,39.0,0.0,tip01,207.13,7CerTrainr,15.5
2026-08-03,2026-08-16,new01,1130,9103427,Butler Point,14.400000000000002,0.0,tip01,76.47,7CerTrainr,16.5
2026-08-03,2026-08-16,new01,1130,9103604,Butler Point,11.78,0.0,tip01,62.57,70Server,14.0
2026-08-03,2026-08-16,new01,1130,9103604,Butler Point,8.81,0.0,tip01,46.78,70Server,15.25
2026-08-03,2026-08-16,new01,1130,9103604,Butler Point,10.370000000000001,0.0,tip01,55.07,83Salad,15.25
2026-08-03,2026-08-16,new01,1130,9103625,Butler Point,21.97,0.0,tip01,116.68,82Prep,14.0
2026-08-03,2026-08-16,new01,1130,9103625,Butler Point,5.2,0.0,tip01,27.62,82Prep,15.25
2026-08-03,2026-08-16,new01,1130,9103625,Butler Point,4.13,0.0,tip01,21.93,83Salad,14.0
2026-08-03,2026-08-16,new01,1130,9103720,Butler Point,9.780000000000001,0.0,tip01,51.95,83Salad,14.0
2026-08-03,2026-08-16,new01,1130,9103720,Butler Point,0.33,0.0,tip01,1.75,84Pizza,14.0
2026-08-03,2026-08-16,new01,1130,9103720,Butler Point,10.370000000000001,0.0,tip01,55.08,84Pizza,15.25
2026-08-03,2026-08-16,new01,1130,9104022,Butler Point,16.07,0.0,tip01,85.35,81Dish,14.0
2026-08-03,2026-08-16,new01,1130,9104022,Butler Point,13.32,0.0,tip01,70.74,81Dish,15.0
2026-08-03,2026-08-16,new01,1130,9104063,Butler Point,13.93,0.0,tip01,73.98,83Salad,14.0
2026-08-03,2026-08-16,new01,1130,9104129,Butler Point,30.060000000000002,0.0,tip01,159.65,82Prep,14.0
2026-08-03,2026-08-16,new01,1130,9104169,Butler Point,1.65,0.0,tip01,8.76,84Pizza,14.0
2026-08-03,2026-08-16,new01,1130,9104169,Butler Point,12.57,0.0,tip01,66.76,86Sandwich,14.0
2026-08-03,2026-08-16,new01,1130,9104179,Butler Point,6.05,0.0,tip01,32.13,83Salad,14.0
2026-08-03,2026-08-16,new01,1130,9104185,Butler Point,5.8100000000000005,0.0,tip01,30.86,70Server,14.0
2026-08-03,2026-08-16,new01,1130,9104191,Butler Point,3.63,0.0,tip01,19.28,81Dish,15.0
2026-08-03,2026-08-16,new01,1131,159,,79.99999999999999,20.72,tip01,180.63,5ShiftLead,22.0
2026-08-03,2026-08-16,new01,1131,4237,,76.4,0.0,tip01,137.01,5ShiftLead,19.75
2026-08-03,2026-08-16,new01,1131,4248,,73.94,0.0,tip01,132.62,5ShiftLead,19.75
2026-08-03,2026-08-16,new01,1131,4335,,58.879999999999995,0.0,tip01,105.61,81Dish,11.5
2026-08-03,2026-08-16,new01,1131,4462,,79.99999999999999,7.75,tip01,157.38,5ShiftLead,18.25
2026-08-03,2026-08-16,new01,1131,4466,,3.49,0.0,tip01,6.26,70Server,14.0
2026-08-03,2026-08-16,new01,1131,4489,,53.24,0.0,tip01,95.49,81Dish,9.0
2026-08-03,2026-08-16,new01,1131,4492,,49.62,0.0,tip01,88.99,81Dish,9.0
2026-08-03,2026-08-16,new01,1131,4495,,31.599999999999998,0.0,tip01,56.67,83Salad,9.0
2026-08-03,2026-08-16,new01,1131,4496,,17.369999999999997,0.0,tip01,31.14,84Pizza,13.0
2026-08-03,2026-08-16,new01,1131,4503,,29.599999999999998,0.0,tip01,53.07,86Sandwich,9.0
2026-08-03,2026-08-16,new01,1131,4504,,44.56,0.0,tip01,79.90,83Salad,9.0
2026-08-03,2026-08-16,new01,1131,4507,,21.17,0.0,tip01,37.96,84Pizza,11.0
2026-08-03,2026-08-16,new01,1131,4510,,71.81,0.0,tip01,128.78,86Sandwich,12.5
2026-08-03,2026-08-16,new01,1131,4511,,22.72,0.0,tip01,40.75,70Server,9.0
2026-08-03,2026-08-16,new01,1131,4514,,43.57,0.0,tip01,78.13,83Salad,9.0
2026-08-03,2026-08-16,new01,1131,4516,,19.84,0.0,tip01,35.59,81Dish,12.0
2026-08-03,2026-08-16,new01,1131,4517,,44.21999999999999,0.0,tip01,79.30,86Sandwich,11.0
2026-08-03,2026-08-16,new01,1131,4518,,24.89,0.0,tip01,44.63,81Dish,9.0
2026-08-03,2026-08-16,new01,1131,4519,,14.969999999999999,0.0,tip01,26.85,70Server,9.0
2026-08-03,2026-08-16,new01,1131,4562,,20.01,0.0,tip01,35.89,70Server,9.0
2026-08-03,2026-08-16,new01,1131,4565,,44.81,0.0,tip01,80.36,84Pizza,9.0
2026-08-03,2026-08-16,new01,1131,4581,,35.38,0.0,tip01,63.46,80Expo,12.0
2026-08-03,2026-08-16,new01,1133,,,21.74,0.0,tip01,152.30,70Server,15.5
2026-08-03,2026-08-16,new01,1133,0664,,46.19,0.0,tip01,323.60,86Sandwich,17.5
2026-08-03,2026-08-16,new01,1133,0709,,19.81,0.0,tip01,138.79,70Server,15.0
2026-08-03,2026-08-16,new01,1133,1109,,63.81,0.0,tip01,447.02,72CaterTL,16.5
2026-08-03,2026-08-16,new01,1133,1127,,63.550000000000004,0.0,tip01,445.21,83Salad,16.0
2026-08-03,2026-08-16,new01,1133,1252,,80.0,10.379999999999999,tip01,633.17,5ShiftLead,18.0
2026-08-03,2026-08-16,new01,1133,1327,,72.00999999999999,0.0,tip01,504.45,84Pizza,15.0
2026-08-03,2026-08-16,new01,1133,2718,,61.48,0.0,tip01,430.71,82Prep,15.5
2026-08-03,2026-08-16,new01,1133,2895,,33.06,0.0,tip01,231.60,83Salad,16.0
2026-08-03,2026-08-16,new01,1133,3395,,12.11,0.0,tip01,84.84,70Server,15.0
2026-08-03,2026-08-16,new01,1133,4154,,76.05000000000001,0.0,tip01,532.78,83Salad,15.0
2026-08-03,2026-08-16,new01,1133,4167,,80.0,6.33,tip01,604.79,5ShiftLead,17.5
2026-08-03,2026-08-16,new01,1133,4341,,25.53,0.0,tip01,178.86,70Server,15.5
2026-08-03,2026-08-16,new01,1133,4531,,71.02,0.0,tip01,497.54,82Prep,17.0
2026-08-03,2026-08-16,new01,1133,4638,,61.19,0.0,tip01,428.66,84Pizza,16.0
2026-08-03,2026-08-16,new01,1133,5077,,33.9,0.0,tip01,237.50,70Server,15.0
2026-08-03,2026-08-16,new01,1133,5077,,4.0,0.0,tip01,28.02,84Pizza,15.0
2026-08-03,2026-08-16,new01,1133,5491,,49.480000000000004,1.02,tip01,353.78,5ShiftLead,16.0
2026-08-03,2026-08-16,new01,1133,5491,,24.34,0.0,tip01,170.52,80Expo,16.0
2026-08-03,2026-08-16,new01,1133,6490,,31.67,0.0,tip01,221.86,84Pizza,15.5
2026-08-03,2026-08-16,new01,1133,6694,,78.46999999999998,0.06,tip01,550.14,70Server,16.0
2026-08-03,2026-08-16,new01,1133,7556,,42.82000000000001,0.0,tip01,299.98,70Server,15.5
2026-08-03,2026-08-16,new01,1133,7620,,71.57,0.0,tip01,501.39,86Sandwich,18.0
2026-08-03,2026-08-16,new01,1133,7745,,67.05,0.0,tip01,469.75,81Dish,15.0
2026-08-03,2026-08-16,new01,1133,8715,,55.95,0.0,tip01,391.95,86Sandwich,16.0
2026-08-03,2026-08-16,new01,1133,9760,,74.30000000000001,0.0,tip01,520.52,81Dish,15.0
2026-08-03,2026-08-16,new01,1134,AGLEE7,,27.830000000000002,0.0,tip01,94.49,86Sandwich,9.0
2026-08-03,2026-08-16,new01,1134,AJONES1550,,28.09,0.0,tip01,95.36,70Server,9.0
2026-08-03,2026-08-16,new01,1134,BCCLAY1,,36.33,0.0,tip01,123.34,74DRAttend,10.0
2026-08-03,2026-08-16,new01,1134,CICLAYTON,,40.510000000000005,0.0,tip01,137.54,74DRAttend,9.0
2026-08-03,2026-08-16,new01,1134,CTKOONCE,,9.55,0.0,tip01,32.42,70Server,10.5
2026-08-03,2026-08-16,new01,1134,CTKOONCE,,28.25,0.0,tip01,95.91,83Salad,10.5
2026-08-03,2026-08-16,new01,1134,DABIVENS188,,59.459999999999994,0.0,tip01,201.88,82Prep,9.0
2026-08-03,2026-08-16,new01,1134,DCFITZGERALD2,,36.23,0.0,tip01,122.98,70Server,8.0
2026-08-03,2026-08-16,new01,1134,DJASPER6,,31.11,0.0,tip01,105.62,81Dish,8.0
2026-08-03,2026-08-16,new01,1134,DJOHNSON1846,,64.34,0.0,tip01,218.43,86Sandwich,10.0
2026-08-03,2026-08-16,new01,1134,DLINDSEY51,,55.97,0.0,tip01,190.02,83Salad,8.0
2026-08-03,2026-08-16,new01,1134,ECLAY18,,50.64,0.0,tip01,171.91,70Server,11.0
2026-08-03,2026-08-16,new01,1134,EJASPER,,68.51,0.0,tip01,232.60,82Prep,9.0
2026-08-03,2026-08-16,new01,1134,GBRYAN8,,4.67,0.0,tip01,15.85,82Prep,10.0
2026-08-03,2026-08-16,new01,1134,GBRYAN8,,56.86999999999999,0.0,tip01,193.09,86Sandwich,10.0
2026-08-03,2026-08-16,new01,1134,GEBRYAN1,,59.9,0.0,tip01,203.35,83Salad,10.0
2026-08-03,2026-08-16,new01,1134,HLCONNER1,,68.06,0.0,tip01,231.06,72CaterTL,12.0
2026-08-03,2026-08-16,new01,1134,HPOPE15,,62.230000000000004,0.0,tip01,211.27,84Pizza,8.0
2026-08-03,2026-08-16,new01,1134,IHENDERSON18,,36.1,0.0,tip01,122.56,84Pizza,12.5
2026-08-03,2026-08-16,new01,1134,JAHEARN8,,40.61,0.0,tip01,137.85,86Sandwich,8.0
2026-08-03,2026-08-16,new01,1134,JJAMES405,,75.76,0.0,tip01,257.21,5ShiftLead,0.0
2026-08-03,2026-08-16,new01,1134,JKENNEDY140,,63.49000000000001,0.0,tip01,215.55,83Salad,11.0
2026-08-03,2026-08-16,new01,1134,JRUSH33,,54.760000000000005,0.0,tip01,185.91,86Sandwich,8.0
2026-08-03,2026-08-16,new01,1134,JSCARBROUGH12,,41.5,0.0,tip01,140.91,74DRAttend,10.0
2026-08-03,2026-08-16,new01,1134,KABURGESS5,,53.64999999999999,0.0,tip01,182.12,70Server,8.0
2026-08-03,2026-08-16,new01,1134,KBURKE56,,77.66,0.0,tip01,263.66,5ShiftLead,0.0
2026-08-03,2026-08-16,new01,1134,KKNIGHT111,,47.86,0.0,tip01,162.47,70Server,8.0
2026-08-03,2026-08-16,new01,1134,KWBRANNING,,59.12,0.0,tip01,200.71,81Dish,9.0
2026-08-03,2026-08-16,new01,1134,LDBOLDEN,,65.34,0.0,tip01,221.82,5ShiftLead,18.0
2026-08-03,2026-08-16,new01,1134,LTCARLISLE,,57.71,0.0,tip01,195.92,81Dish,11.0
2026-08-03,2026-08-16,new01,1134,MLDIAL2,,49.419999999999995,0.0,tip01,167.78,82Prep,12.5
2026-08-03,2026-08-16,new01,1134,MSPEARS50,,41.879999999999995,0.0,tip01,142.19,70Server,8.0
2026-08-03,2026-08-16,new01,1134,NHORN6,,45.16,0.0,tip01,153.31,70Server,8.0
2026-08-03,2026-08-16,new01,1134,PLMCGARITY,,80.0,0.32,tip01,272.66,7CerTrainr,11.0
2026-08-03,2026-08-16,new01,1134,RDIAL2,,50.56999999999999,0.0,tip01,171.69,82Prep,13.0
2026-08-03,2026-08-16,new01,1134,RGALVAN30,,39.87,0.0,tip01,135.35,70Server,8.0
2026-08-03,2026-08-16,new01,1134,SNERVING,,3.78,0.0,tip01,12.83,70Server,8.0
2026-08-03,2026-08-16,new01,1134,SREW3,,80.0,4.27,tip01,286.10,86Sandwich,11.5
2026-08-03,2026-08-16,new01,1134,TDUDLEY12,,66.10999999999999,0.0,tip01,224.44,70Server,11.0
2026-08-03,2026-08-16,new01,1134,TSMITH1419,,35.64,0.0,tip01,121.00,7CerTrainr,11.0
2026-08-03,2026-08-16,new01,1134,ZNTRIPLETT,,14.22,0.0,tip01,48.27,83Salad,8.0
2026-08-03,2026-08-16,new01,1139,121,,66.26,0.0,tip01,308.09,82Prep,15.0
2026-08-03,2026-08-16,new01,1139,169,,30.43,0.0,tip01,141.49,83Salad,15.0
2026-08-03,2026-08-16,new01,1139,178,,76.74,0.61,tip01,359.63,86Sandwich,16.5
2026-08-03,2026-08-16,new01,1139,256,,8.09,0.0,tip01,37.61,82Prep,16.5
2026-08-03,2026-08-16,new01,1139,256,,47.24,1.19,tip01,225.17,83Salad,16.5
2026-08-03,2026-08-16,new01,1139,256,,24.67,0.0,tip01,114.70,84Pizza,16.5
2026-08-03,2026-08-16,new01,1139,270,,2.88,0.0,tip01,13.39,84Pizza,16.5
2026-08-03,2026-08-16,new01,1139,291,,5.64,0.0,tip01,26.22,70Server,12.0
2026-08-03,2026-08-16,new01,1139,293,,13.170000000000002,0.0,tip01,61.24,70Server,11.0
2026-08-03,2026-08-16,new01,1139,298,,15.57,0.0,tip01,72.38,70Server,12.0
2026-08-03,2026-08-16,new01,1139,312,,4.46,0.0,tip01,20.74,70Server,11.0
2026-08-03,2026-08-16,new01,1139,316,,53.11,0.57,tip01,249.59,83Salad,14.0
2026-08-03,2026-08-16,new01,1139,316,,21.770000000000003,0.0,tip01,101.21,84Pizza,14.0
2026-08-03,2026-08-16,new01,1139,321,,57.300000000000004,0.0,tip01,266.43,70Server,12.0
2026-08-03,2026-08-16,new01,1139,327,,27.620000000000005,0.0,tip01,128.42,70Server,11.0
2026-08-03,2026-08-16,new01,1139,330,,27.5,0.0,tip01,127.86,70Server,11.0
2026-08-03,2026-08-16,new01,1139,332,,26.180000000000003,0.0,tip01,121.73,84Pizza,11.0
2026-08-03,2026-08-16,new01,1139,335,,47.81,0.0,tip01,222.30,81Dish,14.0
2026-08-03,2026-08-16,new01,1139,337,,3.17,0.0,tip01,14.74,70Server,11.0
2026-08-03,2026-08-16,new01,1139,337,,8.64,0.0,tip01,40.17,81Dish,11.0
2026-08-03,2026-08-16,new01,1139,337,,36.77,0.0,tip01,170.96,83Salad,11.0
2026-08-03,2026-08-16,new01,1139,343,,27.17,0.0,tip01,126.32,70Server,10.0
2026-08-03,2026-08-16,new01,1139,343,,20.5,0.0,tip01,95.31,70Server,11.0
2026-08-03,2026-08-16,new01,1139,345,,40.220000000000006,0.0,tip01,187.00,81Dish,10.0
2026-08-03,2026-08-16,new01,1139,348,,78.51999999999998,0.0,tip01,365.04,5ShiftLead,15.0
2026-08-03,2026-08-16,new01,1139,351,,58.71,0.0,tip01,272.98,86Sandwich,13.0
2026-08-03,2026-08-16,new01,1139,353,,42.779999999999994,0.0,tip01,198.90,70Server,11.0
2026-08-03,2026-08-16,new01,1139,353,,13.350000000000001,0.0,tip01,62.08,80Expo,11.0
2026-08-03,2026-08-16,new01,1139,357,,61.379999999999995,0.0,tip01,285.38,84Pizza,12.0
2026-08-03,2026-08-16,new01,1139,358,,2.37,0.0,tip01,11.02,70Server,9.0
2026-08-03,2026-08-16,new01,1139,360,,20.5,0.0,tip01,95.32,70Server,11.0
2026-08-03,2026-08-16,new01,1147,002,,80.0,23.68,tip01,11.34,5ShiftLead,24.0
2026-08-03,2026-08-16,new01,1147,004,,46.699999999999996,0.0,tip01,5.09,80Expo,14.25
2026-08-03,2026-08-16,new01,1147,005,,80.0,24.71,tip01,11.44,5ShiftLead,19.0
2026-08-03,2026-08-16,new01,1147,012,,55.84,0.0,tip01,6.10,81Dish,14.0
2026-08-03,2026-08-16,new01,1147,054,,69.03,0.11,tip01,7.55,84Pizza,15.0
2026-08-03,2026-08-16,new01,1147,064,,20.639999999999997,0.0,tip01,2.26,70Server,13.0
2026-08-03,2026-08-16,new01,1147,064,,9.34,0.0,tip01,1.02,81Dish,13.0
2026-08-03,2026-08-16,new01,1147,077,,41.24,0.0,tip01,4.50,84Pizza,14.5
2026-08-03,2026-08-16,new01,1147,079,,4.140000000000001,0.0,tip01,0.46,107Utility,13.5
2026-08-03,2026-08-16,new01,1147,079,,32.730000000000004,0.0,tip01,3.57,81Dish,13.0
2026-08-03,2026-08-16,new01,1147,079,,22.09,0.0,tip01,2.41,86Sandwich,13.0
2026-08-03,2026-08-16,new01,1147,082,,33.72,0.0,tip01,3.68,70Server,12.5
2026-08-03,2026-08-16,new01,1147,082,,0.0,0.0,tip01,0.00,84Pizza,12.5
2026-08-03,2026-08-16,new01,1147,084,,3.5999999999999996,0.0,tip01,0.39,5ShiftLead,0.0
2026-08-03,2026-08-16,new01,1147,098,,61.14,0.0,tip01,6.69,84Pizza,15.5
2026-08-03,2026-08-16,new01,1147,101,,74.81,0.0,tip01,8.19,86Sandwich,13.5
2026-08-03,2026-08-16,new01,1147,103,,80.0,20.08,tip01,10.94,5ShiftLead,16.0
2026-08-03,2026-08-16,new01,1147,109,,17.16,0.0,tip01,1.88,83Salad,17.0
2026-08-03,2026-08-16,new01,1147,115,,36.790000000000006,0.0,tip01,4.03,70Server,15.5
2026-08-03,2026-08-16,new01,1147,115,,14.2,0.0,tip01,1.55,84Pizza,15.5
2026-08-03,2026-08-16,new01,1147,117,,39.78,0.0,tip01,4.35,83Salad,12.0
2026-08-03,2026-08-16,new01,1147,125,,31.21,0.0,tip01,3.40,81Dish,12.5
2026-08-03,2026-08-16,new01,1147,126,,43.150000000000006,0.0,tip01,4.72,81Dish,13.0
2026-08-03,2026-08-16,new01,1147,132,,56.86,0.0,tip01,6.21,83Salad,12.75
2026-08-03,2026-08-16,new01,1147,132,,2.35,0.0,tip01,0.26,84Pizza,12.75
2026-08-03,2026-08-16,new01,1147,133,,24.35,0.0,tip01,2.66,70Server,13.0
2026-08-03,2026-08-16,new01,1147,137,,54.47,0.0,tip01,5.95,70Server,12.5
2026-08-03,2026-08-16,new01,1147,138,,43.38,0.0,tip01,4.75,70Server,13.0
2026-08-03,2026-08-16,new01,1147,139,,36.75,0.0,tip01,4.01,70Server,12.0
2026-08-03,2026-08-16,new01,1147,140,,12.35,0.0,tip01,1.35,70Server,12.5
2026-08-03,2026-08-16,new01,1147,99,,5.37,0.0,tip01,0.59,84Pizza,12.5
2026-08-03,2026-08-16,new01,1147,99,,46.690000000000005,0.0,tip01,5.10,86Sandwich,12.5
2026-08-03,2026-08-16,new01,1148,,,21.450000000000003,0.0,tip01,82.51,83Salad,16.0
2026-08-03,2026-08-16,new01,1148,1066,,51.24000000000001,0.0,tip01,197.11,70Server,12.0
2026-08-03,2026-08-16,new01,1148,1313,,73.88000000000001,0.0,tip01,284.20,86Sandwich,16.5
2026-08-03,2026-08-16,new01,1148,3,,76.65,0.0,tip01,294.85,5ShiftLead,19.0
2026-08-03,2026-08-16,new01,1148,3285,,69.55999999999999,0.0,tip01,267.56,80Expo,13.5
2026-08-03,2026-08-16,new01,1148,4,,77.67999999999999,0.0,tip01,298.81,83Salad,15.0
2026-08-03,2026-08-16,new01,1148,6,,68.47,0.0,tip01,263.39,82Prep,17.0
2026-08-03,2026-08-16,new01,1148,7358,,55.830000000000005,0.0,tip01,214.76,80Expo,13.0
2026-08-03,2026-08-16,new01,1148,8113,,79.37,0.46,tip01,307.07,86Sandwich,13.0
2026-08-03,2026-08-16,new01,1154,,,56.86,0.0,tip01,155.87,41Training,1.0
2026-08-03,2026-08-16,new01,1154,,,35.9,0.0,tip01,98.40,5ShiftLead,12.0
2026-08-03,2026-08-16,new01,1154,,,79.5,0.0,tip01,217.92,5ShiftLead,12.5
2026-08-03,2026-08-16,new01,1154,,,90.77,0.0,tip01,248.82,70Server,7.5
2026-08-03,2026-08-16,new01,1154,,,128.70000000000002,0.0,tip01,352.79,70Server,8.0
2026-08-03,2026-08-16,new01,1154,,,45.95,0.0,tip01,125.95,70Server,8.5
2026-08-03,2026-08-16,new01,1154,,,74.48,0.0,tip01,204.18,70Server,9.0
2026-08-03,2026-08-16,new01,1154,,,93.25000000000001,0.0,tip01,255.61,70Server,9.5
2026-08-03,2026-08-16,new01,1154,,,59.50000000000001,0.0,tip01,163.11,70Server,10.0
2026-08-03,2026-08-16,new01,1154,,,20.0,0.0,tip01,54.82,70Server,10.5
2026-08-03,2026-08-16,new01,1154,,,41.0,0.0,tip01,112.38,70Server,12.5
2026-08-03,2026-08-16,new01,1154,,,46.04,0.0,tip01,126.21,80Expo,11.0
2026-08-03,2026-08-16,new01,1154,,,66.17999999999999,0.0,tip01,181.40,81Dish,9.0
2026-08-03,2026-08-16,new01,1154,,,78.09,0.0,tip01,214.06,81Dish,13.0
2026-08-03,2026-08-16,new01,1154,,,69.31,2.1,tip01,195.74,82Prep,11.5
2026-08-03,2026-08-16,new01,1154,,,77.59,0.0,tip01,212.68,83Salad,12.0
2026-08-03,2026-08-16,new01,1154,,,75.67999999999999,0.0,tip01,207.43,84Pizza,13.0
2026-08-03,2026-08-16,new01,1154,,,32.29,0.0,tip01,88.51,86Sandwich,9.0
2026-08-03,2026-08-16,new01,1154,,,127.61000000000001,5.78,tip01,365.64,86Sandwich,12.0
2026-08-03,2026-08-16,new01,1154,0577,,15.469999999999999,0.0,tip01,42.41,70Server,9.0
2026-08-03,2026-08-16,new01,1154,1010,,33.5,0.0,tip01,91.83,70Server,10.0
2026-08-03,2026-08-16,new01,1154,1020,,64.93,0.0,tip01,177.99,81Dish,10.0
2026-08-03,2026-08-16,new01,1154,1070,,10.6,0.0,tip01,29.05,70Server,8.5
2026-08-03,2026-08-16,new01,1154,110,,70.58999999999999,0.0,tip01,193.50,5ShiftLead,13.5
2026-08-03,2026-08-16,new01,1154,1374,,10.96,0.0,tip01,30.04,70Server,8.0
2026-08-03,2026-08-16,new01,1154,3756,,80.0,27.139999999999997,tip01,293.69,5ShiftLead,15.0
2026-08-03,2026-08-16,new01,1154,4097,,50.84,0.0,tip01,139.35,84Pizza,12.0
2026-08-03,2026-08-16,new01,1154,5447,,61.63999999999999,0.0,tip01,168.98,86Sandwich,10.0
2026-08-03,2026-08-16,new01,1154,5844,,80.0,16.64,tip01,264.91,83Salad,12.0
2026-08-03,2026-08-16,new01,1154,7321,,9.21,0.0,tip01,25.25,70Server,7.5
2026-08-03,2026-08-16,new01,1154,9318,,79.61,4.22,tip01,229.79,5ShiftLead,13.5
2026-08-03,2026-08-16,new01,1166,ADOWNS33,,12.219999999999999,0.0,tip01,44.02,81Dish,9.0
2026-08-03,2026-08-16,new01,1166,BWELCH355,,28.83,0.0,tip01,103.84,83Salad,11.0
2026-08-03,2026-08-16,new01,1166,BWELCH355,,28.38,0.0,tip01,102.23,86Sandwich,11.0
2026-08-03,2026-08-16,new01,1166,CJONES1493,,20.29,0.0,tip01,73.09,86Sandwich,0.0
2026-08-03,2026-08-16,new01,1166,CLPARRISH2,,77.91,10.37,tip01,318.01,5ShiftLead,0.0
2026-08-03,2026-08-16,new01,1166,EDTELLERIA,,68.99000000000001,0.0,tip01,248.54,82Prep,13.5
2026-08-03,2026-08-16,new01,1166,EMONTECINOS,,75.75999999999999,0.76,tip01,275.65,81Dish,12.0
2026-08-03,2026-08-16,new01,1166,HLOVELL,,9.42,0.0,tip01,33.94,70Server,11.0
2026-08-03,2026-08-16,new01,1166,HLOVELL,,63.01,0.66,tip01,229.35,83Salad,11.0
2026-08-03,2026-08-16,new01,1166,JNARHMENSAH,,46.38,3.88,tip01,181.05,83Salad,11.0
2026-08-03,2026-08-16,new01,1166,JNARHMENSAH,,33.62,0.0,tip01,121.11,86Sandwich,11.0
2026-08-03,2026-08-16,new01,1166,JPALACIOS81,,64.63,0.0,tip01,232.81,82Prep,11.5
2026-08-03,2026-08-16,new01,1166,JPfeiff,,30.900000000000006,0.0,tip01,111.31,70Server,9.0
2026-08-03,2026-08-16,new01,1166,JPfeiff,,27.66,0.0,tip01,99.63,81Dish,9.0
2026-08-03,2026-08-16,new01,1166,JVASEK,,80.0,3.5199999999999996,tip01,300.87,84Pizza,11.0
2026-08-03,2026-08-16,new01,1166,LHALE21,,57.47999999999999,0.0,tip01,207.06,70Server,11.5
2026-08-03,2026-08-16,new01,1166,LLEE191,,57.33,0.0,tip01,206.51,82Prep,14.0
2026-08-03,2026-08-16,new01,1166,LOWUSU,,9.01,0.0,tip01,32.46,84Pizza,11.0
2026-08-03,2026-08-16,new01,1166,MJORDAN174,,74.06,22.529999999999998,tip01,347.95,5ShiftLead,0.0
2026-08-03,2026-08-16,new01,1166,MLUENSER,,80.00000000000001,11.02,tip01,327.88,5ShiftLead,0.0
2026-08-03,2026-08-16,new01,1166,MVANN13,,77.72999999999999,12.379999999999999,tip01,324.58,70Server,11.0
2026-08-03,2026-08-16,new01,1166,NStafford,,13.96,0.0,tip01,50.28,86Sandwich,9.0
2026-08-03,2026-08-16,new01,1166,ReillyOwusu,,16.9,0.0,tip01,60.89,84Pizza,9.0
2026-08-03,2026-08-16,new01,1166,RMARTIN330,,38.83,0.0,tip01,139.89,70Server,11.0
2026-08-03,2026-08-16,new01,1166,RMARTIN330,,14.16,0.0,tip01,51.00,84Pizza,11.0
2026-08-03,2026-08-16,new01,1166,VAGAN,,33.93,0.0,tip01,122.23,83Salad,12.5
2026-08-03,2026-08-16,new01,1166,ZLOPEZ24,,74.84000000000002,0.0,tip01,269.59,82Prep,11.0
2026-08-03,2026-08-16,new01,1172,1157,,1.52,0.0,tip01,7.00,107Utility,10.0
2026-08-03,2026-08-16,new01,1172,1338,,48.69000000000001,0.0,tip01,224.19,81Dish,12.0
2026-08-03,2026-08-16,new01,1172,1375,,66.17,0.0,tip01,304.69,81Dish,14.0
2026-08-03,2026-08-16,new01,1172,1387,,17.25,0.0,tip01,79.44,70Server,10.0
2026-08-03,2026-08-16,new01,1172,1387,,0.99,0.0,tip01,4.56,83Salad,10.0
2026-08-03,2026-08-16,new01,1172,1753,,10.91,0.0,tip01,50.24,70Server,9.0
2026-08-03,2026-08-16,new01,1172,2051,,41.46,0.0,tip01,190.93,84Pizza,10.0
2026-08-03,2026-08-16,new01,1172,2165,,80.00000000000001,7.300000000000001,tip01,402.02,82Prep,14.0
2026-08-03,2026-08-16,new01,1172,2319,,39.66,0.0,tip01,182.63,70Server,10.0
2026-08-03,2026-08-16,new01,1172,3233,,15.93,0.0,tip01,73.35,81Dish,11.0
2026-08-03,2026-08-16,new01,1172,3233,,46.37,0.0,tip01,213.54,86Sandwich,11.0
2026-08-03,2026-08-16,new01,1172,3353,,23.479999999999997,0.0,tip01,108.13,70Server,10.0
2026-08-03,2026-08-16,new01,1172,3353,,4.67,0.0,tip01,21.50,86Sandwich,10.0
2026-08-03,2026-08-16,new01,1172,3644,,10.07,0.0,tip01,46.37,70Server,10.0
2026-08-03,2026-08-16,new01,1172,4300,,24.970000000000002,0.0,tip01,114.99,5ShiftLead,0.0
2026-08-03,2026-08-16,new01,1172,4445,,59.97,0.0,tip01,276.15,70Server,10.0
2026-08-03,2026-08-16,new01,1172,4918,,76.31000000000002,0.0,tip01,351.41,84Pizza,12.0
2026-08-03,2026-08-16,new01,1172,4923,,14.6,0.0,tip01,67.23,70Server,8.0
2026-08-03,2026-08-16,new01,1172,4963,,29.9,0.0,tip01,137.68,84Pizza,12.0
2026-08-03,2026-08-16,new01,1172,5033,,10.43,0.0,tip01,48.03,5ShiftLead,15.0
2026-08-03,2026-08-16,new01,1172,5134,,32.18,0.0,tip01,148.19,81Dish,11.5
2026-08-03,2026-08-16,new01,1172,5202,,5.659999999999999,0.0,tip01,26.06,81Dish,12.0
2026-08-03,2026-08-16,new01,1172,5202,,45.080000000000005,0.0,tip01,207.59,84Pizza,12.0
2026-08-03,2026-08-16,new01,1172,5348,,7.32,0.0,tip01,33.71,7CerTrainr,14.7
2026-08-03,2026-08-16,new01,1172,5348,,68.06,0.0,tip01,313.41,83Salad,14.7
2026-08-03,2026-08-16,new01,1172,5467,,26.060000000000002,0.0,tip01,120.00,70Server,9.0
2026-08-03,2026-08-16,new01,1172,5492,,80.0,6.56,tip01,398.60,84Pizza,14.5
2026-08-03,2026-08-16,new01,1172,5557,,26.049999999999997,0.0,tip01,119.96,70Server,9.0
2026-08-03,2026-08-16,new01,1172,5757,,53.50999999999999,0.0,tip01,246.41,70Server,10.0
2026-08-03,2026-08-16,new01,1172,7805,,43.98,0.0,tip01,202.52,5ShiftLead,16.0
2026-08-03,2026-08-16,new01,1172,7849,,6.97,0.0,tip01,32.10,107Utility,10.0
2026-08-03,2026-08-16,new01,1172,8516,,13.059999999999999,0.0,tip01,60.14,86Sandwich,11.0
2026-08-03,2026-08-16,new01,1172,9126,,14.57,0.0,tip01,67.09,81Dish,10.0
2026-08-03,2026-08-16,new01,1172,9409,,6.49,0.0,tip01,29.89,70Server,8.5
2026-08-03,2026-08-16,new01,1172,9541,,23.97,0.0,tip01,110.38,70Server,9.0
2026-08-03,2026-08-16,new01,1175,,,22.380000000000003,0.0,tip01,84.99,5ShiftLead,0.0
2026-08-03,2026-08-16,new01,1175,3000154,,15.03,0.0,tip01,57.08,70Server,12.91
2026-08-03,2026-08-16,new01,1175,3000154,,43.99999999999999,0.0,tip01,167.09,83Salad,12.91
2026-08-03,2026-08-16,new01,1175,3000154,,7.96,0.0,tip01,30.23,84Pizza,12.91
2026-08-03,2026-08-16,new01,1175,3000220,,35.43,0.0,tip01,134.55,81Dish,13.0
2026-08-03,2026-08-16,new01,1175,3000299,,39.02,0.0,tip01,148.20,80Expo,14.2
2026-08-03,2026-08-16,new01,1175,3000299,,28.95,0.0,tip01,109.95,83Salad,14.2
2026-08-03,2026-08-16,new01,1175,3000299,,2.78,0.0,tip01,10.56,84Pizza,14.2
2026-08-03,2026-08-16,new01,1175,3000299,,5.04,0.0,tip01,19.14,86Sandwich,14.2
2026-08-03,2026-08-16,new01,1175,3000314,,3.14,0.0,tip01,11.93,70Server,11.33
2026-08-03,2026-08-16,new01,1175,3000314,,11.780000000000001,0.0,tip01,44.73,7CerTrainr,11.33
2026-08-03,2026-08-16,new01,1175,3000314,,11.0,0.0,tip01,41.78,80Expo,11.33
2026-08-03,2026-08-16,new01,1175,3000314,,1.84,0.0,tip01,6.99,84Pizza,11.33
2026-08-03,2026-08-16,new01,1175,3000314,,17.0,0.0,tip01,64.56,86Sandwich,11.33
2026-08-03,2026-08-16,new01,1175,3000325,,4.74,0.0,tip01,18.00,81Dish,11.33
2026-08-03,2026-08-16,new01,1175,3000325,,14.41,0.0,tip01,54.73,82Prep,11.33
2026-08-03,2026-08-16,new01,1175,3000325,,15.17,0.0,tip01,57.62,84Pizza,11.33
2026-08-03,2026-08-16,new01,1175,3000334,,51.3,0.0,tip01,194.83,70Server,11.33
2026-08-03,2026-08-16,new01,1175,3000354,,65.84,0.0,tip01,250.05,7CerTrainr,13.0
2026-08-03,2026-08-16,new01,1175,3000358,,64.55,0.0,tip01,245.17,86Sandwich,11.0
2026-08-03,2026-08-16,new01,1175,3000361,,5.07,0.0,tip01,19.26,7CerTrainr,11.0
2026-08-03,2026-08-16,new01,1175,3000361,,9.14,0.0,tip01,34.71,80Expo,11.0
2026-08-03,2026-08-16,new01,1175,3000361,,52.989999999999995,0.37,tip01,202.67,86Sandwich,11.0
2026-08-03,2026-08-16,new01,1175,3000365,,65.2,0.0,tip01,247.62,70Server,11.33
2026-08-03,2026-08-16,new01,1175,3000368,,17.79,0.0,tip01,67.57,74DRAttend,12.5
2026-08-03,2026-08-16,new01,1175,3000368,,46.57999999999999,0.0,tip01,176.89,82Prep,12.5
2026-08-03,2026-08-16,new01,1175,3000371,,56.93,0.0,tip01,216.22,81Dish,11.0
2026-08-03,2026-08-16,new01,1175,3000375,,23.72,0.0,tip01,90.09,82Prep,11.0
2026-08-03,2026-08-16,new01,1175,3000376,,59.95,0.0,tip01,227.69,70Server,11.0
2026-08-03,2026-08-16,new01,1175,3000379,,32.68,0.0,tip01,124.11,70Server,11.0
2026-08-03,2026-08-16,new01,1175,3000380,,59.34,0.0,tip01,225.36,74DRAttend,11.0
2026-08-03,2026-08-16,new01,1175,3000381,,43.39,0.0,tip01,164.79,83Salad,11.0
2026-08-03,2026-08-16,new01,1175,3000385,,39.15999999999999,0.0,tip01,148.73,81Dish,11.0
2026-08-03,2026-08-16,new01,1175,3000387,,7.02,0.0,tip01,26.66,70Server,11.0
2026-08-03,2026-08-16,new01,1175,3000388,,15.629999999999999,0.0,tip01,59.36,40Training,11.0
2026-08-03,2026-08-16,new01,1175,3000388,,23.840000000000003,0.0,tip01,90.55,70Server,11.0
2026-08-03,2026-08-16,new01,1175,3000389,,34.47,0.0,tip01,130.91,86Sandwich,11.0
2026-08-03,2026-08-16,new01,1175,3000391,,14.03,0.0,tip01,53.29,70Server,11.0
2026-08-03,2026-08-16,new01,1176,9099399,,74.12,0.0,tip01,429.06,5ShiftLead,16.5
2026-08-03,2026-08-16,new01,1176,9099399,,4.27,0.0,tip01,24.72,81Dish,16.5
2026-08-03,2026-08-16,new01,1176,9100338,,38.07,0.0,tip01,220.36,5ShiftLead,16.0
2026-08-03,2026-08-16,new01,1176,9100524,,42.2,0.0,tip01,244.27,83Salad,14.0
2026-08-03,2026-08-16,new01,1176,9102785,,21.2,0.0,tip01,122.71,72CaterTL,15.0
2026-08-03,2026-08-16,new01,1176,9102983,,30.93,0.0,tip01,179.05,81Dish,14.0
2026-08-03,2026-08-16,new01,1176,9102983,,35.07,0.0,tip01,202.99,86Sandwich,14.0
2026-08-03,2026-08-16,new01,1176,9103078,,3.1,0.0,tip01,17.94,81Dish,13.0
2026-08-03,2026-08-16,new01,1176,9103078,,7.49,0.0,tip01,43.36,83Salad,13.0
2026-08-03,2026-08-16,new01,1176,9103238,,3.98,0.0,tip01,23.04,70Server,13.5
2026-08-03,2026-08-16,new01,1176,9103238,,3.96,0.0,tip01,22.92,83Salad,13.5
2026-08-03,2026-08-16,new01,1176,9103238,,45.3,0.0,tip01,262.23,86Sandwich,13.5
2026-08-03,2026-08-16,new01,1176,9103321,,9.33,0.0,tip01,54.01,70Server,12.5
2026-08-03,2026-08-16,new01,1176,9103552,,4.9,0.0,tip01,28.37,70Server,13.5
2026-08-03,2026-08-16,new01,1176,9103552,,11.870000000000001,0.0,tip01,68.70,83Salad,13.5
2026-08-03,2026-08-16,new01,1176,9103552,,16.55,0.0,tip01,95.79,86Sandwich,13.5
2026-08-03,2026-08-16,new01,1176,9103640,,16.73,0.0,tip01,96.84,70Server,13.5
2026-08-03,2026-08-16,new01,1176,9103640,,30.839999999999996,0.0,tip01,178.52,83Salad,13.5
2026-08-03,2026-08-16,new01,1176,9103671,,22.03,0.0,tip01,127.53,81Dish,14.0
2026-08-03,2026-08-16,new01,1176,9103689,,12.3,0.0,tip01,71.20,83Salad,13.0
2026-08-03,2026-08-16,new01,1176,9104041,,7.02,0.0,tip01,40.63,70Server,12.5
2026-08-03,2026-08-16,new01,1176,9104094,,17.3,0.0,tip01,100.13,81Dish,12.5
2026-08-03,2026-08-16,new01,1176,9104103,,17.009999999999998,0.0,tip01,98.46,70Server,12.5
2026-08-03,2026-08-16,new01,1178,1100003,,63.86,0.0,tip01,191.58,84Pizza,10.0
2026-08-03,2026-08-16,new01,1178,1100005,,26.45,0.0,tip01,79.35,70Server,9.5
2026-08-03,2026-08-16,new01,1178,1100006,,77.86,0.0,tip01,233.58,84Pizza,9.5
2026-08-03,2026-08-16,new01,1178,1100007,,79.88999999999999,1.6,tip01,244.45,5ShiftLead,0.0
2026-08-03,2026-08-16,new01,1178,1100010,,35.620000000000005,0.0,tip01,106.86,70Server,9.5
2026-08-03,2026-08-16,new01,1178,1100012,,57.949999999999996,0.0,tip01,173.85,82Prep,11.0
2026-08-03,2026-08-16,new01,1178,1100018,,74.65,0.0,tip01,223.95,70Server,10.25
2026-08-03,2026-08-16,new01,1178,1100019,,40.00000000000001,0.0,tip01,120.00,70Server,9.5
2026-08-03,2026-08-16,new01,1178,1100020,,53.339999999999996,0.0,tip01,160.02,70Server,9.5
2026-08-03,2026-08-16,new01,1178,1100021,,49.470000000000006,0.0,tip01,148.41,83Salad,9.75
2026-08-03,2026-08-16,new01,1178,1100022,,59.519999999999996,0.0,tip01,178.56,84Pizza,10.5
2026-08-03,2026-08-16,new01,1178,1100023,,50.67,0.0,tip01,152.01,70Server,9.75
2026-08-03,2026-08-16,new01,1178,1100026,,5.64,0.0,tip01,16.92,84Pizza,9.5
2026-08-03,2026-08-16,new01,1178,1100029,,74.07000000000001,0.0,tip01,222.21,70Server,9.5
2026-08-03,2026-08-16,new01,1178,1100040,,52.08,0.0,tip01,156.24,83Salad,9.5
2026-08-03,2026-08-16,new01,1178,1100043,,25.94,0.0,tip01,77.82,70Server,9.5
2026-08-03,2026-08-16,new01,1178,1100044,,55.04,0.0,tip01,165.12,70Server,9.5
2026-08-03,2026-08-16,new01,1178,1100046,,2.76,0.0,tip01,8.28,70Server,9.5
2026-08-03,2026-08-16,new01,1178,1100049,,37.699999999999996,0.0,tip01,113.10,70Server,9.5
2026-08-03,2026-08-16,new01,1178,1100050,,46.12,0.0,tip01,138.36,70Server,9.5
2026-08-03,2026-08-16,new01,1178,1100051,,41.36000000000001,0.0,tip01,124.08,81Dish,9.5
2026-08-03,2026-08-16,new01,1178,1100052,,9.93,0.0,tip01,29.79,40Training,9.5
2026-08-03,2026-08-16,new01,1178,1100052,,19.13,0.0,tip01,57.39,70Server,9.5
2026-08-03,2026-08-16,new01,1178,1100054,,15.04,0.0,tip01,45.12,41Training,9.5
2026-08-03,2026-08-16,new01,1178,2068,,13.34,0.0,tip01,40.02,70Server,9.5
2026-08-03,2026-08-16,new01,1179,1179123,,80.0,14.42,tip01,110.76,5ShiftLead,16.0
2026-08-03,2026-08-16,new01,1179,1179125,,74.80999999999999,0.0,tip01,87.76,86Sandwich,15.0
2026-08-03,2026-08-16,new01,1179,1179131,,16.139999999999997,0.0,tip01,18.93,74DRAttend,8.25
2026-08-03,2026-08-16,new01,1179,1179148,,64.67,0.0,tip01,75.88,83Salad,12.0
2026-08-03,2026-08-16,new01,1179,1179149,,56.56999999999999,0.0,tip01,66.37,5ShiftLead,15.0
2026-08-03,2026-08-16,new01,1179,1179168,,70.25,0.0,tip01,82.40,82Prep,14.5
2026-08-03,2026-08-16,new01,1179,1179184,,39.290000000000006,0.0,tip01,46.10,5ShiftLead,14.5
2026-08-03,2026-08-16,new01,1179,1179213,,61.68,0.0,tip01,72.36,5ShiftLead,14.5
2026-08-03,2026-08-16,new01,1179,1179227,,79.99999999999999,2.69,tip01,97.01,5ShiftLead,14.5
2026-08-03,2026-08-16,new01,1179,1179272,,73.14999999999999,0.0,tip01,85.82,81Dish,12.5
2026-08-03,2026-08-16,new01,1179,1179274,,43.32,0.0,tip01,50.82,70Server,13.0
2026-08-03,2026-08-16,new01,1179,1179295,,71.2,0.0,tip01,83.53,82Prep,13.0
2026-08-03,2026-08-16,new01,1179,1179300,,69.66,3.07,tip01,85.33,5ShiftLead,13.0
2026-08-03,2026-08-16,new01,1179,1179300,,0.59,0.0,tip01,0.69,70Server,13.0
2026-08-03,2026-08-16,new01,1179,1179308,,55.720000000000006,0.0,tip01,65.37,5ShiftLead,13.0
2026-08-03,2026-08-16,new01,1179,1179308,,0.0,0.0,tip01,0.00,70Server,13.0
2026-08-03,2026-08-16,new01,1179,1179309,,14.07,0.0,tip01,16.49,74DRAttend,9.0
2026-08-03,2026-08-16,new01,1179,1179310,,45.519999999999996,0.0,tip01,53.38,70Server,12.0
2026-08-03,2026-08-16,new01,1179,1179312,,62.32,0.0,tip01,73.10,70Server,12.0
2026-08-03,2026-08-16,new01,1179,1179314,,59.14,0.0,tip01,69.37,81Dish,10.5
2026-08-03,2026-08-16,new01,1179,1179315,,63.38,2.25,tip01,76.99,70Server,13.0
2026-08-03,2026-08-16,new01,1179,1179316,,76.77,0.0,tip01,90.05,86Sandwich,12.0
2026-08-03,2026-08-16,new01,1179,1179320,,43.47,0.0,tip01,50.99,86Sandwich,11.0
2026-08-03,2026-08-16,new01,1179,1179321,,16.259999999999998,0.0,tip01,19.09,83Salad,10.0
2026-08-03,2026-08-16,new01,1179,1179323,,32.589999999999996,0.0,tip01,38.24,84Pizza,10.0
2026-08-03,2026-08-16,new01,1179,1179325,,32.65,0.0,tip01,38.29,70Server,10.0
2026-08-03,2026-08-16,new01,1179,1179326,,8.98,0.0,tip01,10.54,81Dish,10.0
2026-08-03,2026-08-16,new01,1179,1179327,,14.899999999999999,0.0,tip01,17.48,81Dish,10.0
2026-08-03,2026-08-16,new01,1180,7910,,67.57000000000001,0.0,tip01,260.29,70Server,12.0
2026-08-03,2026-08-16,new01,1180,8080,,34.36,0.0,tip01,132.35,86Sandwich,12.0
2026-08-03,2026-08-16,new01,1180,ACARRILLO98,,62.48,0.0,tip01,240.65,81Dish,12.0
2026-08-03,2026-08-16,new01,1180,BJIMINEZ1,,36.81999999999999,0.0,tip01,141.81,81Dish,12.0
2026-08-03,2026-08-16,new01,1180,BJIMINEZ1,,19.04,0.0,tip01,73.34,84Pizza,12.0
2026-08-03,2026-08-16,new01,1180,CHILL363,,23.900000000000002,0.0,tip01,92.06,70Server,11.0
2026-08-03,2026-08-16,new01,1180,JANTU,,38.74,0.0,tip01,149.23,82Prep,12.0
2026-08-03,2026-08-16,new01,1180,JANTU,,19.96,0.0,tip01,76.88,83Salad,12.0
2026-08-03,2026-08-16,new01,1180,JANTU,,9.81,0.0,tip01,37.79,84Pizza,12.0
2026-08-03,2026-08-16,new01,1180,KBISHOP66,,5.55,0.0,tip01,21.38,70Server,12.0
2026-08-03,2026-08-16,new01,1180,KWEST126,,70.81,0.0,tip01,272.74,70Server,12.0
2026-08-03,2026-08-16,new01,1180,LRADER3,,80.0,5.49,tip01,329.29,5ShiftLead,0.0
2026-08-03,2026-08-16,new01,1180,LTEAGUE23,,74.88,0.0,tip01,288.42,82Prep,12.5
2026-08-03,2026-08-16,new01,1180,LTURNER197,,11.89,0.0,tip01,45.79,5ShiftLead,0.0
2026-08-03,2026-08-16,new01,1180,RKUHNS3,,41.330000000000005,0.0,tip01,159.19,86Sandwich,12.5
2026-08-03,2026-08-16,new01,1180,SJOHNSON2122,,80.0,11.19,tip01,351.25,5ShiftLead,0.0
2026-08-03,2026-08-16,new01,1180,SRIGGS14,,78.6,0.0,tip01,302.75,70Server,12.0
2026-08-03,2026-08-16,new01,1180,STEAGUE21,,74.85000000000001,0.0,tip01,288.29,83Salad,12.0
2026-08-03,2026-08-16,new01,1180,YMITCHELL13,,71.04,0.0,tip01,273.65,84Pizza,12.0
2026-08-03,2026-08-16,new01,1182,1182,,4.59,0.0,tip01,18.44,80Expo,9.0
2026-08-03,2026-08-16,new01,1182,1252,,58.79999999999999,0.0,tip01,236.22,5ShiftLead,12.0
2026-08-03,2026-08-16,new01,1182,1554,,9.81,0.0,tip01,39.41,5ShiftLead,15.0
2026-08-03,2026-08-16,new01,1182,1638,,29.099999999999998,0.0,tip01,116.90,84Pizza,9.0
2026-08-03,2026-08-16,new01,1182,1749,,35.76,0.0,tip01,143.66,70Server,10.5
2026-08-03,2026-08-16,new01,1182,1785,,20.299999999999997,0.0,tip01,81.55,81Dish,10.0
2026-08-03,2026-08-16,new01,1182,1974,,22.139999999999997,0.0,tip01,88.95,70Server,8.5
2026-08-03,2026-08-16,new01,1182,2339,,22.809999999999995,0.0,tip01,91.64,86Sandwich,9.5
2026-08-03,2026-08-16,new01,1182,2958,,35.25,0.0,tip01,141.62,86Sandwich,11.0
2026-08-03,2026-08-16,new01,1182,2963,,75.96,0.0,tip01,305.14,86Sandwich,11.89
2026-08-03,2026-08-16,new01,1182,3058,,31.85,0.0,tip01,127.95,70Server,9.5
2026-08-03,2026-08-16,new01,1182,3196,,13.309999999999999,0.0,tip01,53.47,70Server,10.5
2026-08-03,2026-08-16,new01,1182,3203,,3.32,0.0,tip01,13.34,5ShiftLead,12.0
2026-08-03,2026-08-16,new01,1182,3268,,78.93,0.0,tip01,317.08,82Prep,16.44
2026-08-03,2026-08-16,new01,1182,3368,,34.14,0.0,tip01,137.14,86Sandwich,9.0
2026-08-03,2026-08-16,new01,1182,3731,,76.15000000000002,0.0,tip01,305.93,5ShiftLead,12.0
2026-08-03,2026-08-16,new01,1182,4031,,29.3,0.0,tip01,117.71,81Dish,9.5
2026-08-03,2026-08-16,new01,1182,4080,,27.73,0.0,tip01,111.39,70Server,9.5
2026-08-03,2026-08-16,new01,1182,4158,,40.49,0.0,tip01,162.65,70Server,9.0
2026-08-03,2026-08-16,new01,1182,4275,,80.0,12.01,tip01,369.62,5ShiftLead,14.0
2026-08-03,2026-08-16,new01,1182,4418,,58.92,0.0,tip01,236.71,5ShiftLead,14.3
2026-08-03,2026-08-16,new01,1182,4843,,40.08,0.0,tip01,161.02,84Pizza,10.0
2026-08-03,2026-08-16,new01,1182,5106,,25.53,0.0,tip01,102.57,81Dish,10.5
2026-08-03,2026-08-16,new01,1182,6385,,17.509999999999998,0.0,tip01,70.34,70Server,10.0
2026-08-03,2026-08-16,new01,1182,6430,,25.540000000000003,0.0,tip01,102.60,5ShiftLead,12.5
2026-08-03,2026-08-16,new01,1182,6557,,59.59,0.0,tip01,239.39,70Server,11.89
2026-08-03,2026-08-16,new01,1182,6667,,13.11,0.0,tip01,52.67,81Dish,8.0
2026-08-03,2026-08-16,new01,1182,7033,,30.860000000000003,0.0,tip01,123.97,84Pizza,10.5
2026-08-03,2026-08-16,new01,1182,7368,,42.88,0.0,tip01,172.26,86Sandwich,10.0
2026-08-03,2026-08-16,new01,1182,7689,,45.620000000000005,0.0,tip01,183.27,70Server,10.0
2026-08-03,2026-08-16,new01,1182,7703,,41.21,0.0,tip01,165.56,81Dish,10.0
2026-08-03,2026-08-16,new01,1182,8805,,4.52,0.0,tip01,18.16,80Expo,10.0
2026-08-03,2026-08-16,new01,1182,9177,,25.169999999999998,0.0,tip01,101.12,82Prep,8.0
2026-08-03,2026-08-16,new01,1183,AJBARBOUR,NEW01,73.64,5.24,tip01,165.28,5ShiftLead,0.0
2026-08-03,2026-08-16,new01,1183,ASAPP20,NEW01,23.810000000000002,0.0,tip01,49.90,70Server,9.0
2026-08-03,2026-08-16,new01,1183,BGREEN214,NEW01,19.509999999999998,0.0,tip01,40.88,81Dish,10.5
2026-08-03,2026-08-16,new01,1183,CBEAN24,NEW01,31.6,0.0,tip01,66.20,81Dish,10.0
2026-08-03,2026-08-16,new01,1183,CLEWIS442,NEW01,51.36000000000001,0.0,tip01,107.61,81Dish,10.0
2026-08-03,2026-08-16,new01,1183,EGTHOMAS2,NEW01,69.4,0.0,tip01,145.41,70Server,11.0
2026-08-03,2026-08-16,new01,1183,HLANGINGHAM1,NEW01,30.28,0.0,tip01,63.45,70Server,10.5
2026-08-03,2026-08-16,new01,1183,JCURVIN,NEW01,44.669999999999995,0.0,tip01,93.60,72CaterTL,16.0
2026-08-03,2026-08-16,new01,1183,JMCGILL29,NEW01,61.58,0.0,tip01,129.04,84Pizza,11.0
2026-08-03,2026-08-16,new01,1183,JSKINNER50,NEW01,56.67,0.0,tip01,118.74,86Sandwich,10.0
2026-08-03,2026-08-16,new01,1183,MNICHOLSON38,NEW01,61.709999999999994,0.0,tip01,129.29,86Sandwich,10.0
2026-08-03,2026-08-16,new01,1183,NSNAPP,NEW01,37.379999999999995,0.0,tip01,78.31,70Server,10.0
2026-08-03,2026-08-16,new01,1183,PAMINOR,NEW01,79.69,0.01,tip01,166.99,5ShiftLead,0.0
2026-08-03,2026-08-16,new01,1183,RAYERS9,NEW01,49.769999999999996,0.0,tip01,104.29,70Server,10.0
2026-08-03,2026-08-16,new01,1183,SMTOWNSEL,NEW01,79.96,0.05,tip01,167.65,83Salad,16.5
2026-08-03,2026-08-16,new01,1183,TWARNER43,NEW01,78.16000000000001,1.9,tip01,167.76,5ShiftLead,0.0
2026-08-03,2026-08-16,new01,1183,TWILSON605,NEW01,9.43,0.0,tip01,19.76,81Dish,9.0
2026-08-03,2026-08-16,new01,1183,WSDYSON,NEW01,42.64,0.0,tip01,89.34,70Server,10.0
2026-08-03,2026-08-16,new01,1184,1200002,,39.059999999999995,0.0,tip01,114.71,70Server,12.5
2026-08-03,2026-08-16,new01,1184,1200005,,72.79,0.0,tip01,213.79,82Prep,13.0
2026-08-03,2026-08-16,new01,1184,1200007,,3.12,0.0,tip01,9.16,70Server,12.0
2026-08-03,2026-08-16,new01,1184,1200007,,47.269999999999996,0.0,tip01,138.84,80Expo,12.0
2026-08-03,2026-08-16,new01,1184,1200007,,25.39,0.0,tip01,74.56,86Sandwich,12.0
2026-08-03,2026-08-16,new01,1184,1200008,,22.7,0.0,tip01,66.67,70Server,11.5
2026-08-03,2026-08-16,new01,1184,1200008,,46.54,0.0,tip01,136.68,74DRAttend,11.5
2026-08-03,2026-08-16,new01,1184,1200011,,18.23,0.0,tip01,53.55,70Server,11.5
2026-08-03,2026-08-16,new01,1184,1200011,,20.240000000000002,0.0,tip01,59.44,80Expo,11.5
2026-08-03,2026-08-16,new01,1184,1200017,,45.57,0.0,tip01,133.85,70Server,11.5
2026-08-03,2026-08-16,new01,1184,1200017,,10.280000000000001,0.0,tip01,30.19,80Expo,11.5
2026-08-03,2026-08-16,new01,1184,1200020,,3.04,0.0,tip01,8.93,74DRAttend,11.5
2026-08-03,2026-08-16,new01,1184,1200020,,29.79,0.0,tip01,87.49,83Salad,11.5
2026-08-03,2026-08-16,new01,1184,1200020,,29.23,0.0,tip01,85.84,84Pizza,11.5
2026-08-03,2026-08-16,new01,1184,1200021,,12.8,0.0,tip01,37.59,70Server,11.5
2026-08-03,2026-08-16,new01,1184,1200021,,3.69,0.0,tip01,10.84,84Pizza,11.5
2026-08-03,2026-08-16,new01,1184,1200021,,3.37,0.0,tip01,9.90,86Sandwich,11.5
2026-08-03,2026-08-16,new01,1184,1200023,,3.78,0.0,tip01,11.10,81Dish,12.0
2026-08-03,2026-08-16,new01,1184,1200023,,22.75,0.0,tip01,66.81,86Sandwich,12.0
2026-08-03,2026-08-16,new01,1184,1200030,,13.66,0.0,tip01,40.12,83Salad,11.0
2026-08-03,2026-08-16,new01,1184,1200031,,48.230000000000004,0.0,tip01,141.62,70Server,11.0
2026-08-03,2026-08-16,new01,1184,1200033,,77.4,1.48,tip01,231.67,81Dish,11.5
2026-08-03,2026-08-16,new01,1184,1200034,,46.08,0.0,tip01,135.34,83Salad,11.5
2026-08-03,2026-08-16,new01,1184,1200035,,21.27,0.0,tip01,62.48,81Dish,11.5
2026-08-03,2026-08-16,new01,1184,1200036,,13.79,0.0,tip01,40.50,86Sandwich,11.0
2026-08-03,2026-08-16,new01,1184,5000181,,19.73,0.0,tip01,57.94,72CaterTL,12.25
2026-08-03,2026-08-16,new01,1184,5000181,,32.67,0.0,tip01,95.94,82Prep,12.25
2026-08-03,2026-08-16,new01,1184,8000012,,61.58,0.0,tip01,180.86,86Sandwich,11.0
2026-08-03,2026-08-16,new01,1184,9524,,2.69,0.0,tip01,7.90,81Dish,11.0
2026-08-03,2026-08-16,new01,1190,,,204.24,0.0,tip01,1123.03,107Utility,14.5
2026-08-03,2026-08-16,new01,1190,,,52.81999999999999,0.0,tip01,290.44,107Utility,15.5
2026-08-03,2026-08-16,new01,1190,,,15.440000000000001,0.0,tip01,84.89,5ShiftLead,20.0
2026-08-03,2026-08-16,new01,1190,,,70.45,0.0,tip01,387.39,5ShiftLead,21.0
2026-08-03,2026-08-16,new01,1190,,,67.03,0.0,tip01,368.59,81Dish,14.5
2026-08-03,2026-08-16,new01,1190,000093,,75.27,0.0,tip01,413.89,5ShiftLead,22.0
2026-08-03,2026-08-16,new01,1190,9580,,31.51,0.0,tip01,173.26,81Dish,14.5
2026-08-03,2026-08-16,new01,1194,1045,,70.84,0.0,tip01,158.59,7CerTrainr,11.5
2026-08-03,2026-08-16,new01,1194,1052,,43.870000000000005,0.0,tip01,98.22,74DRAttend,9.5
2026-08-03,2026-08-16,new01,1194,1057,,5.5,0.0,tip01,12.31,84Pizza,9.5
2026-08-03,2026-08-16,new01,1194,1057,,22.89,0.0,tip01,51.25,86Sandwich,9.5
2026-08-03,2026-08-16,new01,1194,1059,,5.84,0.0,tip01,13.07,74DRAttend,10.0
2026-08-03,2026-08-16,new01,1194,1059,,60.620000000000005,0.0,tip01,135.72,74DRAttend,11.0
2026-08-03,2026-08-16,new01,1194,1066,,70.63999999999999,3.32,tip01,165.57,7CerTrainr,11.5
2026-08-03,2026-08-16,new01,1194,1067,,75.13999999999999,3.26,tip01,175.52,70Server,9.5
2026-08-03,2026-08-16,new01,1194,1160,,47.46000000000001,0.0,tip01,106.25,5ShiftLead,14.0
2026-08-03,2026-08-16,new01,1194,1164,,74.64000000000001,0.0,tip01,167.12,70Server,11.5
2026-08-03,2026-08-16,new01,1194,1170,,20.44,0.0,tip01,45.76,70Server,9.0
2026-08-03,2026-08-16,new01,1194,2150,,80.0,10.459999999999999,tip01,202.53,7CerTrainr,12.0
2026-08-03,2026-08-16,new01,1194,3697,,45.440000000000005,0.0,tip01,101.72,83Salad,9.5
2026-08-03,2026-08-16,new01,1194,3847,,17.470000000000002,0.0,tip01,39.11,41Training,9.0
2026-08-03,2026-08-16,new01,1194,4569,,23.540000000000003,0.0,tip01,52.70,40Training,9.0
2026-08-03,2026-08-16,new01,1194,4569,,14.55,0.0,tip01,32.58,70Server,9.0
2026-08-03,2026-08-16,new01,1194,5880,,38.88,0.0,tip01,87.03,70Server,9.0
2026-08-03,2026-08-16,new01,1194,5880,,36.129999999999995,0.0,tip01,80.89,84Pizza,9.0
2026-08-03,2026-08-16,new01,1194,5957,,51.92999999999999,0.0,tip01,116.25,82Prep,11.5
2026-08-03,2026-08-16,new01,1194,6151,,52.26,0.0,tip01,117.01,40Training,9.0
2026-08-03,2026-08-16,new01,1194,6536,,26.14,0.0,tip01,58.52,40Training,9.0
2026-08-03,2026-08-16,new01,1194,6831,,45.949999999999996,0.0,tip01,102.87,41Training,10.0
2026-08-03,2026-08-16,new01,1194,6831,,31.65,0.0,tip01,70.87,84Pizza,10.0
2026-08-03,2026-08-16,new01,1194,7967,,15.95,0.0,tip01,35.70,74DRAttend,9.0
2026-08-03,2026-08-16,new01,1194,7967,,17.049999999999997,0.0,tip01,38.17,81Dish,9.0
2026-08-03,2026-08-16,new01,1194,8226,,53.19,0.0,tip01,119.08,81Dish,9.0
2026-08-03,2026-08-16,new01,1194,8905,,80.0,10.06,tip01,201.61,7CerTrainr,12.0
2026-08-03,2026-08-16,new01,1194,9016,,29.09,0.0,tip01,65.14,40Training,9.0
2026-08-03,2026-08-16,new01,1194,9016,,17.630000000000003,0.0,tip01,39.48,83Salad,9.0
2026-08-03,2026-08-16,new01,1194,9174,,63.63999999999999,0.0,tip01,142.48,82Prep,9.0
2026-08-03,2026-08-16,new01,1194,9956,,17.7,0.0,tip01,39.62,84Pizza,9.0
2026-08-03,2026-08-16,new01,1194,9958,,21.919999999999998,0.0,tip01,49.07,40Training,9.0
2026-08-03,2026-08-16,new01,1194,9958,,17.28,0.0,tip01,38.68,70Server,9.0
2026-08-03,2026-08-16,new01,1194,9961,,29.0,0.0,tip01,64.92,41Training,9.0
2026-08-03,2026-08-16,new01,1194,9965,,13.82,0.0,tip01,30.94,40Training,9.0
2026-08-03,2026-08-16,new01,1194,9966,,14.83,0.0,tip01,33.20,41Training,9.0
2026-08-03,2026-08-16,new01,1197,9102992,Pascagoula,36.410000000000004,0.0,tip01,81.86,5ShiftLead,15.0
2026-08-03,2026-08-16,new01,1197,9103004,Pascagoula,15.97,0.0,tip01,35.91,5ShiftLead,16.0
2026-08-03,2026-08-16,new01,1197,9103023,Pascagoula,29.529999999999998,0.0,tip01,66.39,5ShiftLead,0.0
2026-08-03,2026-08-16,new01,1197,9103023,Pascagoula,33.34,0.0,tip01,74.97,84Pizza,13.0
2026-08-03,2026-08-16,new01,1197,9103023,Pascagoula,7.76,0.0,tip01,17.45,84Pizza,15.0
2026-08-03,2026-08-16,new01,1197,9103026,Pascagoula,68.36999999999999,0.0,tip01,153.74,5ShiftLead,13.0
2026-08-03,2026-08-16,new01,1197,9103041,Pascagoula,43.61000000000001,0.0,tip01,98.05,70Server,10.0
2026-08-03,2026-08-16,new01,1197,9103043,Pascagoula,42.19,0.0,tip01,94.88,70Server,10.0
2026-08-03,2026-08-16,new01,1197,9103044,Pascagoula,30.420000000000005,0.0,tip01,68.41,70Server,11.0
2026-08-03,2026-08-16,new01,1197,9103046,Pascagoula,45.53,0.0,tip01,102.37,83Salad,10.0
2026-08-03,2026-08-16,new01,1197,9103083,Pascagoula,37.269999999999996,0.0,tip01,83.81,70Server,10.0
2026-08-03,2026-08-16,new01,1197,9103108,Pascagoula,8.51,0.0,tip01,19.14,70Server,12.0
2026-08-03,2026-08-16,new01,1197,9103118,Pascagoula,48.019999999999996,0.0,tip01,107.97,83Salad,10.0
2026-08-03,2026-08-16,new01,1197,9103225,Pascagoula,15.990000000000002,0.0,tip01,35.95,70Server,12.0
2026-08-03,2026-08-16,new01,1197,9103570,Pascagoula,53.900000000000006,0.0,tip01,121.19,82Prep,12.0
2026-08-03,2026-08-16,new01,1197,9103746,Pascagoula,68.83000000000001,0.0,tip01,154.76,5ShiftLead,13.0
2026-08-03,2026-08-16,new01,1197,9103911,Pascagoula,4.16,0.0,tip01,9.35,84Pizza,11.0
2026-08-03,2026-08-16,new01,1197,9103945,Pascagoula,46.86,0.0,tip01,105.37,84Pizza,11.0
2026-08-03,2026-08-16,new01,1197,9104037,Pascagoula,37.64,0.0,tip01,84.64,70Server,10.0
2026-08-03,2026-08-16,new01,1197,9104091,Pascagoula,44.57,0.0,tip01,100.23,81Dish,12.0
2026-08-03,2026-08-16,new01,1197,9104189,Pascagoula,25.3,0.0,tip01,56.88,81Dish,11.0
2026-08-03,2026-08-16,new01,5002,3913,Rockwall,8.38,0.0,tip01,0.00,5ShiftLead,0.0
